[03Jun2025 00:31:10.864] [main/INFO] [cpw.mods.modlauncher.Launcher/MODLAUNCHER]: ModLauncher running: args [--launchTarget, forgeserver, --fml.forgeVersion, 47.4.0, --fml.mcVersion, 1.20.1, --fml.forgeGroup, net.minecraftforge, --fml.mcpVersion, 20230612.114412, nogui]
[03Jun2025 00:31:10.867] [main/INFO] [cpw.mods.modlauncher.Launcher/MODLAUNCHER]: ModLauncher 10.0.9+10.0.9+main.dcd20f30 starting: java version 17.0.15 by Ubuntu; OS Linux arch amd64 version 6.8.0-1027-azure
[03Jun2025 00:31:11.658] [main/INFO] [net.minecraftforge.fml.loading.ImmediateWindowHandler/]: ImmediateWindowProvider not loading because launch target is forgeserver
[03Jun2025 00:31:11.703] [main/INFO] [mixin/]: SpongePowered MIXIN Subsystem Version=0.8.5 Source=union:/workspaces/karo/servidor_minecraft/libraries/org/spongepowered/mixin/0.8.5/mixin-0.8.5.jar%2365!/ Service=ModLauncher Env=SERVER
[03Jun2025 00:31:12.142] [main/WARN] [net.minecraftforge.fml.loading.moddiscovery.ModFileParser/LOADING]: Mod file /workspaces/karo/servidor_minecraft/libraries/net/minecraftforge/fmlcore/1.20.1-47.4.0/fmlcore-1.20.1-47.4.0.jar is missing mods.toml file
[03Jun2025 00:31:12.143] [main/WARN] [net.minecraftforge.fml.loading.moddiscovery.ModFileParser/LOADING]: Mod file /workspaces/karo/servidor_minecraft/libraries/net/minecraftforge/javafmllanguage/1.20.1-47.4.0/javafmllanguage-1.20.1-47.4.0.jar is missing mods.toml file
[03Jun2025 00:31:12.144] [main/WARN] [net.minecraftforge.fml.loading.moddiscovery.ModFileParser/LOADING]: Mod file /workspaces/karo/servidor_minecraft/libraries/net/minecraftforge/lowcodelanguage/1.20.1-47.4.0/lowcodelanguage-1.20.1-47.4.0.jar is missing mods.toml file
[03Jun2025 00:31:12.145] [main/WARN] [net.minecraftforge.fml.loading.moddiscovery.ModFileParser/LOADING]: Mod file /workspaces/karo/servidor_minecraft/libraries/net/minecraftforge/mclanguage/1.20.1-47.4.0/mclanguage-1.20.1-47.4.0.jar is missing mods.toml file
[03Jun2025 00:31:12.507] [main/WARN] [net.minecraftforge.jarjar.selection.JarSelector/]: Attempted to select two dependency jars from JarJar which have the same identification: Mod File:  and Mod File: . Using Mod File: 
[03Jun2025 00:31:12.509] [main/INFO] [net.minecraftforge.fml.loading.moddiscovery.JarInJarDependencyLocator/]: Found 17 dependencies adding them to mods collection
[03Jun2025 00:31:15.985] [main/INFO] [mixin/]: Compatibility level set to JAVA_17
[03Jun2025 00:31:16.333] [main/INFO] [mixin/]: Successfully loaded Mixin Connector [de.maxhenkel.camera.MixinConnector]
[03Jun2025 00:31:16.335] [main/INFO] [cpw.mods.modlauncher.LaunchServiceHandler/MODLAUNCHER]: Launching target 'forgeserver' with arguments [nogui]
[03Jun2025 00:31:16.469] [main/WARN] [mixin/]: Reference map 'tempad-forge-1.20.1-forge-refmap.json' for tempad.mixins.json could not be read. If this is a development environment you can ignore this message
[03Jun2025 00:31:16.485] [main/WARN] [mixin/]: Reference map 'integrated_cataclysm.refmap.json' for integrated_cataclysm.mixins.json could not be read. If this is a development environment you can ignore this message
[03Jun2025 00:31:16.525] [main/WARN] [mixin/]: Reference map 'trashslot.refmap.json' for trashslot.mixins.json could not be read. If this is a development environment you can ignore this message
[03Jun2025 00:31:16.553] [main/WARN] [mixin/]: Reference map 'mixins.alexscaves_torpedoes.refmap.json' for mixins.alexscaves_torpedoes.json could not be read. If this is a development environment you can ignore this message
[03Jun2025 00:31:16.598] [main/WARN] [mixin/]: Reference map 'guardribbits.refmap.json' for guardribbits.mixins.json could not be read. If this is a development environment you can ignore this message
[03Jun2025 00:31:16.600] [main/WARN] [mixin/]: Reference map 'guardribbits.refmap.json' for guardribbits_forge.mixins.json could not be read. If this is a development environment you can ignore this message
[03Jun2025 00:31:16.659] [main/WARN] [mixin/]: Reference map 'coroutil.refmap.json' for coroutil.mixins.json could not be read. If this is a development environment you can ignore this message
[03Jun2025 00:31:18.178] [main/WARN] [mixin/]: Error loading class: net/minecraft/client/renderer/entity/PhantomRenderer (java.lang.ClassNotFoundException: net.minecraft.client.renderer.entity.PhantomRenderer)
[03Jun2025 00:31:18.178] [main/WARN] [mixin/]: @Mixin target net.minecraft.client.renderer.entity.PhantomRenderer was not found mixins.deeperdarker.json:PhantomRendererMixin
[03Jun2025 00:31:19.197] [main/WARN] [mixin/]: Error loading class: vectorwing/farmersdelight/common/block/TomatoVineBlock (java.lang.ClassNotFoundException: vectorwing.farmersdelight.common.block.TomatoVineBlock)
[03Jun2025 00:31:19.524] [main/INFO] [MixinExtras|Service/]: Initializing MixinExtras via com.llamalad7.mixinextras.service.MixinExtrasServiceImpl(version=0.4.1).
[03Jun2025 00:31:25.281] [main/WARN] [mixin/]: @Final field f_26027_:Lnet/minecraft/world/entity/ai/targeting/TargetingConditions; in guardvillagers.mixins.json:DefendVillageGoalGolemMixin should be final
[03Jun2025 00:31:25.979] [main/ERROR] [net.minecraftforge.coremod.transformer.CoreModBaseTransformer/COREMOD]: Error occurred applying transform of coremod coremods/field_to_method.js function biome
java.lang.IllegalStateException: Field f_47437_ is not private and an instance field
	at net.minecraftforge.coremod.api.ASMAPI.redirectFieldToMethod(ASMAPI.java:1069) ~[coremods-5.2.4.jar%2354!/:?]
	at org.openjdk.nashorn.internal.scripts.Script$Recompilation$55$292A$\^eval\_.initializeCoreMod#transformer(<eval>:11) ~[?:?]
	at org.openjdk.nashorn.internal.runtime.ScriptFunctionData.invoke(ScriptFunctionData.java:648) ~[nashorn-core-15.4.jar%2366!/:?]
	at org.openjdk.nashorn.internal.runtime.ScriptFunction.invoke(ScriptFunction.java:513) ~[nashorn-core-15.4.jar%2366!/:?]
	at org.openjdk.nashorn.internal.runtime.ScriptRuntime.apply(ScriptRuntime.java:520) ~[nashorn-core-15.4.jar%2366!/:?]
	at org.openjdk.nashorn.api.scripting.ScriptObjectMirror.call(ScriptObjectMirror.java:111) ~[nashorn-core-15.4.jar%2366!/:?]
	at net.minecraftforge.coremod.NashornFactory.lambda$getFunction$0(NashornFactory.java:37) ~[coremods-5.2.4.jar%2354!/:5.2.4]
	at net.minecraftforge.coremod.transformer.CoreModClassTransformer.runCoremod(CoreModClassTransformer.java:22) ~[coremods-5.2.4.jar%2354!/:?]
	at net.minecraftforge.coremod.transformer.CoreModClassTransformer.runCoremod(CoreModClassTransformer.java:14) ~[coremods-5.2.4.jar%2354!/:?]
	at net.minecraftforge.coremod.transformer.CoreModBaseTransformer.transform(CoreModBaseTransformer.java:60) ~[coremods-5.2.4.jar%2354!/:?]
	at cpw.mods.modlauncher.TransformerHolder.transform(TransformerHolder.java:41) ~[modlauncher-10.0.9.jar%2355!/:?]
	at cpw.mods.modlauncher.ClassTransformer.performVote(ClassTransformer.java:179) ~[modlauncher-10.0.9.jar%2355!/:?]
	at cpw.mods.modlauncher.ClassTransformer.transform(ClassTransformer.java:117) ~[modlauncher-10.0.9.jar%2355!/:?]
	at cpw.mods.modlauncher.TransformingClassLoader.maybeTransformClassBytes(TransformingClassLoader.java:50) ~[modlauncher-10.0.9.jar%2355!/:?]
	at cpw.mods.cl.ModuleClassLoader.getMaybeTransformedClassBytes(ModuleClassLoader.java:250) ~[securejarhandler-2.1.10.jar:?]
	at cpw.mods.modlauncher.TransformingClassLoader.buildTransformedClassNodeFor(TransformingClassLoader.java:58) ~[modlauncher-10.0.9.jar%2355!/:?]
	at cpw.mods.modlauncher.LaunchPluginHandler.lambda$announceLaunch$10(LaunchPluginHandler.java:100) ~[modlauncher-10.0.9.jar%2355!/:?]
	at org.spongepowered.asm.launch.MixinLaunchPluginLegacy.getClassNode(MixinLaunchPluginLegacy.java:222) ~[mixin-0.8.5.jar%2365!/:0.8.5+Jenkins-b310.git-155314e6e91465dad727e621a569906a410cd6f4]
	at org.spongepowered.asm.launch.MixinLaunchPluginLegacy.getClassNode(MixinLaunchPluginLegacy.java:207) ~[mixin-0.8.5.jar%2365!/:0.8.5+Jenkins-b310.git-155314e6e91465dad727e621a569906a410cd6f4]
	at org.spongepowered.asm.mixin.transformer.ClassInfo.forName(ClassInfo.java:2005) ~[mixin-0.8.5.jar%2365!/:0.8.5+Jenkins-b310.git-155314e6e91465dad727e621a569906a410cd6f4]
	at org.spongepowered.asm.mixin.transformer.ClassInfo.forType(ClassInfo.java:2059) ~[mixin-0.8.5.jar%2365!/:0.8.5+Jenkins-b310.git-155314e6e91465dad727e621a569906a410cd6f4]
	at org.spongepowered.asm.mixin.transformer.ClassInfo.forDescriptor(ClassInfo.java:2038) ~[mixin-0.8.5.jar%2365!/:0.8.5+Jenkins-b310.git-155314e6e91465dad727e621a569906a410cd6f4]
	at org.spongepowered.asm.mixin.transformer.MixinPreProcessorStandard.transformMethod(MixinPreProcessorStandard.java:752) ~[mixin-0.8.5.jar%2365!/:0.8.5+Jenkins-b310.git-155314e6e91465dad727e621a569906a410cd6f4]
	at org.spongepowered.asm.mixin.transformer.MixinPreProcessorStandard.transform(MixinPreProcessorStandard.java:739) ~[mixin-0.8.5.jar%2365!/:0.8.5+Jenkins-b310.git-155314e6e91465dad727e621a569906a410cd6f4]
	at org.spongepowered.asm.mixin.transformer.MixinPreProcessorStandard.attach(MixinPreProcessorStandard.java:310) ~[mixin-0.8.5.jar%2365!/:0.8.5+Jenkins-b310.git-155314e6e91465dad727e621a569906a410cd6f4]
	at org.spongepowered.asm.mixin.transformer.MixinPreProcessorStandard.createContextFor(MixinPreProcessorStandard.java:280) ~[mixin-0.8.5.jar%2365!/:0.8.5+Jenkins-b310.git-155314e6e91465dad727e621a569906a410cd6f4]
	at org.spongepowered.asm.mixin.transformer.MixinInfo.createContextFor(MixinInfo.java:1288) ~[mixin-0.8.5.jar%2365!/:0.8.5+Jenkins-b310.git-155314e6e91465dad727e621a569906a410cd6f4]
	at org.spongepowered.asm.mixin.transformer.MixinApplicatorStandard.apply(MixinApplicatorStandard.java:292) ~[mixin-0.8.5.jar%2365!/:0.8.5+Jenkins-b310.git-155314e6e91465dad727e621a569906a410cd6f4]
	at org.spongepowered.asm.mixin.transformer.TargetClassContext.apply(TargetClassContext.java:383) ~[mixin-0.8.5.jar%2365!/:0.8.5+Jenkins-b310.git-155314e6e91465dad727e621a569906a410cd6f4]
	at org.spongepowered.asm.mixin.transformer.TargetClassContext.applyMixins(TargetClassContext.java:365) ~[mixin-0.8.5.jar%2365!/:0.8.5+Jenkins-b310.git-155314e6e91465dad727e621a569906a410cd6f4]
	at org.spongepowered.asm.mixin.transformer.MixinProcessor.applyMixins(MixinProcessor.java:363) ~[mixin-0.8.5.jar%2365!/:0.8.5+Jenkins-b310.git-155314e6e91465dad727e621a569906a410cd6f4]
	at org.spongepowered.asm.mixin.transformer.MixinTransformer.transformClass(MixinTransformer.java:250) ~[mixin-0.8.5.jar%2365!/:0.8.5+Jenkins-b310.git-155314e6e91465dad727e621a569906a410cd6f4]
	at org.spongepowered.asm.service.modlauncher.MixinTransformationHandler.processClass(MixinTransformationHandler.java:131) ~[mixin-0.8.5.jar%2365!/:0.8.5+Jenkins-b310.git-155314e6e91465dad727e621a569906a410cd6f4]
	at org.spongepowered.asm.launch.MixinLaunchPluginLegacy.processClass(MixinLaunchPluginLegacy.java:131) ~[mixin-0.8.5.jar%2365!/:0.8.5+Jenkins-b310.git-155314e6e91465dad727e621a569906a410cd6f4]
	at cpw.mods.modlauncher.serviceapi.ILaunchPluginService.processClassWithFlags(ILaunchPluginService.java:156) ~[modlauncher-10.0.9.jar%2355!/:10.0.9+10.0.9+main.dcd20f30]
	at cpw.mods.modlauncher.LaunchPluginHandler.offerClassNodeToPlugins(LaunchPluginHandler.java:88) ~[modlauncher-10.0.9.jar%2355!/:?]
	at cpw.mods.modlauncher.ClassTransformer.transform(ClassTransformer.java:120) ~[modlauncher-10.0.9.jar%2355!/:?]
	at cpw.mods.modlauncher.TransformingClassLoader.maybeTransformClassBytes(TransformingClassLoader.java:50) ~[modlauncher-10.0.9.jar%2355!/:?]
	at cpw.mods.cl.ModuleClassLoader.readerToClass(ModuleClassLoader.java:113) ~[securejarhandler-2.1.10.jar:?]
	at cpw.mods.cl.ModuleClassLoader.lambda$findClass$15(ModuleClassLoader.java:219) ~[securejarhandler-2.1.10.jar:?]
	at cpw.mods.cl.ModuleClassLoader.loadFromModule(ModuleClassLoader.java:229) ~[securejarhandler-2.1.10.jar:?]
	at cpw.mods.cl.ModuleClassLoader.findClass(ModuleClassLoader.java:219) ~[securejarhandler-2.1.10.jar:?]
	at cpw.mods.cl.ModuleClassLoader.loadClass(ModuleClassLoader.java:135) ~[securejarhandler-2.1.10.jar:?]
	at java.lang.ClassLoader.loadClass(ClassLoader.java:525) ~[?:?]
	at net.minecraft.world.level.chunk.ChunkStatus.<clinit>(ChunkStatus.java:50) ~[server-1.20.1-20230612.114412-srg.jar%23303!/:?]
	at net.minecraft.core.registries.BuiltInRegistries.m_257540_(BuiltInRegistries.java:200) ~[server-1.20.1-20230612.114412-srg.jar%23303!/:?]
	at net.minecraft.core.registries.BuiltInRegistries.m_258029_(BuiltInRegistries.java:448) ~[server-1.20.1-20230612.114412-srg.jar%23303!/:?]
	at net.minecraft.core.registries.BuiltInRegistries.m_258037_(BuiltInRegistries.java:462) ~[server-1.20.1-20230612.114412-srg.jar%23303!/:?]
	at java.util.LinkedHashMap.forEach(LinkedHashMap.java:721) ~[?:?]
	at net.minecraft.core.registries.BuiltInRegistries.m_257453_(BuiltInRegistries.java:461) ~[server-1.20.1-20230612.114412-srg.jar%23303!/:?]
	at net.minecraft.core.registries.BuiltInRegistries.m_257498_(BuiltInRegistries.java:455) ~[server-1.20.1-20230612.114412-srg.jar%23303!/:?]
	at net.minecraft.server.Bootstrap.m_135870_(Bootstrap.java:55) ~[server-1.20.1-20230612.114412-srg.jar%23303!/:?]
	at net.minecraft.server.Main.main(Main.java:121) ~[server-1.20.1-20230612.114412-srg.jar%23303!/:?]
	at jdk.internal.reflect.NativeMethodAccessorImpl.invoke0(Native Method) ~[?:?]
	at jdk.internal.reflect.NativeMethodAccessorImpl.invoke(NativeMethodAccessorImpl.java:77) ~[?:?]
	at jdk.internal.reflect.DelegatingMethodAccessorImpl.invoke(DelegatingMethodAccessorImpl.java:43) ~[?:?]
	at java.lang.reflect.Method.invoke(Method.java:569) ~[?:?]
	at net.minecraftforge.fml.loading.targets.CommonLaunchHandler.runTarget(CommonLaunchHandler.java:111) ~[fmlloader-1.20.1-47.4.0.jar%2369!/:?]
	at net.minecraftforge.fml.loading.targets.CommonLaunchHandler.serverService(CommonLaunchHandler.java:103) ~[fmlloader-1.20.1-47.4.0.jar%2369!/:?]
	at net.minecraftforge.fml.loading.targets.CommonServerLaunchHandler.lambda$makeService$0(CommonServerLaunchHandler.java:27) ~[fmlloader-1.20.1-47.4.0.jar%2369!/:?]
	at cpw.mods.modlauncher.LaunchServiceHandlerDecorator.launch(LaunchServiceHandlerDecorator.java:30) ~[modlauncher-10.0.9.jar%2355!/:?]
	at cpw.mods.modlauncher.LaunchServiceHandler.launch(LaunchServiceHandler.java:53) ~[modlauncher-10.0.9.jar%2355!/:?]
	at cpw.mods.modlauncher.LaunchServiceHandler.launch(LaunchServiceHandler.java:71) ~[modlauncher-10.0.9.jar%2355!/:?]
	at cpw.mods.modlauncher.Launcher.run(Launcher.java:108) ~[modlauncher-10.0.9.jar%2355!/:?]
	at cpw.mods.modlauncher.Launcher.main(Launcher.java:78) ~[modlauncher-10.0.9.jar%2355!/:?]
	at cpw.mods.modlauncher.BootstrapLaunchConsumer.accept(BootstrapLaunchConsumer.java:26) ~[modlauncher-10.0.9.jar%2355!/:?]
	at cpw.mods.modlauncher.BootstrapLaunchConsumer.accept(BootstrapLaunchConsumer.java:23) ~[modlauncher-10.0.9.jar%2355!/:?]
	at cpw.mods.bootstraplauncher.BootstrapLauncher.main(BootstrapLauncher.java:141) ~[bootstraplauncher-1.1.2.jar:?]
[03Jun2025 00:31:26.711] [main/WARN] [mixin/]: Mixin alexscaves.mixins.json:SwampHutPieceMixin has multiple constructors, (Lnet/minecraft/world/level/levelgen/structure/pieces/StructurePieceType;IIIIIILnet/minecraft/core/Direction;)V was selected

[03Jun2025 00:31:26.857] [main/ERROR] [net.minecraftforge.coremod.transformer.CoreModBaseTransformer/COREMOD]: Error occurred applying transform of coremod coremods/field_to_method.js function biome
java.lang.IllegalStateException: Field f_47437_ is not private and an instance field
	at net.minecraftforge.coremod.api.ASMAPI.redirectFieldToMethod(ASMAPI.java:1069) ~[coremods-5.2.4.jar%2354!/:?]
	at org.openjdk.nashorn.internal.scripts.Script$Recompilation$55$292A$\^eval\_.initializeCoreMod#transformer(<eval>:11) ~[?:?]
	at org.openjdk.nashorn.internal.runtime.ScriptFunctionData.invoke(ScriptFunctionData.java:648) ~[nashorn-core-15.4.jar%2366!/:?]
	at org.openjdk.nashorn.internal.runtime.ScriptFunction.invoke(ScriptFunction.java:513) ~[nashorn-core-15.4.jar%2366!/:?]
	at org.openjdk.nashorn.internal.runtime.ScriptRuntime.apply(ScriptRuntime.java:520) ~[nashorn-core-15.4.jar%2366!/:?]
	at org.openjdk.nashorn.api.scripting.ScriptObjectMirror.call(ScriptObjectMirror.java:111) ~[nashorn-core-15.4.jar%2366!/:?]
	at net.minecraftforge.coremod.NashornFactory.lambda$getFunction$0(NashornFactory.java:37) ~[coremods-5.2.4.jar%2354!/:5.2.4]
	at net.minecraftforge.coremod.transformer.CoreModClassTransformer.runCoremod(CoreModClassTransformer.java:22) ~[coremods-5.2.4.jar%2354!/:?]
	at net.minecraftforge.coremod.transformer.CoreModClassTransformer.runCoremod(CoreModClassTransformer.java:14) ~[coremods-5.2.4.jar%2354!/:?]
	at net.minecraftforge.coremod.transformer.CoreModBaseTransformer.transform(CoreModBaseTransformer.java:60) ~[coremods-5.2.4.jar%2354!/:?]
	at cpw.mods.modlauncher.TransformerHolder.transform(TransformerHolder.java:41) ~[modlauncher-10.0.9.jar%2355!/:?]
	at cpw.mods.modlauncher.ClassTransformer.performVote(ClassTransformer.java:179) ~[modlauncher-10.0.9.jar%2355!/:?]
	at cpw.mods.modlauncher.ClassTransformer.transform(ClassTransformer.java:117) ~[modlauncher-10.0.9.jar%2355!/:?]
	at cpw.mods.modlauncher.TransformingClassLoader.maybeTransformClassBytes(TransformingClassLoader.java:50) ~[modlauncher-10.0.9.jar%2355!/:?]
	at cpw.mods.cl.ModuleClassLoader.readerToClass(ModuleClassLoader.java:113) ~[securejarhandler-2.1.10.jar:?]
	at cpw.mods.cl.ModuleClassLoader.lambda$findClass$15(ModuleClassLoader.java:219) ~[securejarhandler-2.1.10.jar:?]
	at cpw.mods.cl.ModuleClassLoader.loadFromModule(ModuleClassLoader.java:229) ~[securejarhandler-2.1.10.jar:?]
	at cpw.mods.cl.ModuleClassLoader.findClass(ModuleClassLoader.java:219) ~[securejarhandler-2.1.10.jar:?]
	at cpw.mods.cl.ModuleClassLoader.loadClass(ModuleClassLoader.java:135) ~[securejarhandler-2.1.10.jar:?]
	at java.lang.ClassLoader.loadClass(ClassLoader.java:525) ~[?:?]
	at net.minecraft.world.level.biome.FixedBiomeSource.<clinit>(FixedBiomeSource.java:17) ~[server-1.20.1-20230612.114412-srg.jar%23303!/:?]
	at net.minecraft.world.level.biome.BiomeSources.m_220586_(BiomeSources.java:8) ~[server-1.20.1-20230612.114412-srg.jar%23303!/:?]
	at net.minecraft.core.registries.BuiltInRegistries.m_258029_(BuiltInRegistries.java:448) ~[server-1.20.1-20230612.114412-srg.jar%23303!/:?]
	at net.minecraft.core.registries.BuiltInRegistries.m_258037_(BuiltInRegistries.java:462) ~[server-1.20.1-20230612.114412-srg.jar%23303!/:?]
	at java.util.LinkedHashMap.forEach(LinkedHashMap.java:721) ~[?:?]
	at net.minecraft.core.registries.BuiltInRegistries.m_257453_(BuiltInRegistries.java:461) ~[server-1.20.1-20230612.114412-srg.jar%23303!/:?]
	at net.minecraft.core.registries.BuiltInRegistries.m_257498_(BuiltInRegistries.java:455) ~[server-1.20.1-20230612.114412-srg.jar%23303!/:?]
	at net.minecraft.server.Bootstrap.m_135870_(Bootstrap.java:55) ~[server-1.20.1-20230612.114412-srg.jar%23303!/:?]
	at net.minecraft.server.Main.main(Main.java:121) ~[server-1.20.1-20230612.114412-srg.jar%23303!/:?]
	at jdk.internal.reflect.NativeMethodAccessorImpl.invoke0(Native Method) ~[?:?]
	at jdk.internal.reflect.NativeMethodAccessorImpl.invoke(NativeMethodAccessorImpl.java:77) ~[?:?]
	at jdk.internal.reflect.DelegatingMethodAccessorImpl.invoke(DelegatingMethodAccessorImpl.java:43) ~[?:?]
	at java.lang.reflect.Method.invoke(Method.java:569) ~[?:?]
	at net.minecraftforge.fml.loading.targets.CommonLaunchHandler.runTarget(CommonLaunchHandler.java:111) ~[fmlloader-1.20.1-47.4.0.jar%2369!/:?]
	at net.minecraftforge.fml.loading.targets.CommonLaunchHandler.serverService(CommonLaunchHandler.java:103) ~[fmlloader-1.20.1-47.4.0.jar%2369!/:?]
	at net.minecraftforge.fml.loading.targets.CommonServerLaunchHandler.lambda$makeService$0(CommonServerLaunchHandler.java:27) ~[fmlloader-1.20.1-47.4.0.jar%2369!/:?]
	at cpw.mods.modlauncher.LaunchServiceHandlerDecorator.launch(LaunchServiceHandlerDecorator.java:30) ~[modlauncher-10.0.9.jar%2355!/:?]
	at cpw.mods.modlauncher.LaunchServiceHandler.launch(LaunchServiceHandler.java:53) ~[modlauncher-10.0.9.jar%2355!/:?]
	at cpw.mods.modlauncher.LaunchServiceHandler.launch(LaunchServiceHandler.java:71) ~[modlauncher-10.0.9.jar%2355!/:?]
	at cpw.mods.modlauncher.Launcher.run(Launcher.java:108) ~[modlauncher-10.0.9.jar%2355!/:?]
	at cpw.mods.modlauncher.Launcher.main(Launcher.java:78) ~[modlauncher-10.0.9.jar%2355!/:?]
	at cpw.mods.modlauncher.BootstrapLaunchConsumer.accept(BootstrapLaunchConsumer.java:26) ~[modlauncher-10.0.9.jar%2355!/:?]
	at cpw.mods.modlauncher.BootstrapLaunchConsumer.accept(BootstrapLaunchConsumer.java:23) ~[modlauncher-10.0.9.jar%2355!/:?]
	at cpw.mods.bootstraplauncher.BootstrapLauncher.main(BootstrapLauncher.java:141) ~[bootstraplauncher-1.1.2.jar:?]
[03Jun2025 00:31:27.750] [modloading-worker-0/WARN] [net.minecraftforge.common.ForgeConfigSpec/CORE]: Configuration file /workspaces/karo/servidor_minecraft/config/guardvillagers-common.toml is not correct. Correcting
[03Jun2025 00:31:28.239] [modloading-worker-0/INFO] [lazrslib/]: Built config 'cuffed' Successfully!
[03Jun2025 00:31:28.406] [modloading-worker-0/INFO] [cuffed/]: Registered restraints
[03Jun2025 00:31:29.156] [modloading-worker-0/INFO] [voidscape/]: Starting Donator Handler
[03Jun2025 00:31:29.163] [Voidscape Donator Loader/INFO] [voidscape/]: Loading donor data
[03Jun2025 00:31:29.244] [modloading-worker-0/INFO] [dev.architectury.networking.forge.NetworkManagerImpl/]: Registering C2S receiver with id architectury:sync_ids
[03Jun2025 00:31:29.581] [KubeJS Background Thread/INFO] [KubeJS/]: Loaded common.properties
[03Jun2025 00:31:29.582] [KubeJS Background Thread/INFO] [KubeJS/]: Loaded dev.properties
[03Jun2025 00:31:29.597] [modloading-worker-0/INFO] [KubeJS/]: Looking for KubeJS plugins...
[03Jun2025 00:31:29.604] [modloading-worker-0/INFO] [KubeJS/]: Found plugin source kubejs
[03Jun2025 00:31:29.626] [modloading-worker-0/WARN] [KubeJS/]: Plugin dev.latvian.mods.kubejs.forge.BuiltinKubeJSForgeClientPlugin does not load on server side, skipping
[03Jun2025 00:31:29.626] [modloading-worker-0/WARN] [KubeJS/]: Plugin dev.latvian.mods.kubejs.integration.forge.gamestages.GameStagesIntegration does not have required mod gamestages loaded, skipping
[03Jun2025 00:31:29.644] [modloading-worker-0/INFO] [KubeJS/]: Done in 45.71 ms
[03Jun2025 00:31:29.878] [modloading-worker-0/INFO] [coroutil/]: forge loader environment detected
[03Jun2025 00:31:29.991] [modloading-worker-0/INFO] [dev.architectury.networking.forge.NetworkManagerImpl/]: Registering C2S receiver with id artifacts:networking_channel/42a7ad70b1cc371599a0eff744096b8a
[03Jun2025 00:31:30.005] [modloading-worker-0/INFO] [dev.architectury.networking.forge.NetworkManagerImpl/]: Registering C2S receiver with id artifacts:networking_channel/74a5e841822a3a87854ae896a33430d6
[03Jun2025 00:31:30.006] [modloading-worker-0/INFO] [dev.architectury.networking.forge.NetworkManagerImpl/]: Registering C2S receiver with id artifacts:networking_channel/eb3d1e2748533430848cadf0f37c7e9c
[03Jun2025 00:31:30.007] [modloading-worker-0/INFO] [dev.architectury.networking.forge.NetworkManagerImpl/]: Registering C2S receiver with id artifacts:networking_channel/91c8520f19f93b3e8b6a727568e194ab
[03Jun2025 00:31:30.016] [modloading-worker-0/INFO] [dev.architectury.networking.forge.NetworkManagerImpl/]: Registering C2S receiver with id artifacts:networking_channel/8c2784d778293fd482ed84b8aa5fedb9
[03Jun2025 00:31:30.017] [modloading-worker-0/INFO] [dev.architectury.networking.forge.NetworkManagerImpl/]: Registering C2S receiver with id artifacts:networking_channel/ea038224ea783d40b2863f52239e2604
[03Jun2025 00:31:30.023] [modloading-worker-0/INFO] [dev.architectury.networking.forge.NetworkManagerImpl/]: Registering C2S receiver with id artifacts:networking_channel/97ad64b7ecaf33209991c4f031501a58
[03Jun2025 00:31:30.048] [modloading-worker-0/INFO] [Rhino Script Remapper/]: Loading Rhino Minecraft remapper...
[03Jun2025 00:31:30.052] [modloading-worker-0/INFO] [dev.latvian.mods.rhino.mod.util.RhinoProperties/]: Rhino properties loaded.
[03Jun2025 00:31:30.049] [modloading-worker-0/INFO] [com.cstav.genshinstrument.sound.registrar.NoteSoundRegistrar/]: Successfully registered 21 note sounds of genshinstrument:windsong_lyre
[03Jun2025 00:31:30.054] [modloading-worker-0/INFO] [com.cstav.genshinstrument.sound.registrar.NoteSoundRegistrar/]: Successfully registered 21 note sounds of genshinstrument:vintage_lyre
[03Jun2025 00:31:30.057] [modloading-worker-0/INFO] [Rhino Script Remapper/]: Loading mappings for 1.20.1
[03Jun2025 00:31:30.057] [modloading-worker-0/INFO] [com.cstav.genshinstrument.sound.registrar.NoteSoundRegistrar/]: Successfully registered 21 note sounds of genshinstrument:floral_zither_new
[03Jun2025 00:31:30.058] [modloading-worker-0/INFO] [com.cstav.genshinstrument.sound.registrar.NoteSoundRegistrar/]: Successfully registered 21 note sounds of genshinstrument:floral_zither_old
[03Jun2025 00:31:30.059] [modloading-worker-0/INFO] [com.cstav.genshinstrument.sound.registrar.NoteSoundRegistrar/]: Successfully registered 2 note sounds of genshinstrument:glorious_drum
[03Jun2025 00:31:30.060] [modloading-worker-0/INFO] [com.cstav.genshinstrument.sound.registrar.NoteSoundRegistrar/]: Successfully registered 21 note sounds of genshinstrument:ukulele
[03Jun2025 00:31:30.063] [modloading-worker-0/INFO] [com.cstav.genshinstrument.sound.registrar.NoteSoundRegistrar/]: Successfully registered 8 note sounds of genshinstrument:djem_djem_drum
[03Jun2025 00:31:30.065] [modloading-worker-0/INFO] [com.cstav.genshinstrument.sound.registrar.NoteSoundRegistrar/]: Successfully registered 14 note sounds of genshinstrument:nightwind_horn_hold
[03Jun2025 00:31:30.068] [modloading-worker-0/INFO] [com.cstav.genshinstrument.sound.registrar.NoteSoundRegistrar/]: Successfully registered 14 note sounds of genshinstrument:nightwind_horn_attack
[03Jun2025 00:31:30.069] [modloading-worker-0/INFO] [com.cstav.genshinstrument.sound.registrar.HeldNoteSoundRegistrar/]: Successfully loaded 14 (x2, 28 total) held note sounds for genshinstrument:nightwind_horn
[03Jun2025 00:31:30.108] [modloading-worker-0/INFO] [com.cstav.genshinstrument.sound.registrar.NoteSoundRegistrar/]: Successfully registered 23 note sounds of evenmoreinstruments:note_block_instrument
[03Jun2025 00:31:30.109] [modloading-worker-0/INFO] [com.cstav.genshinstrument.sound.registrar.NoteSoundRegistrar/]: Successfully registered 21 note sounds of evenmoreinstruments:keyboard
[03Jun2025 00:31:30.109] [modloading-worker-0/INFO] [com.cstav.genshinstrument.sound.registrar.NoteSoundRegistrar/]: Successfully registered 21 note sounds of evenmoreinstruments:violin_full
[03Jun2025 00:31:30.110] [modloading-worker-0/INFO] [com.cstav.genshinstrument.sound.registrar.NoteSoundRegistrar/]: Successfully registered 21 note sounds of evenmoreinstruments:violin_half
[03Jun2025 00:31:30.114] [modloading-worker-0/INFO] [com.cstav.genshinstrument.sound.registrar.NoteSoundRegistrar/]: Successfully registered 21 note sounds of evenmoreinstruments:trombone
[03Jun2025 00:31:30.115] [modloading-worker-0/INFO] [com.cstav.genshinstrument.sound.registrar.NoteSoundRegistrar/]: Successfully registered 21 note sounds of evenmoreinstruments:saxophone
[03Jun2025 00:31:30.115] [modloading-worker-0/INFO] [com.cstav.genshinstrument.sound.registrar.NoteSoundRegistrar/]: Successfully registered 21 note sounds of evenmoreinstruments:guitar
[03Jun2025 00:31:30.116] [modloading-worker-0/INFO] [com.cstav.genshinstrument.sound.registrar.NoteSoundRegistrar/]: Successfully registered 21 note sounds of evenmoreinstruments:shamisen
[03Jun2025 00:31:30.119] [modloading-worker-0/INFO] [com.cstav.genshinstrument.sound.registrar.NoteSoundRegistrar/]: Successfully registered 21 note sounds of evenmoreinstruments:koto
[03Jun2025 00:31:30.120] [modloading-worker-0/INFO] [com.cstav.genshinstrument.sound.registrar.NoteSoundRegistrar/]: Successfully registered 21 note sounds of evenmoreinstruments:pipa_regular
[03Jun2025 00:31:30.120] [modloading-worker-0/INFO] [com.cstav.genshinstrument.sound.registrar.NoteSoundRegistrar/]: Successfully registered 21 note sounds of evenmoreinstruments:pipa_tremolo
[03Jun2025 00:31:30.239] [modloading-worker-0/INFO] [Rhino Script Remapper/]: Done in 0.188 s
[03Jun2025 00:31:30.402] [Voidscape Donator Loader/INFO] [voidscape/]: Donor data loaded
[03Jun2025 00:31:30.937] [modloading-worker-0/INFO] [KubeJS Startup/]: example.js#5: Hello, World! (Loaded startup scripts)
[03Jun2025 00:31:30.940] [modloading-worker-0/INFO] [KubeJS Startup/]: Loaded script startup_scripts:example.js in 0.105 s
[03Jun2025 00:31:30.949] [modloading-worker-0/INFO] [KubeJS Startup/]: Loaded 1/1 KubeJS startup scripts in 0.697 s with 0 errors and 0 warnings
[03Jun2025 00:31:31.048] [modloading-worker-0/INFO] [dev.architectury.networking.forge.NetworkManagerImpl/]: Registering C2S receiver with id kubejs:send_data_from_client
[03Jun2025 00:31:31.056] [modloading-worker-0/INFO] [dev.architectury.networking.forge.NetworkManagerImpl/]: Registering C2S receiver with id kubejs:first_click
[03Jun2025 00:31:31.428] [modloading-worker-0/INFO] [guardribbits/]: Initializing the Ribbit Guardians!
[03Jun2025 00:31:31.724] [modloading-worker-0/INFO] [com.simibubi.create.Create/]: Create 6.0.4 initializing! Commit hash: 254bb816aee1c056c74b2ad4beb88222a499da78
[03Jun2025 00:31:32.132] [modloading-worker-0/INFO] [thedarkcolour.kotlinforforge.test.KotlinForForge/]: Kotlin For Forge Enabled!
[03Jun2025 00:31:32.133] [modloading-worker-0/INFO] [net.minecraftforge.common.ForgeMod/FORGEMOD]: Forge mod loading, version 47.4.0, for MC 1.20.1 with MCP 20230612.114412
[03Jun2025 00:31:32.134] [modloading-worker-0/INFO] [net.minecraftforge.common.MinecraftForge/FORGE]: MinecraftForge v47.4.0 Initialized
[03Jun2025 00:31:32.971] [modloading-worker-0/INFO] [zeta/]: Doing super early config setup for zeta
[03Jun2025 00:31:33.761] [modloading-worker-0/INFO] [quark-zeta/]: Discovered 164 modules to load.
[03Jun2025 00:31:33.761] [modloading-worker-0/INFO] [quark-zeta/]: Constructing module Abacus...
[03Jun2025 00:31:33.802] [modloading-worker-0/INFO] [quark-zeta/]: Constructing module Adjustable Chat...
[03Jun2025 00:31:33.803] [modloading-worker-0/INFO] [quark-zeta/]: Constructing module Ambient Discs...
[03Jun2025 00:31:33.810] [modloading-worker-0/INFO] [quark-zeta/]: Constructing module Ancient Tomes...
[03Jun2025 00:31:33.842] [modloading-worker-0/INFO] [quark-zeta/]: Constructing module Ancient Wood...
[03Jun2025 00:31:33.873] [modloading-worker-0/INFO] [quark-zeta/]: Constructing module Armed Armor Stands...
[03Jun2025 00:31:33.874] [modloading-worker-0/INFO] [quark-zeta/]: Constructing module Auto Walk Keybind...
[03Jun2025 00:31:33.874] [modloading-worker-0/INFO] [quark-zeta/]: Constructing module Automatic Recipe Unlock...
[03Jun2025 00:31:33.875] [modloading-worker-0/INFO] [quark-zeta/]: Constructing module Automatic Tool Restock...
[03Jun2025 00:31:33.883] [modloading-worker-0/INFO] [quark-zeta/]: Constructing module Azalea Wood...
[03Jun2025 00:31:33.889] [modloading-worker-0/INFO] [quark-zeta/]: Constructing module Back Button Keybind...
[03Jun2025 00:31:33.890] [modloading-worker-0/INFO] [quark-zeta/]: Constructing module Backpack...
[03Jun2025 00:31:33.902] [modloading-worker-0/INFO] [quark-zeta/]: Constructing module Beacon Redirection...
[03Jun2025 00:31:33.908] [modloading-worker-0/INFO] [quark-zeta/]: Constructing module Better Elytra Rocket...
[03Jun2025 00:31:33.912] [modloading-worker-0/INFO] [quark-zeta/]: Constructing module Big Stone Clusters...
[03Jun2025 00:31:33.936] [modloading-worker-0/INFO] [quark-zeta/]: Constructing module Blossom Trees...
[03Jun2025 00:31:33.944] [modloading-worker-0/INFO] [quark-zeta/]: Constructing module Bottled Cloud...
[03Jun2025 00:31:33.953] [modloading-worker-0/INFO] [quark-zeta/]: Constructing module Buckets Show Inhabitants...
[03Jun2025 00:31:33.953] [modloading-worker-0/INFO] [quark-zeta/]: Constructing module Camera...
[03Jun2025 00:31:33.960] [modloading-worker-0/INFO] [quark-zeta/]: Constructing module Campfires Boost Elytra...
[03Jun2025 00:31:33.961] [modloading-worker-0/INFO] [quark-zeta/]: Constructing module Celebratory Lamps...
[03Jun2025 00:31:33.961] [modloading-worker-0/INFO] [quark-zeta/]: Constructing module Chains Connect Blocks...
[03Jun2025 00:31:33.962] [modloading-worker-0/INFO] [quark-zeta/]: Constructing module Chest Searching...
[03Jun2025 00:31:33.967] [modloading-worker-0/INFO] [quark-zeta/]: Constructing module Chorus Vegetation...
[03Jun2025 00:31:33.969] [modloading-worker-0/INFO] [quark-zeta/]: Constructing module Chute...
[03Jun2025 00:31:33.975] [modloading-worker-0/INFO] [quark-zeta/]: Constructing module Climate Control Remover...
[03Jun2025 00:31:33.975] [modloading-worker-0/INFO] [quark-zeta/]: Constructing module Color Runes...
[03Jun2025 00:31:33.984] [modloading-worker-0/INFO] [quark-zeta/]: Constructing module Compasses Work Everywhere...
[03Jun2025 00:31:33.984] [modloading-worker-0/INFO] [quark-zeta/]: Constructing module Compressed Blocks...
[03Jun2025 00:31:33.995] [modloading-worker-0/INFO] [quark-zeta/]: Constructing module Coral On Cactus...
[03Jun2025 00:31:33.996] [modloading-worker-0/INFO] [quark-zeta/]: Constructing module Corundum...
[03Jun2025 00:31:34.038] [modloading-worker-0/INFO] [quark-zeta/]: Constructing module Crabs...
[03Jun2025 00:31:34.040] [modloading-worker-0/INFO] [quark-zeta/]: Constructing module Crafter...
[03Jun2025 00:31:34.047] [modloading-worker-0/INFO] [quark-zeta/]: Constructing module Crate...
[03Jun2025 00:31:34.057] [modloading-worker-0/INFO] [quark-zeta/]: Constructing module Diamond Repair...
[03Jun2025 00:31:34.057] [modloading-worker-0/INFO] [quark-zeta/]: Constructing module Dispensers Place Blocks...
[03Jun2025 00:31:34.058] [modloading-worker-0/INFO] [quark-zeta/]: Constructing module Double Door Opening...
[03Jun2025 00:31:34.058] [modloading-worker-0/INFO] [quark-zeta/]: Constructing module Dragon Scales...
[03Jun2025 00:31:34.059] [modloading-worker-0/INFO] [quark-zeta/]: Constructing module Duskbound Blocks...
[03Jun2025 00:31:34.062] [modloading-worker-0/INFO] [quark-zeta/]: Constructing module Dyeable Item Frames...
[03Jun2025 00:31:34.069] [modloading-worker-0/INFO] [quark-zeta/]: Constructing module Easy Transfering...
[03Jun2025 00:31:34.070] [modloading-worker-0/INFO] [quark-zeta/]: Constructing module Elytra Indicator...
[03Jun2025 00:31:34.070] [modloading-worker-0/INFO] [quark-zeta/]: Constructing module Emotes...
[03Jun2025 00:31:34.071] [modloading-worker-0/INFO] [quark-zeta/]: Constructing module Enchantment Predicates...
[03Jun2025 00:31:34.071] [modloading-worker-0/INFO] [quark-zeta/]: Constructing module Enchantments Begone...
[03Jun2025 00:31:34.072] [modloading-worker-0/INFO] [quark-zeta/]: Constructing module Ender Watcher...
[03Jun2025 00:31:34.073] [modloading-worker-0/INFO] [quark-zeta/]: Constructing module Endermosh Music Disc...
[03Jun2025 00:31:34.078] [modloading-worker-0/INFO] [quark-zeta/]: Constructing module Enhanced Ladders...
[03Jun2025 00:31:34.079] [modloading-worker-0/INFO] [quark-zeta/]: Constructing module Expanded Item Interactions...
[03Jun2025 00:31:34.082] [modloading-worker-0/INFO] [quark-zeta/]: Constructing module Fairy Rings...
[03Jun2025 00:31:34.087] [modloading-worker-0/INFO] [quark-zeta/]: Constructing module Fallen Logs...
[03Jun2025 00:31:34.091] [modloading-worker-0/INFO] [quark-zeta/]: Constructing module Feeding Trough...
[03Jun2025 00:31:34.096] [modloading-worker-0/INFO] [quark-zeta/]: Constructing module Forgotten...
[03Jun2025 00:31:34.116] [modloading-worker-0/INFO] [quark-zeta/]: Constructing module Foxhound...
[03Jun2025 00:31:34.117] [modloading-worker-0/INFO] [quark-zeta/]: Constructing module Framed Glass...
[03Jun2025 00:31:34.119] [modloading-worker-0/INFO] [quark-zeta/]: Constructing module Game Nerfs...
[03Jun2025 00:31:34.119] [modloading-worker-0/INFO] [quark-zeta/]: Constructing module Glass Item Frame...
[03Jun2025 00:31:34.127] [modloading-worker-0/INFO] [quark-zeta/]: Constructing module Glass Shard...
[03Jun2025 00:31:34.130] [modloading-worker-0/INFO] [quark-zeta/]: Constructing module Glimmering Weald...
[03Jun2025 00:31:34.164] [modloading-worker-0/INFO] [quark-zeta/]: Constructing module Gold Bars...
[03Jun2025 00:31:34.166] [modloading-worker-0/INFO] [quark-zeta/]: Constructing module Gold Tools Have Fortune...
[03Jun2025 00:31:34.170] [modloading-worker-0/INFO] [quark-zeta/]: Constructing module Grab Chickens...
[03Jun2025 00:31:34.171] [modloading-worker-0/INFO] [quark-zeta/]: Constructing module Grate...
[03Jun2025 00:31:34.176] [modloading-worker-0/INFO] [quark-zeta/]: Constructing module Gravisand...
[03Jun2025 00:31:34.179] [modloading-worker-0/INFO] [quark-zeta/]: Constructing module Greener Grass...
[03Jun2025 00:31:34.182] [modloading-worker-0/INFO] [quark-zeta/]: Constructing module Hedges...
[03Jun2025 00:31:34.190] [modloading-worker-0/INFO] [quark-zeta/]: Constructing module Hoe Harvesting...
[03Jun2025 00:31:34.196] [modloading-worker-0/INFO] [quark-zeta/]: Constructing module Hollow Logs...
[03Jun2025 00:31:34.197] [modloading-worker-0/INFO] [quark-zeta/]: Constructing module Horses Swim...
[03Jun2025 00:31:34.197] [modloading-worker-0/INFO] [quark-zeta/]: Constructing module Hotbar Changer...
[03Jun2025 00:31:34.200] [modloading-worker-0/INFO] [quark-zeta/]: Constructing module Improved Sponges...
[03Jun2025 00:31:34.201] [modloading-worker-0/INFO] [quark-zeta/]: Constructing module Improved Tooltips...
[03Jun2025 00:31:34.201] [modloading-worker-0/INFO] [quark-zeta/]: Constructing module Industrial Palette...
[03Jun2025 00:31:34.204] [modloading-worker-0/INFO] [quark-zeta/]: Constructing module Inventory Sorting...
[03Jun2025 00:31:34.205] [modloading-worker-0/INFO] [quark-zeta/]: Constructing module Iron Rod...
[03Jun2025 00:31:34.230] [modloading-worker-0/INFO] [quark-zeta/]: Constructing module Item Sharing...
[03Jun2025 00:31:34.232] [modloading-worker-0/INFO] [quark-zeta/]: Constructing module Japanese Palette...
[03Jun2025 00:31:34.232] [modloading-worker-0/INFO] [quark-zeta/]: Constructing module Leaf Carpet...
[03Jun2025 00:31:34.233] [modloading-worker-0/INFO] [quark-zeta/]: Constructing module Lock Rotation...
[03Jun2025 00:31:34.234] [modloading-worker-0/INFO] [quark-zeta/]: Constructing module Long Range Pick Block...
[03Jun2025 00:31:34.234] [modloading-worker-0/INFO] [quark-zeta/]: Constructing module Magma Keeps Concrete Powder...
[03Jun2025 00:31:34.234] [modloading-worker-0/INFO] [quark-zeta/]: Constructing module Magnets...
[03Jun2025 00:31:34.240] [modloading-worker-0/INFO] [quark-zeta/]: Constructing module Map Washing...
[03Jun2025 00:31:34.244] [modloading-worker-0/INFO] [quark-zeta/]: Constructing module Matrix Enchanting...
[03Jun2025 00:31:34.258] [modloading-worker-0/INFO] [quark-zeta/]: Constructing module Metal Buttons...
[03Jun2025 00:31:34.259] [modloading-worker-0/INFO] [quark-zeta/]: Constructing module Microcrafting Helper...
[03Jun2025 00:31:34.259] [modloading-worker-0/INFO] [quark-zeta/]: Constructing module Midori...
[03Jun2025 00:31:34.261] [modloading-worker-0/INFO] [quark-zeta/]: Constructing module Monster Box...
[03Jun2025 00:31:34.261] [modloading-worker-0/INFO] [quark-zeta/]: Constructing module More Banner Layers...
[03Jun2025 00:31:34.262] [modloading-worker-0/INFO] [quark-zeta/]: Constructing module More Brick Types...
[03Jun2025 00:31:34.263] [modloading-worker-0/INFO] [quark-zeta/]: Constructing module More Mud Blocks...
[03Jun2025 00:31:34.264] [modloading-worker-0/INFO] [quark-zeta/]: Constructing module More Note Block Sounds...
[03Jun2025 00:31:34.265] [modloading-worker-0/INFO] [quark-zeta/]: Constructing module More Potted Plants...
[03Jun2025 00:31:34.266] [modloading-worker-0/INFO] [quark-zeta/]: Constructing module More Villagers...
[03Jun2025 00:31:34.267] [modloading-worker-0/INFO] [quark-zeta/]: Constructing module Narrator Readout...
[03Jun2025 00:31:34.267] [modloading-worker-0/INFO] [quark-zeta/]: Constructing module Nether Brick Fence Gate...
[03Jun2025 00:31:34.268] [modloading-worker-0/INFO] [quark-zeta/]: Constructing module Nether Obsidian Spikes...
[03Jun2025 00:31:34.269] [modloading-worker-0/INFO] [quark-zeta/]: Constructing module New Stone Types...
[03Jun2025 00:31:34.276] [modloading-worker-0/INFO] [quark-zeta/]: Constructing module No Durability On Cosmetics...
[03Jun2025 00:31:34.277] [modloading-worker-0/INFO] [quark-zeta/]: Constructing module No More Lava Pockets...
[03Jun2025 00:31:34.277] [modloading-worker-0/INFO] [quark-zeta/]: Constructing module Obsidian Plate...
[03Jun2025 00:31:34.277] [modloading-worker-0/INFO] [quark-zeta/]: Constructing module Overlay Shader...
[03Jun2025 00:31:34.278] [modloading-worker-0/INFO] [quark-zeta/]: Constructing module Parrot Eggs...
[03Jun2025 00:31:34.284] [modloading-worker-0/INFO] [quark-zeta/]: Constructing module Pat The Dogs...
[03Jun2025 00:31:34.286] [modloading-worker-0/INFO] [quark-zeta/]: Constructing module Pathfinder Maps...
[03Jun2025 00:31:34.287] [modloading-worker-0/INFO] [quark-zeta/]: Constructing module Permafrost...
[03Jun2025 00:31:34.290] [modloading-worker-0/INFO] [quark-zeta/]: Constructing module Petals On Water...
[03Jun2025 00:31:34.291] [modloading-worker-0/INFO] [quark-zeta/]: Constructing module Pickarang...
[03Jun2025 00:31:34.298] [modloading-worker-0/INFO] [quark-zeta/]: Constructing module Pig Litters...
[03Jun2025 00:31:34.300] [modloading-worker-0/INFO] [quark-zeta/]: Constructing module Pipes...
[03Jun2025 00:31:34.311] [modloading-worker-0/INFO] [quark-zeta/]: Constructing module Pistons Move Tile Entities...
[03Jun2025 00:31:34.315] [modloading-worker-0/INFO] [quark-zeta/]: Constructing module Poison Potato Usage...
[03Jun2025 00:31:34.316] [modloading-worker-0/INFO] [quark-zeta/]: Constructing module Quick Armor Swapping...
[03Jun2025 00:31:34.316] [modloading-worker-0/INFO] [quark-zeta/]: Constructing module Rainbow Lamps...
[03Jun2025 00:31:34.321] [modloading-worker-0/INFO] [quark-zeta/]: Constructing module Raw Metal Bricks...
[03Jun2025 00:31:34.324] [modloading-worker-0/INFO] [quark-zeta/]: Constructing module Reacharound Placing...
[03Jun2025 00:31:34.325] [modloading-worker-0/INFO] [quark-zeta/]: Constructing module Redstone Randomizer...
[03Jun2025 00:31:34.328] [modloading-worker-0/INFO] [quark-zeta/]: Constructing module Renewable Spore Blossoms...
[03Jun2025 00:31:34.335] [modloading-worker-0/INFO] [quark-zeta/]: Constructing module Replace Scaffolding...
[03Jun2025 00:31:34.336] [modloading-worker-0/INFO] [quark-zeta/]: Constructing module Rope...
[03Jun2025 00:31:34.338] [modloading-worker-0/INFO] [quark-zeta/]: Constructing module Safer Creatures...
[03Jun2025 00:31:34.342] [modloading-worker-0/INFO] [quark-zeta/]: Constructing module Seed Pouch...
[03Jun2025 00:31:34.345] [modloading-worker-0/INFO] [quark-zeta/]: Constructing module Shear Vines...
[03Jun2025 00:31:34.367] [modloading-worker-0/INFO] [quark-zeta/]: Constructing module Shiba...
[03Jun2025 00:31:34.374] [modloading-worker-0/INFO] [quark-zeta/]: Constructing module Shingles...
[03Jun2025 00:31:34.375] [modloading-worker-0/INFO] [quark-zeta/]: Constructing module Shulker Packing...
[03Jun2025 00:31:34.377] [modloading-worker-0/INFO] [quark-zeta/]: Constructing module Simple Harvest...
[03Jun2025 00:31:34.383] [modloading-worker-0/INFO] [quark-zeta/]: Constructing module Skull Pikes...
[03Jun2025 00:31:34.391] [modloading-worker-0/INFO] [quark-zeta/]: Constructing module Slabs To Blocks...
[03Jun2025 00:31:34.391] [modloading-worker-0/INFO] [quark-zeta/]: Constructing module Slime In A Bucket...
[03Jun2025 00:31:34.394] [modloading-worker-0/INFO] [quark-zeta/]: Constructing module Slimes To Magma Cubes...
[03Jun2025 00:31:34.394] [modloading-worker-0/INFO] [quark-zeta/]: Constructing module Snow Golem Player Heads...
[03Jun2025 00:31:34.395] [modloading-worker-0/INFO] [quark-zeta/]: Constructing module Soul Candles...
[03Jun2025 00:31:34.395] [modloading-worker-0/INFO] [quark-zeta/]: Constructing module Soul Sandstone...
[03Jun2025 00:31:34.395] [modloading-worker-0/INFO] [quark-zeta/]: Constructing module Spawner Replacer...
[03Jun2025 00:31:34.395] [modloading-worker-0/INFO] [quark-zeta/]: Constructing module Spiral Spires...
[03Jun2025 00:31:34.404] [modloading-worker-0/INFO] [quark-zeta/]: Constructing module Stonelings...
[03Jun2025 00:31:34.407] [modloading-worker-0/INFO] [quark-zeta/]: Constructing module Stools...
[03Jun2025 00:31:34.407] [modloading-worker-0/INFO] [quark-zeta/]: Constructing module Sturdy Stone...
[03Jun2025 00:31:34.408] [modloading-worker-0/INFO] [quark-zeta/]: Constructing module Thatch...
[03Jun2025 00:31:34.413] [modloading-worker-0/INFO] [quark-zeta/]: Constructing module Tiny Potato...
[03Jun2025 00:31:34.417] [modloading-worker-0/INFO] [quark-zeta/]: Constructing module Torch Arrow...
[03Jun2025 00:31:34.419] [modloading-worker-0/INFO] [quark-zeta/]: Constructing module Toretoise...
[03Jun2025 00:31:34.423] [modloading-worker-0/INFO] [quark-zeta/]: Constructing module Totem Of Holding...
[03Jun2025 00:31:34.426] [modloading-worker-0/INFO] [quark-zeta/]: Constructing module Trowel...
[03Jun2025 00:31:34.430] [modloading-worker-0/INFO] [quark-zeta/]: Constructing module Usage Ticker...
[03Jun2025 00:31:34.435] [modloading-worker-0/INFO] [quark-zeta/]: Constructing module Uses For Curses...
[03Jun2025 00:31:34.437] [modloading-worker-0/INFO] [quark-zeta/]: Constructing module Utility Recipes...
[03Jun2025 00:31:34.443] [modloading-worker-0/INFO] [quark-zeta/]: Constructing module Variant Animal Textures...
[03Jun2025 00:31:34.443] [modloading-worker-0/INFO] [quark-zeta/]: Constructing module Variant Bookshelves...
[03Jun2025 00:31:34.444] [modloading-worker-0/INFO] [quark-zeta/]: Constructing module Variant Chests...
[03Jun2025 00:31:34.444] [modloading-worker-0/INFO] [be.florens.expandability.ExpandAbility/]: ExpandAbility here, who dis?
[03Jun2025 00:31:34.460] [modloading-worker-0/INFO] [quark-zeta/]: Constructing module Variant Furnaces...
[03Jun2025 00:31:34.467] [modloading-worker-0/INFO] [quark-zeta/]: Constructing module Variant Ladders...
[03Jun2025 00:31:34.470] [modloading-worker-0/INFO] [quark-zeta/]: Constructing module Variant Selector...
[03Jun2025 00:31:34.472] [modloading-worker-0/INFO] [quark-zeta/]: Constructing module Vertical Planks...
[03Jun2025 00:31:34.474] [modloading-worker-0/INFO] [quark-zeta/]: Constructing module Vertical Slabs...
[03Jun2025 00:31:34.487] [modloading-worker-0/INFO] [quark-zeta/]: Constructing module Vexes Die With Their Masters...
[03Jun2025 00:31:34.487] [modloading-worker-0/INFO] [quark-zeta/]: Constructing module Villager Rerolling Rework...
[03Jun2025 00:31:34.488] [modloading-worker-0/INFO] [quark-zeta/]: Constructing module Villagers Follow Emeralds...
[03Jun2025 00:31:34.488] [modloading-worker-0/INFO] [quark-zeta/]: Constructing module Wooden Posts...
[03Jun2025 00:31:34.491] [modloading-worker-0/INFO] [quark-zeta/]: Constructing module Wool Shuts Up Minecarts...
[03Jun2025 00:31:34.494] [modloading-worker-0/INFO] [quark-zeta/]: Constructing module Wraith...
[03Jun2025 00:31:34.496] [modloading-worker-0/INFO] [quark-zeta/]: Constructing module Zombie Villagers On Normal...
[03Jun2025 00:31:34.496] [modloading-worker-0/INFO] [quark-zeta/]: Constructing module More Stone Variants...
[03Jun2025 00:31:34.497] [modloading-worker-0/INFO] [quark-zeta/]: Constructed 164 modules.
[03Jun2025 00:31:34.669] [modloading-worker-0/INFO] [quark-zeta/]: Doing super early config setup for quark
[03Jun2025 00:31:35.201] [main/INFO] [cuffed/]: Registering Capabilities for Cuffed
[03Jun2025 00:31:35.225] [main/WARN] [net.minecraftforge.registries.ForgeRegistry/REGISTRIES]: Registry minecraft:sound_event: The object net.minecraft.sounds.SoundEvent@67503009 has been registered twice for the same name treechop:chop_wood.
[03Jun2025 00:31:35.230] [main/INFO] [cuffed/]: Registering sound for Cuffed
[03Jun2025 00:31:43.486] [main/WARN] [dev.architectury.registry.registries.forge.RegistrarManagerImpl/]: Registry entry listened Registry Entry [minecraft:entity_type / artifacts:mimic] was not realized!
[03Jun2025 00:31:43.708] [main/INFO] [Moonlight/]: Initialized block sets in 17ms
[03Jun2025 00:31:44.486] [main/INFO] [cuffed/]: Cuffed has found a foreign restraint registry, registering with Restraint API
[03Jun2025 00:31:44.660] [main/WARN] [net.minecraft.network.syncher.SynchedEntityData/]: defineId called for: class net.minecraft.world.entity.player.Player from class com.lazrproductions.cuffed.entity.WeightedAnchorEntity
[03Jun2025 00:31:44.714] [main/WARN] [net.minecraft.network.syncher.SynchedEntityData/]: defineId called for: class net.mcreator.borninchaosv.entity.BabySpiderEntity from class net.mcreator.borninchaosv.entity.MotherSpiderEntity
[03Jun2025 00:31:44.724] [main/WARN] [net.minecraft.network.syncher.SynchedEntityData/]: defineId called for: class com.github.alexmodguy.alexscaves.server.entity.living.TremorzillaEntity from class com.github.alexmodguy.alexscaves.server.entity.living.LicowitchEntity
[03Jun2025 00:31:44.786] [main/WARN] [net.minecraftforge.common.ForgeConfigSpec/CORE]: Configuration file /workspaces/karo/servidor_minecraft/config/guardvillagers-common.toml is not correct. Correcting
[03Jun2025 00:31:44.865] [main/WARN] [net.minecraftforge.common.ForgeConfigSpec/CORE]: Configuration file /workspaces/karo/servidor_minecraft/config/legendarysurvivaloverhaul/legendarysurvivaloverhaul-common.toml is not correct. Correcting
[03Jun2025 00:31:44.866] [main/WARN] [net.minecraftforge.common.ForgeConfigSpec/CORE]: Incorrect key body-damage.healing-items.first-aid-supplies.First Aid Supplies Boosted On Effects was corrected from [minecraft:regeneration, farmersdelight:comfort] to its default, [minecraft:regeneration, farmersdelight:comfort]. 
[03Jun2025 00:31:44.949] [Thread-4/INFO] [quark-zeta/]: About to refresh quark's config, looking for better thread than 'Thread-4'...
[03Jun2025 00:31:44.951] [Thread-4/WARN] [quark-zeta/]: Using thread 'Thread-4' instead of the server thread
[03Jun2025 00:31:44.951] [Thread-4/INFO] [quark-zeta/]: quark's config is 'BEFORE_INIT', ignoring config refresh. Current thread: Thread-4
[03Jun2025 00:31:45.007] [modloading-worker-0/INFO] [cuffed/]: Running commmon setup for Cuffed
[03Jun2025 00:31:45.327] [Forge Version Check/INFO] [net.minecraftforge.fml.VersionChecker/]: [create_jetpack] Starting version check at https://api.modrinth.com/updates/create-jetpack/forge_updates.json
[03Jun2025 00:31:45.393] [modloading-worker-0/INFO] [CorgiLib/]: Initializing network...
[03Jun2025 00:31:45.398] [modloading-worker-0/INFO] [CorgiLib/]: Initialized network!
[03Jun2025 00:31:45.415] [main/INFO] [ribbits/]: Registering Ribbit umbrella types...
[03Jun2025 00:31:45.415] [main/INFO] [ribbits/]: Registering Ribbit professions...
[03Jun2025 00:31:45.416] [main/INFO] [ribbits/]: Registering Ribbit instruments...
[03Jun2025 00:31:45.417] [main/INFO] [ribbits/]: Registering Ribbit data serializers...
[03Jun2025 00:31:45.611] [main/INFO] [Moonlight/]: Initialized color sets in 65ms
[03Jun2025 00:31:45.667] [Forge Version Check/INFO] [net.minecraftforge.fml.VersionChecker/]: [create_jetpack] Found status: UP_TO_DATE Current: 4.4.2 Target: null
[03Jun2025 00:31:45.667] [Forge Version Check/INFO] [net.minecraftforge.fml.VersionChecker/]: [guardvillagers] Starting version check at https://raw.githubusercontent.com/seymourimadeit/guardvillagers/master/update.json
[03Jun2025 00:31:45.702] [main/INFO] [zeta/]: Common setup: Performing initial refresh of zeta's config on thread 'main'
[03Jun2025 00:31:45.703] [main/INFO] [zeta/]: 'zeta' is enabling Zeta's piston structure resolver.
[03Jun2025 00:31:45.705] [main/INFO] [zeta/]: Waiting for server start before accepting filewatcher changes to zeta's config
[03Jun2025 00:31:45.713] [Forge Version Check/INFO] [net.minecraftforge.fml.VersionChecker/]: [guardvillagers] Found status: BETA Current: 1.20.1-1.6.10 Target: 1.20-1.6.5
[03Jun2025 00:31:45.713] [Forge Version Check/INFO] [net.minecraftforge.fml.VersionChecker/]: [camera] Starting version check at https://update.maxhenkel.de/forge/camera
[03Jun2025 00:31:45.730] [main/INFO] [quark-zeta/]: Common setup: Performing initial refresh of quark's config on thread 'main'
[03Jun2025 00:31:45.753] [main/INFO] [quark-zeta/]: Waiting for server start before accepting filewatcher changes to quark's config
[03Jun2025 00:31:45.804] [main/INFO] [Supplementaries/]: Finished mod setup in: [23, 2, 0, 0, 0, 0, 10, 9, 1] ms
[03Jun2025 00:31:45.874] [modloading-worker-0/INFO] [io.redspace.ironsspellbooks.IronsSpellbooks/]: Got IMC []
[03Jun2025 00:31:45.917] [modloading-worker-0/INFO] [net.xalcon.torchmaster.Torchmaster/]: Applying mega torch entity block list overrides...
[03Jun2025 00:31:45.918] [modloading-worker-0/INFO] [net.xalcon.torchmaster.Torchmaster/]: Applying dread lamp entity block list overrides...
[03Jun2025 00:31:45.945] [main/INFO] [sfiomn.legendarysurvivaloverhaul.LegendarySurvivalOverhaul/]: Unknown effect farmersdelight:comfort
[03Jun2025 00:31:46.233] [Forge Version Check/INFO] [net.minecraftforge.fml.VersionChecker/]: [camera] Found status: AHEAD Current: 1.20.1-1.0.20 Target: null
[03Jun2025 00:31:46.237] [Forge Version Check/INFO] [net.minecraftforge.fml.VersionChecker/]: [tombstone] Starting version check at https://raw.githubusercontent.com/Corail31/tombstone_lite/master/update.json
[03Jun2025 00:31:46.254] [Forge Version Check/INFO] [net.minecraftforge.fml.VersionChecker/]: [tombstone] Found status: AHEAD Current: 8.9.6 Target: null
[03Jun2025 00:31:46.254] [Forge Version Check/INFO] [net.minecraftforge.fml.VersionChecker/]: [mr_limesplatus_ending] Starting version check at https://api.modrinth.com/updates/MCnBYP0b/forge_updates.json
[03Jun2025 00:31:46.281] [Forge Version Check/INFO] [net.minecraftforge.fml.VersionChecker/]: [mr_limesplatus_ending] Found status: OUTDATED Current: 1-v1.1.0c Target: 1.1.0c+mod
[03Jun2025 00:31:46.282] [Forge Version Check/INFO] [net.minecraftforge.fml.VersionChecker/]: [goblintraders] Starting version check at https://mrcrayfish.com/modupdatejson?id=goblintraders
[03Jun2025 00:31:46.453] [Forge Version Check/WARN] [net.minecraftforge.fml.VersionChecker/]: Failed to process update information
com.google.gson.JsonSyntaxException: java.lang.IllegalStateException: Expected BEGIN_OBJECT but was STRING at line 1 column 1 path $
	at com.google.gson.Gson.fromJson(Gson.java:1226) ~[gson-2.10.jar%2372!/:?]
	at com.google.gson.Gson.fromJson(Gson.java:1124) ~[gson-2.10.jar%2372!/:?]
	at com.google.gson.Gson.fromJson(Gson.java:1034) ~[gson-2.10.jar%2372!/:?]
	at com.google.gson.Gson.fromJson(Gson.java:969) ~[gson-2.10.jar%2372!/:?]
	at net.minecraftforge.fml.VersionChecker$1.process(VersionChecker.java:186) ~[fmlcore-1.20.1-47.4.0.jar%23304!/:?]
	at java.lang.Iterable.forEach(Iterable.java:75) ~[?:?]
	at net.minecraftforge.fml.VersionChecker$1.run(VersionChecker.java:117) ~[fmlcore-1.20.1-47.4.0.jar%23304!/:?]
Caused by: java.lang.IllegalStateException: Expected BEGIN_OBJECT but was STRING at line 1 column 1 path $
	at com.google.gson.stream.JsonReader.beginObject(JsonReader.java:393) ~[gson-2.10.jar%2372!/:?]
	at com.google.gson.internal.bind.MapTypeAdapterFactory$Adapter.read(MapTypeAdapterFactory.java:182) ~[gson-2.10.jar%2372!/:?]
	at com.google.gson.internal.bind.MapTypeAdapterFactory$Adapter.read(MapTypeAdapterFactory.java:144) ~[gson-2.10.jar%2372!/:?]
	at com.google.gson.Gson.fromJson(Gson.java:1214) ~[gson-2.10.jar%2372!/:?]
	... 6 more
[03Jun2025 00:31:46.459] [Forge Version Check/INFO] [net.minecraftforge.fml.VersionChecker/]: [genshinstrument] Starting version check at https://github.com/StavWasPlayZ/Genshin-Instruments/blob/master/public/updates.json?raw=true
[03Jun2025 00:31:46.669] [Forge Version Check/INFO] [net.minecraftforge.fml.VersionChecker/]: [genshinstrument] Found status: UP_TO_DATE Current: 5.0 Target: null
[03Jun2025 00:31:46.671] [Forge Version Check/INFO] [net.minecraftforge.fml.VersionChecker/]: [evenmoreinstruments] Starting version check at https://github.com/StavWasPlayZ/Even-More-Instruments/blob/master/public/updates.json?raw=true
[03Jun2025 00:31:46.810] [Forge Version Check/INFO] [net.minecraftforge.fml.VersionChecker/]: [evenmoreinstruments] Found status: UP_TO_DATE Current: 6.1.4 Target: null
[03Jun2025 00:31:46.810] [Forge Version Check/INFO] [net.minecraftforge.fml.VersionChecker/]: [moonlight] Starting version check at https://raw.githubusercontent.com/MehVahdJukaar/Moonlight/multi-loader/forge/update.json
[03Jun2025 00:31:46.823] [Forge Version Check/INFO] [net.minecraftforge.fml.VersionChecker/]: [moonlight] Found status: BETA Current: 1.20-2.14.1 Target: null
[03Jun2025 00:31:46.824] [Forge Version Check/INFO] [net.minecraftforge.fml.VersionChecker/]: [forge] Starting version check at https://files.minecraftforge.net/net/minecraftforge/forge/promotions_slim.json
[03Jun2025 00:31:46.932] [Forge Version Check/INFO] [net.minecraftforge.fml.VersionChecker/]: [forge] Found status: UP_TO_DATE Current: 47.4.0 Target: null
[03Jun2025 00:31:46.934] [Forge Version Check/INFO] [net.minecraftforge.fml.VersionChecker/]: [securitycraft] Starting version check at https://www.github.com/Geforce132/SecurityCraft/raw/master/Updates/Forge.json
[03Jun2025 00:31:47.152] [Forge Version Check/INFO] [net.minecraftforge.fml.VersionChecker/]: [securitycraft] Found status: UP_TO_DATE Current: 1.10.0.1 Target: null
[03Jun2025 00:31:47.152] [Forge Version Check/INFO] [net.minecraftforge.fml.VersionChecker/]: [supplementaries] Starting version check at https://raw.githubusercontent.com/MehVahdJukaar/Supplementaries/1.20/forge/update.json
[03Jun2025 00:31:47.172] [Forge Version Check/INFO] [net.minecraftforge.fml.VersionChecker/]: [supplementaries] Found status: BETA Current: 1.20-3.1.30 Target: null
[03Jun2025 00:31:54.728] [main/INFO] [com.mojang.authlib.yggdrasil.YggdrasilAuthenticationService/]: Environment: authHost='https://authserver.mojang.com', accountsHost='https://api.mojang.com', sessionHost='https://sessionserver.mojang.com', servicesHost='https://api.minecraftservices.com', name='PROD'
[03Jun2025 00:31:54.767] [main/WARN] [io.redspace.ironsspellbooks.IronsSpellbooks/]: DataFixLevelStorageSourceMixin failed to load ./world/level.dat, ./world/level.dat (No such file or directory)
[03Jun2025 00:31:54.768] [main/WARN] [io.redspace.ironsspellbooks.IronsSpellbooks/]: DataFixLevelStorageSourceMixin failed to load ./world/level.dat, ./world/level.dat (No such file or directory)
[03Jun2025 00:31:54.777] [main/WARN] [net.minecraft.server.packs.VanillaPackResourcesBuilder/]: Assets URL 'union:/workspaces/karo/servidor_minecraft/libraries/net/minecraft/server/1.20.1-20230612.114412/server-1.20.1-20230612.114412-srg.jar%23303!/assets/.mcassetsroot' uses unexpected schema
[03Jun2025 00:31:54.777] [main/WARN] [net.minecraft.server.packs.VanillaPackResourcesBuilder/]: Assets URL 'union:/workspaces/karo/servidor_minecraft/libraries/net/minecraft/server/1.20.1-20230612.114412/server-1.20.1-20230612.114412-srg.jar%23303!/data/.mcassetsroot' uses unexpected schema
[03Jun2025 00:31:54.986] [main/INFO] [com.simibubi.create.Create/]: Created 351 recipes which will be injected into the game
[03Jun2025 00:31:55.000] [main/INFO] [com.simibubi.create.Create/]: Created 23 tags which will be injected into the game
[03Jun2025 00:31:55.024] [main/WARN] [io.redspace.ironsspellbooks.IronsSpellbooks/]: DataFixLevelStorageSourceMixin failed to load ./world/level.dat, ./world/level.dat (No such file or directory)
[03Jun2025 00:31:55.068] [main/INFO] [net.minecraft.server.MinecraftServer/]: Found new data pack Supplementaries Generated Pack, loading it automatically
[03Jun2025 00:31:55.068] [main/INFO] [net.minecraft.server.MinecraftServer/]: Found new data pack create:dynamic_data, loading it automatically
[03Jun2025 00:31:55.150] [main/INFO] [Moonlight/]: Generated runtime resources for 1 packs in a total of: 34 ms
[03Jun2025 00:31:55.182] [main/INFO] [Moonlight/]: Generated runtime resources for 1 packs in a total of: 4 ms
[03Jun2025 00:31:55.211] [main/INFO] [KubeJS Server/]: example.js#5: Hello, World! (Loaded server scripts)
[03Jun2025 00:31:55.212] [main/INFO] [KubeJS Server/]: Loaded script server_scripts:example.js in 0.001 s
[03Jun2025 00:31:55.212] [main/INFO] [KubeJS Server/]: Loaded 1/1 KubeJS server scripts in 0.02 s with 0 errors and 0 warnings
[03Jun2025 00:31:55.212] [main/INFO] [KubeJS Server/]: Scripts loaded
[03Jun2025 00:31:56.920] [main/WARN] [io.redspace.ironsspellbooks.IronsSpellbooks/]: DataFixLevelStorageSourceMixin failed to load ./world/level.dat, ./world/level.dat (No such file or directory)
[03Jun2025 00:31:57.494] [main/INFO] [com.github.alexthe666.alexsmobs.AlexsMobs/]: Adding datapack listener capsid_recipes
[03Jun2025 00:31:57.689] [Worker-Main-1/ERROR] [net.minecraft.tags.TagLoader/]: Couldn't load tag supplementaries:tipped_spikes_blacklist as it is missing following references: minecraft:oozing (from supplementaries-1.20-3.1.30.jar), 
	minecraft:infested (from supplementaries-1.20-3.1.30.jar)
[03Jun2025 00:31:57.701] [Worker-Main-3/ERROR] [net.minecraft.tags.TagLoader/]: Couldn't load tag legendary_monsters:ancient_stronghold_biomes as it is missing following references: minecraft:spruce_forest (from legendarymonsters-1.9.4 MC 1.20.1.jar)
[03Jun2025 00:31:57.704] [Worker-Main-3/ERROR] [net.minecraft.tags.TagLoader/]: Couldn't load tag integrated_api:collections/any_taiga as it is missing following references: #repurposed_structures:collections/taigas (from integrated_api-1.5.3+1.20.1-forge.jar)
[03Jun2025 00:31:57.763] [Worker-Main-2/WARN] [artifacts.Artifacts/]: Tag entries for curios:tags/items/magic_book.json cleared by tombstone-1.20.1-8.9.6.jar
[03Jun2025 00:31:57.886] [Worker-Main-2/ERROR] [net.minecraft.tags.TagLoader/]: Couldn't load tag cuffed:can_reinforce_padlock as it is missing following references: minecraft:diamond_ingot (from Cuffed-1.20.1-1.3.9.jar)
[03Jun2025 00:31:58.015] [Worker-Main-3/ERROR] [net.minecraft.tags.TagLoader/]: Couldn't load tag minecraft:overworld_carver_replaceables as it is missing following references: createteleporters:deleted_mod_element (from createteleporters2.3-1.20.1.jar)
[03Jun2025 00:31:58.017] [Worker-Main-3/ERROR] [net.minecraft.tags.TagLoader/]: Couldn't load tag alexscaves:primordial_caves_base_blocks as it is missing following references: #minecraft:overworld_carver_replaceables (from alexscaves-2.0.2.jar)
[03Jun2025 00:31:58.044] [Worker-Main-3/ERROR] [net.minecraft.tags.TagLoader/]: Couldn't load tag alexscaves:water_carver_replaceables as it is missing following references: #alexscaves:primordial_caves_base_blocks (from alexscaves-2.0.2.jar), 
	#minecraft:overworld_carver_replaceables (from alexscaves-2.0.2.jar)
[03Jun2025 00:31:59.656] [main/WARN] [net.minecraft.world.level.storage.loot.LootDataManager/]: Found loot table element validation problem in {loot_tables:born_in_chaos_v1:entities/pumpkinhead}.pools[1].entries[2].functions[1]: Parameters [<parameter minecraft:tool>] are not provided in this context
[03Jun2025 00:31:59.656] [main/WARN] [net.minecraft.world.level.storage.loot.LootDataManager/]: Found loot table element validation problem in {loot_tables:born_in_chaos_v1:entities/pumpkinhead}.pools[1].entries[1].functions[1]: Parameters [<parameter minecraft:tool>] are not provided in this context
[03Jun2025 00:31:59.656] [main/WARN] [net.minecraft.world.level.storage.loot.LootDataManager/]: Found loot table element validation problem in {loot_tables:born_in_chaos_v1:entities/pumpkinhead}.pools[1].entries[0].functions[1]: Parameters [<parameter minecraft:tool>] are not provided in this context
[03Jun2025 00:31:59.656] [main/WARN] [net.minecraft.world.level.storage.loot.LootDataManager/]: Found loot table element validation problem in {loot_tables:alexsmobs:gameplay/seal_reward}.pools[0].entries[0]->{minecraft:gameplay/fishing/junk}.pools[1].condition[1]: Parameters [<parameter minecraft:origin>] are not provided in this context
[03Jun2025 00:31:59.699] [main/ERROR] [net.minecraft.world.item.crafting.RecipeManager/]: Parsing error loading recipe realisticforgingores:ironsledgehammerrecipe
com.google.gson.JsonSyntaxException: Unknown item 'realisticforgingores:deleted_mod_element'
	at net.minecraft.world.item.crafting.ShapedRecipe.m_151280_(ShapedRecipe.java:292) ~[server-1.20.1-20230612.114412-srg.jar%23303!/:?]
	at java.util.Optional.orElseThrow(Optional.java:403) ~[?:?]
	at net.minecraft.world.item.crafting.ShapedRecipe.m_151278_(ShapedRecipe.java:291) ~[server-1.20.1-20230612.114412-srg.jar%23303!/:?]
	at net.minecraft.world.item.crafting.Ingredient.m_43919_(Ingredient.java:219) ~[server-1.20.1-20230612.114412-srg.jar%23303!/:?]
	at net.minecraftforge.common.crafting.VanillaIngredientSerializer.parse(VanillaIngredientSerializer.java:27) ~[forge-1.20.1-47.4.0-universal.jar%23308!/:?]
	at net.minecraftforge.common.crafting.CraftingHelper.getIngredient(CraftingHelper.java:148) ~[forge-1.20.1-47.4.0-universal.jar%23308!/:?]
	at net.minecraft.world.item.crafting.Ingredient.m_288218_(Ingredient.java:194) ~[server-1.20.1-20230612.114412-srg.jar%23303!/:?]
	at net.minecraft.world.item.crafting.ShapedRecipe.m_44210_(ShapedRecipe.java:278) ~[server-1.20.1-20230612.114412-srg.jar%23303!/:?]
	at net.minecraft.world.item.crafting.ShapedRecipe$Serializer.m_6729_(ShapedRecipe.java:306) ~[server-1.20.1-20230612.114412-srg.jar%23303!/:?]
	at net.minecraft.world.item.crafting.ShapedRecipe$Serializer.m_6729_(ShapedRecipe.java:301) ~[server-1.20.1-20230612.114412-srg.jar%23303!/:?]
	at net.minecraftforge.common.extensions.IForgeRecipeSerializer.fromJson(IForgeRecipeSerializer.java:23) ~[forge-1.20.1-47.4.0-universal.jar%23308!/:?]
	at net.minecraft.world.item.crafting.RecipeManager.fromJson(RecipeManager.java:171) ~[server-1.20.1-20230612.114412-srg.jar%23303!/:?]
	at net.minecraft.world.item.crafting.RecipeManager.m_5787_(RecipeManager.java:67) ~[server-1.20.1-20230612.114412-srg.jar%23303!/:?]
	at net.minecraft.world.item.crafting.RecipeManager.m_5787_(RecipeManager.java:34) ~[server-1.20.1-20230612.114412-srg.jar%23303!/:?]
	at net.minecraft.server.packs.resources.SimplePreparableReloadListener.m_10789_(SimplePreparableReloadListener.java:13) ~[server-1.20.1-20230612.114412-srg.jar%23303!/:?]
	at java.util.concurrent.CompletableFuture$UniAccept.tryFire(CompletableFuture.java:718) ~[?:?]
	at java.util.concurrent.CompletableFuture$Completion.run(CompletableFuture.java:482) ~[?:?]
	at net.minecraft.server.packs.resources.SimpleReloadInstance.m_143940_(SimpleReloadInstance.java:69) ~[server-1.20.1-20230612.114412-srg.jar%23303!/:?]
	at net.minecraft.Util.m_214652_(Util.java:783) ~[server-1.20.1-20230612.114412-srg.jar%23303!/:?]
	at net.minecraft.Util.m_214679_(Util.java:772) ~[server-1.20.1-20230612.114412-srg.jar%23303!/:?]
	at net.minecraft.server.Main.main(Main.java:166) ~[server-1.20.1-20230612.114412-srg.jar%23303!/:?]
	at jdk.internal.reflect.NativeMethodAccessorImpl.invoke0(Native Method) ~[?:?]
	at jdk.internal.reflect.NativeMethodAccessorImpl.invoke(NativeMethodAccessorImpl.java:77) ~[?:?]
	at jdk.internal.reflect.DelegatingMethodAccessorImpl.invoke(DelegatingMethodAccessorImpl.java:43) ~[?:?]
	at java.lang.reflect.Method.invoke(Method.java:569) ~[?:?]
	at net.minecraftforge.fml.loading.targets.CommonLaunchHandler.runTarget(CommonLaunchHandler.java:111) ~[fmlloader-1.20.1-47.4.0.jar%2369!/:?]
	at net.minecraftforge.fml.loading.targets.CommonLaunchHandler.serverService(CommonLaunchHandler.java:103) ~[fmlloader-1.20.1-47.4.0.jar%2369!/:?]
	at net.minecraftforge.fml.loading.targets.CommonServerLaunchHandler.lambda$makeService$0(CommonServerLaunchHandler.java:27) ~[fmlloader-1.20.1-47.4.0.jar%2369!/:?]
	at cpw.mods.modlauncher.LaunchServiceHandlerDecorator.launch(LaunchServiceHandlerDecorator.java:30) ~[modlauncher-10.0.9.jar%2355!/:?]
	at cpw.mods.modlauncher.LaunchServiceHandler.launch(LaunchServiceHandler.java:53) ~[modlauncher-10.0.9.jar%2355!/:?]
	at cpw.mods.modlauncher.LaunchServiceHandler.launch(LaunchServiceHandler.java:71) ~[modlauncher-10.0.9.jar%2355!/:?]
	at cpw.mods.modlauncher.Launcher.run(Launcher.java:108) ~[modlauncher-10.0.9.jar%2355!/:?]
	at cpw.mods.modlauncher.Launcher.main(Launcher.java:78) ~[modlauncher-10.0.9.jar%2355!/:?]
	at cpw.mods.modlauncher.BootstrapLaunchConsumer.accept(BootstrapLaunchConsumer.java:26) ~[modlauncher-10.0.9.jar%2355!/:?]
	at cpw.mods.modlauncher.BootstrapLaunchConsumer.accept(BootstrapLaunchConsumer.java:23) ~[modlauncher-10.0.9.jar%2355!/:?]
	at cpw.mods.bootstraplauncher.BootstrapLauncher.main(BootstrapLauncher.java:141) ~[bootstraplauncher-1.1.2.jar:?]
[03Jun2025 00:31:59.714] [main/INFO] [net.minecraft.world.item.crafting.RecipeManager/]: Skipping loading recipe supplementaries:inspirations/blackboard_clear as it's serializer returned null
[03Jun2025 00:31:59.718] [main/ERROR] [net.minecraft.world.item.crafting.RecipeManager/]: Parsing error loading recipe realisticforgingores:sledgehammerrecipe
com.google.gson.JsonSyntaxException: Unknown item 'realisticforgingores:deleted_mod_element'
	at net.minecraft.world.item.crafting.ShapedRecipe.m_151280_(ShapedRecipe.java:292) ~[server-1.20.1-20230612.114412-srg.jar%23303!/:?]
	at java.util.Optional.orElseThrow(Optional.java:403) ~[?:?]
	at net.minecraft.world.item.crafting.ShapedRecipe.m_151278_(ShapedRecipe.java:291) ~[server-1.20.1-20230612.114412-srg.jar%23303!/:?]
	at net.minecraft.world.item.crafting.Ingredient.m_43919_(Ingredient.java:219) ~[server-1.20.1-20230612.114412-srg.jar%23303!/:?]
	at net.minecraftforge.common.crafting.VanillaIngredientSerializer.parse(VanillaIngredientSerializer.java:27) ~[forge-1.20.1-47.4.0-universal.jar%23308!/:?]
	at net.minecraftforge.common.crafting.CraftingHelper.getIngredient(CraftingHelper.java:148) ~[forge-1.20.1-47.4.0-universal.jar%23308!/:?]
	at net.minecraft.world.item.crafting.Ingredient.m_288218_(Ingredient.java:194) ~[server-1.20.1-20230612.114412-srg.jar%23303!/:?]
	at net.minecraft.world.item.crafting.ShapedRecipe.m_44210_(ShapedRecipe.java:278) ~[server-1.20.1-20230612.114412-srg.jar%23303!/:?]
	at net.minecraft.world.item.crafting.ShapedRecipe$Serializer.m_6729_(ShapedRecipe.java:306) ~[server-1.20.1-20230612.114412-srg.jar%23303!/:?]
	at net.minecraft.world.item.crafting.ShapedRecipe$Serializer.m_6729_(ShapedRecipe.java:301) ~[server-1.20.1-20230612.114412-srg.jar%23303!/:?]
	at net.minecraftforge.common.extensions.IForgeRecipeSerializer.fromJson(IForgeRecipeSerializer.java:23) ~[forge-1.20.1-47.4.0-universal.jar%23308!/:?]
	at net.minecraft.world.item.crafting.RecipeManager.fromJson(RecipeManager.java:171) ~[server-1.20.1-20230612.114412-srg.jar%23303!/:?]
	at net.minecraft.world.item.crafting.RecipeManager.m_5787_(RecipeManager.java:67) ~[server-1.20.1-20230612.114412-srg.jar%23303!/:?]
	at net.minecraft.world.item.crafting.RecipeManager.m_5787_(RecipeManager.java:34) ~[server-1.20.1-20230612.114412-srg.jar%23303!/:?]
	at net.minecraft.server.packs.resources.SimplePreparableReloadListener.m_10789_(SimplePreparableReloadListener.java:13) ~[server-1.20.1-20230612.114412-srg.jar%23303!/:?]
	at java.util.concurrent.CompletableFuture$UniAccept.tryFire(CompletableFuture.java:718) ~[?:?]
	at java.util.concurrent.CompletableFuture$Completion.run(CompletableFuture.java:482) ~[?:?]
	at net.minecraft.server.packs.resources.SimpleReloadInstance.m_143940_(SimpleReloadInstance.java:69) ~[server-1.20.1-20230612.114412-srg.jar%23303!/:?]
	at net.minecraft.Util.m_214652_(Util.java:783) ~[server-1.20.1-20230612.114412-srg.jar%23303!/:?]
	at net.minecraft.Util.m_214679_(Util.java:772) ~[server-1.20.1-20230612.114412-srg.jar%23303!/:?]
	at net.minecraft.server.Main.main(Main.java:166) ~[server-1.20.1-20230612.114412-srg.jar%23303!/:?]
	at jdk.internal.reflect.NativeMethodAccessorImpl.invoke0(Native Method) ~[?:?]
	at jdk.internal.reflect.NativeMethodAccessorImpl.invoke(NativeMethodAccessorImpl.java:77) ~[?:?]
	at jdk.internal.reflect.DelegatingMethodAccessorImpl.invoke(DelegatingMethodAccessorImpl.java:43) ~[?:?]
	at java.lang.reflect.Method.invoke(Method.java:569) ~[?:?]
	at net.minecraftforge.fml.loading.targets.CommonLaunchHandler.runTarget(CommonLaunchHandler.java:111) ~[fmlloader-1.20.1-47.4.0.jar%2369!/:?]
	at net.minecraftforge.fml.loading.targets.CommonLaunchHandler.serverService(CommonLaunchHandler.java:103) ~[fmlloader-1.20.1-47.4.0.jar%2369!/:?]
	at net.minecraftforge.fml.loading.targets.CommonServerLaunchHandler.lambda$makeService$0(CommonServerLaunchHandler.java:27) ~[fmlloader-1.20.1-47.4.0.jar%2369!/:?]
	at cpw.mods.modlauncher.LaunchServiceHandlerDecorator.launch(LaunchServiceHandlerDecorator.java:30) ~[modlauncher-10.0.9.jar%2355!/:?]
	at cpw.mods.modlauncher.LaunchServiceHandler.launch(LaunchServiceHandler.java:53) ~[modlauncher-10.0.9.jar%2355!/:?]
	at cpw.mods.modlauncher.LaunchServiceHandler.launch(LaunchServiceHandler.java:71) ~[modlauncher-10.0.9.jar%2355!/:?]
	at cpw.mods.modlauncher.Launcher.run(Launcher.java:108) ~[modlauncher-10.0.9.jar%2355!/:?]
	at cpw.mods.modlauncher.Launcher.main(Launcher.java:78) ~[modlauncher-10.0.9.jar%2355!/:?]
	at cpw.mods.modlauncher.BootstrapLaunchConsumer.accept(BootstrapLaunchConsumer.java:26) ~[modlauncher-10.0.9.jar%2355!/:?]
	at cpw.mods.modlauncher.BootstrapLaunchConsumer.accept(BootstrapLaunchConsumer.java:23) ~[modlauncher-10.0.9.jar%2355!/:?]
	at cpw.mods.bootstraplauncher.BootstrapLauncher.main(BootstrapLauncher.java:141) ~[bootstraplauncher-1.1.2.jar:?]
[03Jun2025 00:31:59.761] [main/INFO] [net.minecraft.world.item.crafting.RecipeManager/]: Skipping loading recipe supplementaries:inspirations/flag_dye as it's serializer returned null
[03Jun2025 00:31:59.794] [main/ERROR] [net.minecraft.world.item.crafting.RecipeManager/]: Parsing error loading recipe legendary_monsters:ancient_dripstone_brick_stairs_left
com.google.gson.JsonSyntaxException: Unknown item 'legendary_monsters:ancient_dripstone_brick'
	at net.minecraft.world.item.crafting.ShapedRecipe.m_151280_(ShapedRecipe.java:292) ~[server-1.20.1-20230612.114412-srg.jar%23303!/:?]
	at java.util.Optional.orElseThrow(Optional.java:403) ~[?:?]
	at net.minecraft.world.item.crafting.ShapedRecipe.m_151278_(ShapedRecipe.java:291) ~[server-1.20.1-20230612.114412-srg.jar%23303!/:?]
	at net.minecraft.world.item.crafting.Ingredient.m_43919_(Ingredient.java:219) ~[server-1.20.1-20230612.114412-srg.jar%23303!/:?]
	at net.minecraftforge.common.crafting.VanillaIngredientSerializer.parse(VanillaIngredientSerializer.java:27) ~[forge-1.20.1-47.4.0-universal.jar%23308!/:?]
	at net.minecraftforge.common.crafting.CraftingHelper.getIngredient(CraftingHelper.java:148) ~[forge-1.20.1-47.4.0-universal.jar%23308!/:?]
	at net.minecraft.world.item.crafting.Ingredient.m_288218_(Ingredient.java:194) ~[server-1.20.1-20230612.114412-srg.jar%23303!/:?]
	at net.minecraft.world.item.crafting.ShapedRecipe.m_44210_(ShapedRecipe.java:278) ~[server-1.20.1-20230612.114412-srg.jar%23303!/:?]
	at net.minecraft.world.item.crafting.ShapedRecipe$Serializer.m_6729_(ShapedRecipe.java:306) ~[server-1.20.1-20230612.114412-srg.jar%23303!/:?]
	at net.minecraft.world.item.crafting.ShapedRecipe$Serializer.m_6729_(ShapedRecipe.java:301) ~[server-1.20.1-20230612.114412-srg.jar%23303!/:?]
	at net.minecraftforge.common.extensions.IForgeRecipeSerializer.fromJson(IForgeRecipeSerializer.java:23) ~[forge-1.20.1-47.4.0-universal.jar%23308!/:?]
	at net.minecraft.world.item.crafting.RecipeManager.fromJson(RecipeManager.java:171) ~[server-1.20.1-20230612.114412-srg.jar%23303!/:?]
	at net.minecraft.world.item.crafting.RecipeManager.m_5787_(RecipeManager.java:67) ~[server-1.20.1-20230612.114412-srg.jar%23303!/:?]
	at net.minecraft.world.item.crafting.RecipeManager.m_5787_(RecipeManager.java:34) ~[server-1.20.1-20230612.114412-srg.jar%23303!/:?]
	at net.minecraft.server.packs.resources.SimplePreparableReloadListener.m_10789_(SimplePreparableReloadListener.java:13) ~[server-1.20.1-20230612.114412-srg.jar%23303!/:?]
	at java.util.concurrent.CompletableFuture$UniAccept.tryFire(CompletableFuture.java:718) ~[?:?]
	at java.util.concurrent.CompletableFuture$Completion.run(CompletableFuture.java:482) ~[?:?]
	at net.minecraft.server.packs.resources.SimpleReloadInstance.m_143940_(SimpleReloadInstance.java:69) ~[server-1.20.1-20230612.114412-srg.jar%23303!/:?]
	at net.minecraft.Util.m_214652_(Util.java:783) ~[server-1.20.1-20230612.114412-srg.jar%23303!/:?]
	at net.minecraft.Util.m_214679_(Util.java:772) ~[server-1.20.1-20230612.114412-srg.jar%23303!/:?]
	at net.minecraft.server.Main.main(Main.java:166) ~[server-1.20.1-20230612.114412-srg.jar%23303!/:?]
	at jdk.internal.reflect.NativeMethodAccessorImpl.invoke0(Native Method) ~[?:?]
	at jdk.internal.reflect.NativeMethodAccessorImpl.invoke(NativeMethodAccessorImpl.java:77) ~[?:?]
	at jdk.internal.reflect.DelegatingMethodAccessorImpl.invoke(DelegatingMethodAccessorImpl.java:43) ~[?:?]
	at java.lang.reflect.Method.invoke(Method.java:569) ~[?:?]
	at net.minecraftforge.fml.loading.targets.CommonLaunchHandler.runTarget(CommonLaunchHandler.java:111) ~[fmlloader-1.20.1-47.4.0.jar%2369!/:?]
	at net.minecraftforge.fml.loading.targets.CommonLaunchHandler.serverService(CommonLaunchHandler.java:103) ~[fmlloader-1.20.1-47.4.0.jar%2369!/:?]
	at net.minecraftforge.fml.loading.targets.CommonServerLaunchHandler.lambda$makeService$0(CommonServerLaunchHandler.java:27) ~[fmlloader-1.20.1-47.4.0.jar%2369!/:?]
	at cpw.mods.modlauncher.LaunchServiceHandlerDecorator.launch(LaunchServiceHandlerDecorator.java:30) ~[modlauncher-10.0.9.jar%2355!/:?]
	at cpw.mods.modlauncher.LaunchServiceHandler.launch(LaunchServiceHandler.java:53) ~[modlauncher-10.0.9.jar%2355!/:?]
	at cpw.mods.modlauncher.LaunchServiceHandler.launch(LaunchServiceHandler.java:71) ~[modlauncher-10.0.9.jar%2355!/:?]
	at cpw.mods.modlauncher.Launcher.run(Launcher.java:108) ~[modlauncher-10.0.9.jar%2355!/:?]
	at cpw.mods.modlauncher.Launcher.main(Launcher.java:78) ~[modlauncher-10.0.9.jar%2355!/:?]
	at cpw.mods.modlauncher.BootstrapLaunchConsumer.accept(BootstrapLaunchConsumer.java:26) ~[modlauncher-10.0.9.jar%2355!/:?]
	at cpw.mods.modlauncher.BootstrapLaunchConsumer.accept(BootstrapLaunchConsumer.java:23) ~[modlauncher-10.0.9.jar%2355!/:?]
	at cpw.mods.bootstraplauncher.BootstrapLauncher.main(BootstrapLauncher.java:141) ~[bootstraplauncher-1.1.2.jar:?]
[03Jun2025 00:31:59.812] [main/ERROR] [net.minecraft.world.item.crafting.RecipeManager/]: Parsing error loading recipe legendary_monsters:dinosaur_bone_meal
com.google.gson.JsonSyntaxException: Unknown item 'legendary_monsters:dinosaur_bone_meal'
	at net.minecraftforge.common.crafting.CraftingHelper.getItem(CraftingHelper.java:160) ~[forge-1.20.1-47.4.0-universal.jar%23308!/:?]
	at net.minecraftforge.common.crafting.CraftingHelper.getItemStack(CraftingHelper.java:186) ~[forge-1.20.1-47.4.0-universal.jar%23308!/:?]
	at net.minecraft.world.item.crafting.ShapedRecipe.m_151274_(ShapedRecipe.java:286) ~[server-1.20.1-20230612.114412-srg.jar%23303!/:?]
	at net.minecraft.world.item.crafting.ShapedRecipe$Serializer.m_6729_(ShapedRecipe.java:311) ~[server-1.20.1-20230612.114412-srg.jar%23303!/:?]
	at net.minecraft.world.item.crafting.ShapedRecipe$Serializer.m_6729_(ShapedRecipe.java:301) ~[server-1.20.1-20230612.114412-srg.jar%23303!/:?]
	at net.minecraftforge.common.extensions.IForgeRecipeSerializer.fromJson(IForgeRecipeSerializer.java:23) ~[forge-1.20.1-47.4.0-universal.jar%23308!/:?]
	at net.minecraft.world.item.crafting.RecipeManager.fromJson(RecipeManager.java:171) ~[server-1.20.1-20230612.114412-srg.jar%23303!/:?]
	at net.minecraft.world.item.crafting.RecipeManager.m_5787_(RecipeManager.java:67) ~[server-1.20.1-20230612.114412-srg.jar%23303!/:?]
	at net.minecraft.world.item.crafting.RecipeManager.m_5787_(RecipeManager.java:34) ~[server-1.20.1-20230612.114412-srg.jar%23303!/:?]
	at net.minecraft.server.packs.resources.SimplePreparableReloadListener.m_10789_(SimplePreparableReloadListener.java:13) ~[server-1.20.1-20230612.114412-srg.jar%23303!/:?]
	at java.util.concurrent.CompletableFuture$UniAccept.tryFire(CompletableFuture.java:718) ~[?:?]
	at java.util.concurrent.CompletableFuture$Completion.run(CompletableFuture.java:482) ~[?:?]
	at net.minecraft.server.packs.resources.SimpleReloadInstance.m_143940_(SimpleReloadInstance.java:69) ~[server-1.20.1-20230612.114412-srg.jar%23303!/:?]
	at net.minecraft.Util.m_214652_(Util.java:783) ~[server-1.20.1-20230612.114412-srg.jar%23303!/:?]
	at net.minecraft.Util.m_214679_(Util.java:772) ~[server-1.20.1-20230612.114412-srg.jar%23303!/:?]
	at net.minecraft.server.Main.main(Main.java:166) ~[server-1.20.1-20230612.114412-srg.jar%23303!/:?]
	at jdk.internal.reflect.NativeMethodAccessorImpl.invoke0(Native Method) ~[?:?]
	at jdk.internal.reflect.NativeMethodAccessorImpl.invoke(NativeMethodAccessorImpl.java:77) ~[?:?]
	at jdk.internal.reflect.DelegatingMethodAccessorImpl.invoke(DelegatingMethodAccessorImpl.java:43) ~[?:?]
	at java.lang.reflect.Method.invoke(Method.java:569) ~[?:?]
	at net.minecraftforge.fml.loading.targets.CommonLaunchHandler.runTarget(CommonLaunchHandler.java:111) ~[fmlloader-1.20.1-47.4.0.jar%2369!/:?]
	at net.minecraftforge.fml.loading.targets.CommonLaunchHandler.serverService(CommonLaunchHandler.java:103) ~[fmlloader-1.20.1-47.4.0.jar%2369!/:?]
	at net.minecraftforge.fml.loading.targets.CommonServerLaunchHandler.lambda$makeService$0(CommonServerLaunchHandler.java:27) ~[fmlloader-1.20.1-47.4.0.jar%2369!/:?]
	at cpw.mods.modlauncher.LaunchServiceHandlerDecorator.launch(LaunchServiceHandlerDecorator.java:30) ~[modlauncher-10.0.9.jar%2355!/:?]
	at cpw.mods.modlauncher.LaunchServiceHandler.launch(LaunchServiceHandler.java:53) ~[modlauncher-10.0.9.jar%2355!/:?]
	at cpw.mods.modlauncher.LaunchServiceHandler.launch(LaunchServiceHandler.java:71) ~[modlauncher-10.0.9.jar%2355!/:?]
	at cpw.mods.modlauncher.Launcher.run(Launcher.java:108) ~[modlauncher-10.0.9.jar%2355!/:?]
	at cpw.mods.modlauncher.Launcher.main(Launcher.java:78) ~[modlauncher-10.0.9.jar%2355!/:?]
	at cpw.mods.modlauncher.BootstrapLaunchConsumer.accept(BootstrapLaunchConsumer.java:26) ~[modlauncher-10.0.9.jar%2355!/:?]
	at cpw.mods.modlauncher.BootstrapLaunchConsumer.accept(BootstrapLaunchConsumer.java:23) ~[modlauncher-10.0.9.jar%2355!/:?]
	at cpw.mods.bootstraplauncher.BootstrapLauncher.main(BootstrapLauncher.java:141) ~[bootstraplauncher-1.1.2.jar:?]
[03Jun2025 00:31:59.854] [main/INFO] [net.minecraft.world.item.crafting.RecipeManager/]: Skipping loading recipe simpleplanes:plane_book as it's serializer returned null
[03Jun2025 00:31:59.888] [main/INFO] [net.minecraft.world.item.crafting.RecipeManager/]: Skipping loading recipe supplementaries:inspirations/flag_clear as it's serializer returned null
[03Jun2025 00:31:59.891] [main/ERROR] [net.minecraft.world.item.crafting.RecipeManager/]: Parsing error loading recipe legendary_monsters:purified_soul
com.google.gson.JsonSyntaxException: Invalid or unsupported recipe type 'minecraft:brewing'
	at net.minecraft.world.item.crafting.RecipeManager.m_220253_(RecipeManager.java:170) ~[server-1.20.1-20230612.114412-srg.jar%23303!/:?]
	at java.util.Optional.orElseThrow(Optional.java:403) ~[?:?]
	at net.minecraft.world.item.crafting.RecipeManager.fromJson(RecipeManager.java:169) ~[server-1.20.1-20230612.114412-srg.jar%23303!/:?]
	at net.minecraft.world.item.crafting.RecipeManager.m_5787_(RecipeManager.java:67) ~[server-1.20.1-20230612.114412-srg.jar%23303!/:?]
	at net.minecraft.world.item.crafting.RecipeManager.m_5787_(RecipeManager.java:34) ~[server-1.20.1-20230612.114412-srg.jar%23303!/:?]
	at net.minecraft.server.packs.resources.SimplePreparableReloadListener.m_10789_(SimplePreparableReloadListener.java:13) ~[server-1.20.1-20230612.114412-srg.jar%23303!/:?]
	at java.util.concurrent.CompletableFuture$UniAccept.tryFire(CompletableFuture.java:718) ~[?:?]
	at java.util.concurrent.CompletableFuture$Completion.run(CompletableFuture.java:482) ~[?:?]
	at net.minecraft.server.packs.resources.SimpleReloadInstance.m_143940_(SimpleReloadInstance.java:69) ~[server-1.20.1-20230612.114412-srg.jar%23303!/:?]
	at net.minecraft.Util.m_214652_(Util.java:783) ~[server-1.20.1-20230612.114412-srg.jar%23303!/:?]
	at net.minecraft.Util.m_214679_(Util.java:772) ~[server-1.20.1-20230612.114412-srg.jar%23303!/:?]
	at net.minecraft.server.Main.main(Main.java:166) ~[server-1.20.1-20230612.114412-srg.jar%23303!/:?]
	at jdk.internal.reflect.NativeMethodAccessorImpl.invoke0(Native Method) ~[?:?]
	at jdk.internal.reflect.NativeMethodAccessorImpl.invoke(NativeMethodAccessorImpl.java:77) ~[?:?]
	at jdk.internal.reflect.DelegatingMethodAccessorImpl.invoke(DelegatingMethodAccessorImpl.java:43) ~[?:?]
	at java.lang.reflect.Method.invoke(Method.java:569) ~[?:?]
	at net.minecraftforge.fml.loading.targets.CommonLaunchHandler.runTarget(CommonLaunchHandler.java:111) ~[fmlloader-1.20.1-47.4.0.jar%2369!/:?]
	at net.minecraftforge.fml.loading.targets.CommonLaunchHandler.serverService(CommonLaunchHandler.java:103) ~[fmlloader-1.20.1-47.4.0.jar%2369!/:?]
	at net.minecraftforge.fml.loading.targets.CommonServerLaunchHandler.lambda$makeService$0(CommonServerLaunchHandler.java:27) ~[fmlloader-1.20.1-47.4.0.jar%2369!/:?]
	at cpw.mods.modlauncher.LaunchServiceHandlerDecorator.launch(LaunchServiceHandlerDecorator.java:30) ~[modlauncher-10.0.9.jar%2355!/:?]
	at cpw.mods.modlauncher.LaunchServiceHandler.launch(LaunchServiceHandler.java:53) ~[modlauncher-10.0.9.jar%2355!/:?]
	at cpw.mods.modlauncher.LaunchServiceHandler.launch(LaunchServiceHandler.java:71) ~[modlauncher-10.0.9.jar%2355!/:?]
	at cpw.mods.modlauncher.Launcher.run(Launcher.java:108) ~[modlauncher-10.0.9.jar%2355!/:?]
	at cpw.mods.modlauncher.Launcher.main(Launcher.java:78) ~[modlauncher-10.0.9.jar%2355!/:?]
	at cpw.mods.modlauncher.BootstrapLaunchConsumer.accept(BootstrapLaunchConsumer.java:26) ~[modlauncher-10.0.9.jar%2355!/:?]
	at cpw.mods.modlauncher.BootstrapLaunchConsumer.accept(BootstrapLaunchConsumer.java:23) ~[modlauncher-10.0.9.jar%2355!/:?]
	at cpw.mods.bootstraplauncher.BootstrapLauncher.main(BootstrapLauncher.java:141) ~[bootstraplauncher-1.1.2.jar:?]
[03Jun2025 00:31:59.908] [main/ERROR] [net.minecraft.world.item.crafting.RecipeManager/]: Parsing error loading recipe cuffed:information_booklet
com.google.gson.JsonSyntaxException: Unknown item 'cuffed:information_booklet'
	at net.minecraftforge.common.crafting.CraftingHelper.getItem(CraftingHelper.java:160) ~[forge-1.20.1-47.4.0-universal.jar%23308!/:?]
	at net.minecraftforge.common.crafting.CraftingHelper.getItemStack(CraftingHelper.java:186) ~[forge-1.20.1-47.4.0-universal.jar%23308!/:?]
	at net.minecraft.world.item.crafting.ShapedRecipe.m_151274_(ShapedRecipe.java:286) ~[server-1.20.1-20230612.114412-srg.jar%23303!/:?]
	at net.minecraft.world.item.crafting.ShapedRecipe$Serializer.m_6729_(ShapedRecipe.java:311) ~[server-1.20.1-20230612.114412-srg.jar%23303!/:?]
	at net.minecraft.world.item.crafting.ShapedRecipe$Serializer.m_6729_(ShapedRecipe.java:301) ~[server-1.20.1-20230612.114412-srg.jar%23303!/:?]
	at net.minecraftforge.common.extensions.IForgeRecipeSerializer.fromJson(IForgeRecipeSerializer.java:23) ~[forge-1.20.1-47.4.0-universal.jar%23308!/:?]
	at net.minecraft.world.item.crafting.RecipeManager.fromJson(RecipeManager.java:171) ~[server-1.20.1-20230612.114412-srg.jar%23303!/:?]
	at net.minecraft.world.item.crafting.RecipeManager.m_5787_(RecipeManager.java:67) ~[server-1.20.1-20230612.114412-srg.jar%23303!/:?]
	at net.minecraft.world.item.crafting.RecipeManager.m_5787_(RecipeManager.java:34) ~[server-1.20.1-20230612.114412-srg.jar%23303!/:?]
	at net.minecraft.server.packs.resources.SimplePreparableReloadListener.m_10789_(SimplePreparableReloadListener.java:13) ~[server-1.20.1-20230612.114412-srg.jar%23303!/:?]
	at java.util.concurrent.CompletableFuture$UniAccept.tryFire(CompletableFuture.java:718) ~[?:?]
	at java.util.concurrent.CompletableFuture$Completion.run(CompletableFuture.java:482) ~[?:?]
	at net.minecraft.server.packs.resources.SimpleReloadInstance.m_143940_(SimpleReloadInstance.java:69) ~[server-1.20.1-20230612.114412-srg.jar%23303!/:?]
	at net.minecraft.Util.m_214652_(Util.java:783) ~[server-1.20.1-20230612.114412-srg.jar%23303!/:?]
	at net.minecraft.Util.m_214679_(Util.java:772) ~[server-1.20.1-20230612.114412-srg.jar%23303!/:?]
	at net.minecraft.server.Main.main(Main.java:166) ~[server-1.20.1-20230612.114412-srg.jar%23303!/:?]
	at jdk.internal.reflect.NativeMethodAccessorImpl.invoke0(Native Method) ~[?:?]
	at jdk.internal.reflect.NativeMethodAccessorImpl.invoke(NativeMethodAccessorImpl.java:77) ~[?:?]
	at jdk.internal.reflect.DelegatingMethodAccessorImpl.invoke(DelegatingMethodAccessorImpl.java:43) ~[?:?]
	at java.lang.reflect.Method.invoke(Method.java:569) ~[?:?]
	at net.minecraftforge.fml.loading.targets.CommonLaunchHandler.runTarget(CommonLaunchHandler.java:111) ~[fmlloader-1.20.1-47.4.0.jar%2369!/:?]
	at net.minecraftforge.fml.loading.targets.CommonLaunchHandler.serverService(CommonLaunchHandler.java:103) ~[fmlloader-1.20.1-47.4.0.jar%2369!/:?]
	at net.minecraftforge.fml.loading.targets.CommonServerLaunchHandler.lambda$makeService$0(CommonServerLaunchHandler.java:27) ~[fmlloader-1.20.1-47.4.0.jar%2369!/:?]
	at cpw.mods.modlauncher.LaunchServiceHandlerDecorator.launch(LaunchServiceHandlerDecorator.java:30) ~[modlauncher-10.0.9.jar%2355!/:?]
	at cpw.mods.modlauncher.LaunchServiceHandler.launch(LaunchServiceHandler.java:53) ~[modlauncher-10.0.9.jar%2355!/:?]
	at cpw.mods.modlauncher.LaunchServiceHandler.launch(LaunchServiceHandler.java:71) ~[modlauncher-10.0.9.jar%2355!/:?]
	at cpw.mods.modlauncher.Launcher.run(Launcher.java:108) ~[modlauncher-10.0.9.jar%2355!/:?]
	at cpw.mods.modlauncher.Launcher.main(Launcher.java:78) ~[modlauncher-10.0.9.jar%2355!/:?]
	at cpw.mods.modlauncher.BootstrapLaunchConsumer.accept(BootstrapLaunchConsumer.java:26) ~[modlauncher-10.0.9.jar%2355!/:?]
	at cpw.mods.modlauncher.BootstrapLaunchConsumer.accept(BootstrapLaunchConsumer.java:23) ~[modlauncher-10.0.9.jar%2355!/:?]
	at cpw.mods.bootstraplauncher.BootstrapLauncher.main(BootstrapLauncher.java:141) ~[bootstraplauncher-1.1.2.jar:?]
[03Jun2025 00:31:59.928] [main/INFO] [net.minecraft.world.item.crafting.RecipeManager/]: Loaded 44 recipes
[03Jun2025 00:32:00.047] [main/ERROR] [net.minecraft.server.ServerAdvancementManager/]: Parsing error loading custom advancement realisticforgingores:smelting_iron_part_advancement: Expected item to be an item, was unknown string 'realisticforgingores:deleted_mod_element'
[03Jun2025 00:32:00.062] [main/ERROR] [net.minecraft.server.ServerAdvancementManager/]: Parsing error loading custom advancement realisticforgingores:first_drawing: Expected item to be an item, was unknown string 'realisticforgingores:deleted_mod_element'
[03Jun2025 00:32:00.063] [main/ERROR] [net.minecraft.server.ServerAdvancementManager/]: Parsing error loading custom advancement supplementaries:recipes/planter_rich: Unknown item id 'farmersdelight:rich_soil'
[03Jun2025 00:32:00.090] [main/ERROR] [net.minecraft.server.ServerAdvancementManager/]: Parsing error loading custom advancement realisticforgingores:three_iron_scraps: Expected item to be an item, was unknown string 'realisticforgingores:deleted_mod_element'
[03Jun2025 00:32:00.096] [main/ERROR] [net.minecraft.server.ServerAdvancementManager/]: Parsing error loading custom advancement realisticforgingores:assembling_iron_for_sword: Expected item to be an item, was unknown string 'realisticforgingores:deleted_mod_element'
[03Jun2025 00:32:00.141] [main/ERROR] [net.minecraft.server.ServerAdvancementManager/]: Parsing error loading custom advancement realisticforgingores:breaking_diamond_advancement: Expected item to be an item, was unknown string 'realisticforgingores:deleted_mod_element'
[03Jun2025 00:32:00.156] [main/ERROR] [net.minecraft.server.ServerAdvancementManager/]: Parsing error loading custom advancement realisticforgingores:assembling_iron_for_armor: Expected item to be an item, was unknown string 'realisticforgingores:deleted_mod_element'
[03Jun2025 00:32:00.190] [main/INFO] [quark/]: [Automatic Recipe Unlock] Removed 4064 recipe advancements
[03Jun2025 00:32:00.216] [main/ERROR] [net.minecraft.advancements.AdvancementList/]: Couldn't load advancement realisticforgingores:craft_iron_sword: Task Advancement{parentId=realisticforgingores:assembling_iron_for_sword, display=net.minecraft.advancements.DisplayInfo@10e76cba, rewards=AdvancementRewards{experience=0, loot=[], recipes=[], function=net.minecraft.commands.CommandFunction$CacheableFunction@4fe2a756}, criteria={craft_iron_sword_0=net.minecraft.advancements.Criterion@6320172a}, requirements=[[craft_iron_sword_0]], sends_telemetry_event=false}
[03Jun2025 00:32:00.217] [main/ERROR] [net.minecraft.advancements.AdvancementList/]: Couldn't load advancement realisticforgingores:craft_iron_armor: Task Advancement{parentId=realisticforgingores:first_drawing, display=net.minecraft.advancements.DisplayInfo@5cbfde37, rewards=AdvancementRewards{experience=0, loot=[], recipes=[], function=net.minecraft.commands.CommandFunction$CacheableFunction@4fe2a756}, criteria={craft_iron_armor_0=net.minecraft.advancements.Criterion@19f616f9}, requirements=[[craft_iron_armor_0]], sends_telemetry_event=false}
[03Jun2025 00:32:00.217] [main/ERROR] [net.minecraft.advancements.AdvancementList/]: Couldn't load advancement realisticforgingores:crafting_big_pan_advancement: Task Advancement{parentId=realisticforgingores:breaking_diamond_advancement, display=net.minecraft.advancements.DisplayInfo@2ce8b030, rewards=AdvancementRewards{experience=0, loot=[], recipes=[], function=net.minecraft.commands.CommandFunction$CacheableFunction@4fe2a756}, criteria={crafting_big_pan_advancement_0=net.minecraft.advancements.Criterion@5803a8a}, requirements=[[crafting_big_pan_advancement_0]], sends_telemetry_event=false}
[03Jun2025 00:32:00.217] [main/ERROR] [net.minecraft.advancements.AdvancementList/]: Couldn't load advancement realisticforgingores:crafting_diamond_sword_advancement: Task Advancement{parentId=realisticforgingores:deleted_mod_element, display=net.minecraft.advancements.DisplayInfo@2443191c, rewards=AdvancementRewards{experience=0, loot=[], recipes=[], function=net.minecraft.commands.CommandFunction$CacheableFunction@4fe2a756}, criteria={crafting_diamond_sword_advancement_0=net.minecraft.advancements.Criterion@20933374}, requirements=[[crafting_diamond_sword_advancement_0]], sends_telemetry_event=false}
[03Jun2025 00:32:00.217] [main/INFO] [net.minecraft.advancements.AdvancementList/]: Loaded 1155 advancements
[03Jun2025 00:32:00.235] [main/INFO] [sfiomn.legendarysurvivaloverhaul.LegendarySurvivalOverhaul/]: Loaded 6 temperature consumables
[03Jun2025 00:32:00.238] [main/INFO] [sfiomn.legendarysurvivaloverhaul.LegendarySurvivalOverhaul/]: Loaded 44 temperature blocks
[03Jun2025 00:32:00.241] [main/INFO] [sfiomn.legendarysurvivaloverhaul.LegendarySurvivalOverhaul/]: Loaded 193 temperature items
[03Jun2025 00:32:00.243] [main/INFO] [sfiomn.legendarysurvivaloverhaul.LegendarySurvivalOverhaul/]: Loaded 7 temperature biomes
[03Jun2025 00:32:00.245] [main/INFO] [sfiomn.legendarysurvivaloverhaul.LegendarySurvivalOverhaul/]: Loaded 12 temperature fuel items
[03Jun2025 00:32:00.246] [main/INFO] [sfiomn.legendarysurvivaloverhaul.LegendarySurvivalOverhaul/]: Loaded 3 temperature dimensions
[03Jun2025 00:32:00.247] [main/INFO] [sfiomn.legendarysurvivaloverhaul.LegendarySurvivalOverhaul/]: Loaded 2 temperature mounts
[03Jun2025 00:32:00.248] [main/INFO] [sfiomn.legendarysurvivaloverhaul.LegendarySurvivalOverhaul/]: Loaded 0 temperature origins
[03Jun2025 00:32:00.256] [main/INFO] [sfiomn.legendarysurvivaloverhaul.LegendarySurvivalOverhaul/]: Loaded 25 thirst consumables
[03Jun2025 00:32:00.259] [main/INFO] [sfiomn.legendarysurvivaloverhaul.LegendarySurvivalOverhaul/]: Loaded 5 thirst blocks
[03Jun2025 00:32:00.261] [main/INFO] [sfiomn.legendarysurvivaloverhaul.LegendarySurvivalOverhaul/]: Loaded 22 body parts damage sources
[03Jun2025 00:32:00.263] [main/INFO] [sfiomn.legendarysurvivaloverhaul.LegendarySurvivalOverhaul/]: Loaded 6 body healing consumables
[03Jun2025 00:32:00.276] [main/INFO] [top.theillusivec4.curios.Curios/]: Loaded 14 curio slots
[03Jun2025 00:32:00.289] [main/INFO] [top.theillusivec4.curios.Curios/]: Loaded 11 curio entities
[03Jun2025 00:32:00.301] [main/INFO] [com.cstav.evenmoreinstruments.item.emirecord.RecordRepository/]: Successfully loaded burned record evenmoreinstruments:oven_kid
[03Jun2025 00:32:00.302] [main/INFO] [com.cstav.evenmoreinstruments.item.emirecord.RecordRepository/]: Successfully loaded burned record evenmoreinstruments:super_idol
[03Jun2025 00:32:00.304] [main/INFO] [com.cstav.evenmoreinstruments.item.emirecord.RecordRepository/]: Successfully loaded burned record evenmoreinstruments:johnny
[03Jun2025 00:32:00.307] [main/INFO] [com.cstav.evenmoreinstruments.item.emirecord.RecordRepository/]: Successfully loaded burned record evenmoreinstruments:rickroll
[03Jun2025 00:32:00.308] [main/INFO] [com.cstav.evenmoreinstruments.item.emirecord.RecordRepository/]: Successfully loaded burned record evenmoreinstruments:sad_violin
[03Jun2025 00:32:00.318] [main/INFO] [quark-zeta/]: Modified advancement minecraft:husbandry/wax_on with 2 patches
[03Jun2025 00:32:00.319] [main/INFO] [quark-zeta/]: Modified advancement minecraft:adventure/kill_a_mob with 3 patches
[03Jun2025 00:32:00.319] [main/INFO] [quark-zeta/]: Modified advancement minecraft:husbandry/bred_all_animals with 3 patches
[03Jun2025 00:32:00.319] [main/INFO] [quark-zeta/]: Modified advancement minecraft:adventure/kill_all_mobs with 3 patches
[03Jun2025 00:32:00.320] [main/INFO] [quark-zeta/]: Modified advancement minecraft:husbandry/balanced_diet with 3 patches
[03Jun2025 00:32:00.320] [main/INFO] [quark-zeta/]: Modified advancement minecraft:husbandry/plant_seed with 1 patches
[03Jun2025 00:32:00.320] [main/INFO] [quark-zeta/]: Modified advancement minecraft:nether/all_effects with 2 patches
[03Jun2025 00:32:00.320] [main/INFO] [quark-zeta/]: Modified advancement minecraft:husbandry/wax_off with 2 patches
[03Jun2025 00:32:00.320] [main/INFO] [quark-zeta/]: Modified advancement minecraft:adventure/adventuring_time with 1 patches
[03Jun2025 00:32:00.320] [main/INFO] [quark-zeta/]: Modified advancement minecraft:nether/all_potions with 1 patches
[03Jun2025 00:32:00.328] [main/INFO] [Supplementaries/]: Loaded 27 flute songs
[03Jun2025 00:32:00.349] [main/WARN] [net.minecraft.core.MappedRegistry/]: Not all defined tags for registry ResourceKey[minecraft:root / minecraft:worldgen/biome] are present in data pack: minecraft:is_plains
[03Jun2025 00:32:00.393] [main/WARN] [net.minecraftforge.registries.NamespacedWrapper/]: Not all defined tags for registry ResourceKey[minecraft:root / minecraft:block] are present in data pack: minecraft:overworld_carver_replaceables
[03Jun2025 00:32:06.483] [main/INFO] [Moonlight/]: Applied 7 data villager trades
[03Jun2025 00:32:06.546] [main/INFO] [Supplementaries/]: Finished additional setup in 0 ms
[03Jun2025 00:32:06.887] [Server thread/INFO] [net.minecraft.server.dedicated.DedicatedServer/]: Starting minecraft server version 1.20.1
[03Jun2025 00:32:06.887] [Server thread/INFO] [net.minecraft.server.dedicated.DedicatedServer/]: Loading properties
[03Jun2025 00:32:06.888] [Server thread/INFO] [net.minecraft.server.dedicated.DedicatedServer/]: Default game type: SURVIVAL
[03Jun2025 00:32:06.888] [Server thread/INFO] [net.minecraft.server.MinecraftServer/]: Generating keypair
[03Jun2025 00:32:07.019] [Server thread/INFO] [net.minecraft.server.dedicated.DedicatedServer/]: Starting Minecraft server on *:25565
[03Jun2025 00:32:07.038] [Server thread/INFO] [net.minecraft.server.network.ServerConnectionListener/]: Using epoll channel type
[03Jun2025 00:32:07.121] [Server thread/WARN] [net.minecraft.server.dedicated.DedicatedServer/]: **** SERVER IS RUNNING IN OFFLINE/INSECURE MODE!
[03Jun2025 00:32:07.122] [Server thread/WARN] [net.minecraft.server.dedicated.DedicatedServer/]: The server will make no attempt to authenticate usernames. Beware.
[03Jun2025 00:32:07.122] [Server thread/WARN] [net.minecraft.server.dedicated.DedicatedServer/]: While this makes the game possible to play without internet access, it also opens up the ability for hackers to connect with any username they choose.
[03Jun2025 00:32:07.122] [Server thread/WARN] [net.minecraft.server.dedicated.DedicatedServer/]: To change this, set "online-mode" to "true" in the server.properties file.
[03Jun2025 00:32:07.138] [Server thread/WARN] [net.minecraftforge.common.ForgeConfigSpec/CORE]: Configuration file ./world/serverconfig/sophisticatedbackpacks-server.toml is not correct. Correcting
[03Jun2025 00:32:07.139] [Server thread/WARN] [net.minecraftforge.common.ForgeConfigSpec/CORE]: Incorrect key server was corrected from null to its default, SimpleCommentedConfig:{}. 
[03Jun2025 00:32:07.139] [Server thread/WARN] [net.minecraftforge.common.ForgeConfigSpec/CORE]: Incorrect key server.disallowedItems was corrected from null to its default, []. 
[03Jun2025 00:32:07.139] [Server thread/WARN] [net.minecraftforge.common.ForgeConfigSpec/CORE]: Incorrect key server.containerItemsDisallowed was corrected from null to its default, false. 
[03Jun2025 00:32:07.140] [Server thread/WARN] [net.minecraftforge.common.ForgeConfigSpec/CORE]: Incorrect key server.noInteractionBlocks was corrected from null to its default, []. 
[03Jun2025 00:32:07.140] [Server thread/WARN] [net.minecraftforge.common.ForgeConfigSpec/CORE]: Incorrect key server.noConnectionBlocks was corrected from null to its default, []. 
[03Jun2025 00:32:07.140] [Server thread/WARN] [net.minecraftforge.common.ForgeConfigSpec/CORE]: Incorrect key server.leatherBackpack was corrected from null to its default, SimpleCommentedConfig:{}. 
[03Jun2025 00:32:07.141] [Server thread/WARN] [net.minecraftforge.common.ForgeConfigSpec/CORE]: Incorrect key server.leatherBackpack.inventorySlotCount was corrected from null to its default, 27. 
[03Jun2025 00:32:07.141] [Server thread/WARN] [net.minecraftforge.common.ForgeConfigSpec/CORE]: Incorrect key server.leatherBackpack.upgradeSlotCount was corrected from null to its default, 1. 
[03Jun2025 00:32:07.141] [Server thread/WARN] [net.minecraftforge.common.ForgeConfigSpec/CORE]: Incorrect key server.copperBackpack was corrected from null to its default, SimpleCommentedConfig:{}. 
[03Jun2025 00:32:07.141] [Server thread/WARN] [net.minecraftforge.common.ForgeConfigSpec/CORE]: Incorrect key server.copperBackpack.inventorySlotCount was corrected from null to its default, 45. 
[03Jun2025 00:32:07.142] [Server thread/WARN] [net.minecraftforge.common.ForgeConfigSpec/CORE]: Incorrect key server.copperBackpack.upgradeSlotCount was corrected from null to its default, 1. 
[03Jun2025 00:32:07.142] [Server thread/WARN] [net.minecraftforge.common.ForgeConfigSpec/CORE]: Incorrect key server.ironBackpack was corrected from null to its default, SimpleCommentedConfig:{}. 
[03Jun2025 00:32:07.143] [Server thread/WARN] [net.minecraftforge.common.ForgeConfigSpec/CORE]: Incorrect key server.ironBackpack.inventorySlotCount was corrected from null to its default, 54. 
[03Jun2025 00:32:07.144] [Server thread/WARN] [net.minecraftforge.common.ForgeConfigSpec/CORE]: Incorrect key server.ironBackpack.upgradeSlotCount was corrected from null to its default, 2. 
[03Jun2025 00:32:07.145] [Server thread/WARN] [net.minecraftforge.common.ForgeConfigSpec/CORE]: Incorrect key server.goldBackpack was corrected from null to its default, SimpleCommentedConfig:{}. 
[03Jun2025 00:32:07.145] [Server thread/WARN] [net.minecraftforge.common.ForgeConfigSpec/CORE]: Incorrect key server.goldBackpack.inventorySlotCount was corrected from null to its default, 81. 
[03Jun2025 00:32:07.146] [Server thread/WARN] [net.minecraftforge.common.ForgeConfigSpec/CORE]: Incorrect key server.goldBackpack.upgradeSlotCount was corrected from null to its default, 3. 
[03Jun2025 00:32:07.147] [Server thread/WARN] [net.minecraftforge.common.ForgeConfigSpec/CORE]: Incorrect key server.diamondBackpack was corrected from null to its default, SimpleCommentedConfig:{}. 
[03Jun2025 00:32:07.148] [Server thread/WARN] [net.minecraftforge.common.ForgeConfigSpec/CORE]: Incorrect key server.diamondBackpack.inventorySlotCount was corrected from null to its default, 108. 
[03Jun2025 00:32:07.149] [Server thread/WARN] [net.minecraftforge.common.ForgeConfigSpec/CORE]: Incorrect key server.diamondBackpack.upgradeSlotCount was corrected from null to its default, 5. 
[03Jun2025 00:32:07.149] [Server thread/WARN] [net.minecraftforge.common.ForgeConfigSpec/CORE]: Incorrect key server.netheriteBackpack was corrected from null to its default, SimpleCommentedConfig:{}. 
[03Jun2025 00:32:07.150] [Server thread/WARN] [net.minecraftforge.common.ForgeConfigSpec/CORE]: Incorrect key server.netheriteBackpack.inventorySlotCount was corrected from null to its default, 120. 
[03Jun2025 00:32:07.151] [Server thread/WARN] [net.minecraftforge.common.ForgeConfigSpec/CORE]: Incorrect key server.netheriteBackpack.upgradeSlotCount was corrected from null to its default, 7. 
[03Jun2025 00:32:07.152] [Server thread/WARN] [net.minecraftforge.common.ForgeConfigSpec/CORE]: Incorrect key server.compactingUpgrade was corrected from null to its default, SimpleCommentedConfig:{}. 
[03Jun2025 00:32:07.152] [Server thread/WARN] [net.minecraftforge.common.ForgeConfigSpec/CORE]: Incorrect key server.compactingUpgrade.filterSlots was corrected from null to its default, 9. 
[03Jun2025 00:32:07.153] [Server thread/WARN] [net.minecraftforge.common.ForgeConfigSpec/CORE]: Incorrect key server.compactingUpgrade.slotsInRow was corrected from null to its default, 3. 
[03Jun2025 00:32:07.154] [Server thread/WARN] [net.minecraftforge.common.ForgeConfigSpec/CORE]: Incorrect key server.advancedCompactingUpgrade was corrected from null to its default, SimpleCommentedConfig:{}. 
[03Jun2025 00:32:07.155] [Server thread/WARN] [net.minecraftforge.common.ForgeConfigSpec/CORE]: Incorrect key server.advancedCompactingUpgrade.filterSlots was corrected from null to its default, 16. 
[03Jun2025 00:32:07.155] [Server thread/WARN] [net.minecraftforge.common.ForgeConfigSpec/CORE]: Incorrect key server.advancedCompactingUpgrade.slotsInRow was corrected from null to its default, 4. 
[03Jun2025 00:32:07.155] [Server thread/WARN] [net.minecraftforge.common.ForgeConfigSpec/CORE]: Incorrect key server.depositUpgrade was corrected from null to its default, SimpleCommentedConfig:{}. 
[03Jun2025 00:32:07.156] [Server thread/WARN] [net.minecraftforge.common.ForgeConfigSpec/CORE]: Incorrect key server.depositUpgrade.filterSlots was corrected from null to its default, 9. 
[03Jun2025 00:32:07.156] [Server thread/WARN] [net.minecraftforge.common.ForgeConfigSpec/CORE]: Incorrect key server.depositUpgrade.slotsInRow was corrected from null to its default, 3. 
[03Jun2025 00:32:07.156] [Server thread/WARN] [net.minecraftforge.common.ForgeConfigSpec/CORE]: Incorrect key server.advancedDepositUpgrade was corrected from null to its default, SimpleCommentedConfig:{}. 
[03Jun2025 00:32:07.156] [Server thread/WARN] [net.minecraftforge.common.ForgeConfigSpec/CORE]: Incorrect key server.advancedDepositUpgrade.filterSlots was corrected from null to its default, 16. 
[03Jun2025 00:32:07.158] [Server thread/WARN] [net.minecraftforge.common.ForgeConfigSpec/CORE]: Incorrect key server.advancedDepositUpgrade.slotsInRow was corrected from null to its default, 4. 
[03Jun2025 00:32:07.159] [Server thread/WARN] [net.minecraftforge.common.ForgeConfigSpec/CORE]: Incorrect key server.feedingUpgrade was corrected from null to its default, SimpleCommentedConfig:{}. 
[03Jun2025 00:32:07.159] [Server thread/WARN] [net.minecraftforge.common.ForgeConfigSpec/CORE]: Incorrect key server.feedingUpgrade.filterSlots was corrected from null to its default, 9. 
[03Jun2025 00:32:07.159] [Server thread/WARN] [net.minecraftforge.common.ForgeConfigSpec/CORE]: Incorrect key server.feedingUpgrade.slotsInRow was corrected from null to its default, 3. 
[03Jun2025 00:32:07.160] [Server thread/WARN] [net.minecraftforge.common.ForgeConfigSpec/CORE]: Incorrect key server.advancedFeedingUpgrade was corrected from null to its default, SimpleCommentedConfig:{}. 
[03Jun2025 00:32:07.160] [Server thread/WARN] [net.minecraftforge.common.ForgeConfigSpec/CORE]: Incorrect key server.advancedFeedingUpgrade.filterSlots was corrected from null to its default, 16. 
[03Jun2025 00:32:07.160] [Server thread/WARN] [net.minecraftforge.common.ForgeConfigSpec/CORE]: Incorrect key server.advancedFeedingUpgrade.slotsInRow was corrected from null to its default, 4. 
[03Jun2025 00:32:07.161] [Server thread/WARN] [net.minecraftforge.common.ForgeConfigSpec/CORE]: Incorrect key server.filterUpgrade was corrected from null to its default, SimpleCommentedConfig:{}. 
[03Jun2025 00:32:07.161] [Server thread/WARN] [net.minecraftforge.common.ForgeConfigSpec/CORE]: Incorrect key server.filterUpgrade.filterSlots was corrected from null to its default, 9. 
[03Jun2025 00:32:07.161] [Server thread/WARN] [net.minecraftforge.common.ForgeConfigSpec/CORE]: Incorrect key server.filterUpgrade.slotsInRow was corrected from null to its default, 3. 
[03Jun2025 00:32:07.162] [Server thread/WARN] [net.minecraftforge.common.ForgeConfigSpec/CORE]: Incorrect key server.advancedFilterUpgrade was corrected from null to its default, SimpleCommentedConfig:{}. 
[03Jun2025 00:32:07.162] [Server thread/WARN] [net.minecraftforge.common.ForgeConfigSpec/CORE]: Incorrect key server.advancedFilterUpgrade.filterSlots was corrected from null to its default, 16. 
[03Jun2025 00:32:07.162] [Server thread/WARN] [net.minecraftforge.common.ForgeConfigSpec/CORE]: Incorrect key server.advancedFilterUpgrade.slotsInRow was corrected from null to its default, 4. 
[03Jun2025 00:32:07.163] [Server thread/WARN] [net.minecraftforge.common.ForgeConfigSpec/CORE]: Incorrect key server.magnetUpgrade was corrected from null to its default, SimpleCommentedConfig:{}. 
[03Jun2025 00:32:07.163] [Server thread/WARN] [net.minecraftforge.common.ForgeConfigSpec/CORE]: Incorrect key server.magnetUpgrade.filterSlots was corrected from null to its default, 9. 
[03Jun2025 00:32:07.163] [Server thread/WARN] [net.minecraftforge.common.ForgeConfigSpec/CORE]: Incorrect key server.magnetUpgrade.slotsInRow was corrected from null to its default, 3. 
[03Jun2025 00:32:07.164] [Server thread/WARN] [net.minecraftforge.common.ForgeConfigSpec/CORE]: Incorrect key server.magnetUpgrade.magnetRange was corrected from null to its default, 3. 
[03Jun2025 00:32:07.164] [Server thread/WARN] [net.minecraftforge.common.ForgeConfigSpec/CORE]: Incorrect key server.advancedMagnetUpgrade was corrected from null to its default, SimpleCommentedConfig:{}. 
[03Jun2025 00:32:07.165] [Server thread/WARN] [net.minecraftforge.common.ForgeConfigSpec/CORE]: Incorrect key server.advancedMagnetUpgrade.filterSlots was corrected from null to its default, 16. 
[03Jun2025 00:32:07.165] [Server thread/WARN] [net.minecraftforge.common.ForgeConfigSpec/CORE]: Incorrect key server.advancedMagnetUpgrade.slotsInRow was corrected from null to its default, 4. 
[03Jun2025 00:32:07.165] [Server thread/WARN] [net.minecraftforge.common.ForgeConfigSpec/CORE]: Incorrect key server.advancedMagnetUpgrade.magnetRange was corrected from null to its default, 5. 
[03Jun2025 00:32:07.166] [Server thread/WARN] [net.minecraftforge.common.ForgeConfigSpec/CORE]: Incorrect key server.pickupUpgrade was corrected from null to its default, SimpleCommentedConfig:{}. 
[03Jun2025 00:32:07.166] [Server thread/WARN] [net.minecraftforge.common.ForgeConfigSpec/CORE]: Incorrect key server.pickupUpgrade.filterSlots was corrected from null to its default, 9. 
[03Jun2025 00:32:07.166] [Server thread/WARN] [net.minecraftforge.common.ForgeConfigSpec/CORE]: Incorrect key server.pickupUpgrade.slotsInRow was corrected from null to its default, 3. 
[03Jun2025 00:32:07.167] [Server thread/WARN] [net.minecraftforge.common.ForgeConfigSpec/CORE]: Incorrect key server.advancedPickupUpgrade was corrected from null to its default, SimpleCommentedConfig:{}. 
[03Jun2025 00:32:07.167] [Server thread/WARN] [net.minecraftforge.common.ForgeConfigSpec/CORE]: Incorrect key server.advancedPickupUpgrade.filterSlots was corrected from null to its default, 16. 
[03Jun2025 00:32:07.167] [Server thread/WARN] [net.minecraftforge.common.ForgeConfigSpec/CORE]: Incorrect key server.advancedPickupUpgrade.slotsInRow was corrected from null to its default, 4. 
[03Jun2025 00:32:07.167] [Server thread/WARN] [net.minecraftforge.common.ForgeConfigSpec/CORE]: Incorrect key server.refillUpgrade was corrected from null to its default, SimpleCommentedConfig:{}. 
[03Jun2025 00:32:07.168] [Server thread/WARN] [net.minecraftforge.common.ForgeConfigSpec/CORE]: Incorrect key server.refillUpgrade.filterSlots was corrected from null to its default, 6. 
[03Jun2025 00:32:07.168] [Server thread/WARN] [net.minecraftforge.common.ForgeConfigSpec/CORE]: Incorrect key server.refillUpgrade.slotsInRow was corrected from null to its default, 3. 
[03Jun2025 00:32:07.168] [Server thread/WARN] [net.minecraftforge.common.ForgeConfigSpec/CORE]: Incorrect key server.advancedRefillUpgrade was corrected from null to its default, SimpleCommentedConfig:{}. 
[03Jun2025 00:32:07.168] [Server thread/WARN] [net.minecraftforge.common.ForgeConfigSpec/CORE]: Incorrect key server.advancedRefillUpgrade.filterSlots was corrected from null to its default, 12. 
[03Jun2025 00:32:07.170] [Server thread/WARN] [net.minecraftforge.common.ForgeConfigSpec/CORE]: Incorrect key server.advancedRefillUpgrade.slotsInRow was corrected from null to its default, 4. 
[03Jun2025 00:32:07.170] [Server thread/WARN] [net.minecraftforge.common.ForgeConfigSpec/CORE]: Incorrect key server.restockUpgrade was corrected from null to its default, SimpleCommentedConfig:{}. 
[03Jun2025 00:32:07.171] [Server thread/WARN] [net.minecraftforge.common.ForgeConfigSpec/CORE]: Incorrect key server.restockUpgrade.filterSlots was corrected from null to its default, 9. 
[03Jun2025 00:32:07.171] [Server thread/WARN] [net.minecraftforge.common.ForgeConfigSpec/CORE]: Incorrect key server.restockUpgrade.slotsInRow was corrected from null to its default, 3. 
[03Jun2025 00:32:07.171] [Server thread/WARN] [net.minecraftforge.common.ForgeConfigSpec/CORE]: Incorrect key server.advancedRestockUpgrade was corrected from null to its default, SimpleCommentedConfig:{}. 
[03Jun2025 00:32:07.171] [Server thread/WARN] [net.minecraftforge.common.ForgeConfigSpec/CORE]: Incorrect key server.advancedRestockUpgrade.filterSlots was corrected from null to its default, 16. 
[03Jun2025 00:32:07.172] [Server thread/WARN] [net.minecraftforge.common.ForgeConfigSpec/CORE]: Incorrect key server.advancedRestockUpgrade.slotsInRow was corrected from null to its default, 4. 
[03Jun2025 00:32:07.172] [Server thread/WARN] [net.minecraftforge.common.ForgeConfigSpec/CORE]: Incorrect key server.voidUpgrade was corrected from null to its default, SimpleCommentedConfig:{}. 
[03Jun2025 00:32:07.172] [Server thread/WARN] [net.minecraftforge.common.ForgeConfigSpec/CORE]: Incorrect key server.voidUpgrade.filterSlots was corrected from null to its default, 9. 
[03Jun2025 00:32:07.172] [Server thread/WARN] [net.minecraftforge.common.ForgeConfigSpec/CORE]: Incorrect key server.voidUpgrade.slotsInRow was corrected from null to its default, 3. 
[03Jun2025 00:32:07.172] [Server thread/WARN] [net.minecraftforge.common.ForgeConfigSpec/CORE]: Incorrect key server.voidUpgrade.voidAnythingEnabled was corrected from null to its default, true. 
[03Jun2025 00:32:07.173] [Server thread/WARN] [net.minecraftforge.common.ForgeConfigSpec/CORE]: Incorrect key server.advancedVoidUpgrade was corrected from null to its default, SimpleCommentedConfig:{}. 
[03Jun2025 00:32:07.173] [Server thread/WARN] [net.minecraftforge.common.ForgeConfigSpec/CORE]: Incorrect key server.advancedVoidUpgrade.filterSlots was corrected from null to its default, 16. 
[03Jun2025 00:32:07.173] [Server thread/WARN] [net.minecraftforge.common.ForgeConfigSpec/CORE]: Incorrect key server.advancedVoidUpgrade.slotsInRow was corrected from null to its default, 4. 
[03Jun2025 00:32:07.175] [Server thread/WARN] [net.minecraftforge.common.ForgeConfigSpec/CORE]: Incorrect key server.advancedVoidUpgrade.voidAnythingEnabled was corrected from null to its default, true. 
[03Jun2025 00:32:07.176] [Server thread/WARN] [net.minecraftforge.common.ForgeConfigSpec/CORE]: Incorrect key server.stackUpgrade was corrected from null to its default, SimpleCommentedConfig:{}. 
[03Jun2025 00:32:07.177] [Server thread/WARN] [net.minecraftforge.common.ForgeConfigSpec/CORE]: Incorrect key server.stackUpgrade.nonStackableItems was corrected from null to its default, [minecraft:bundle, minecraft:shulker_box, minecraft:white_shulker_box, minecraft:orange_shulker_box, minecraft:magenta_shulker_box, minecraft:light_blue_shulker_box, minecraft:yellow_shulker_box, minecraft:lime_shulker_box, minecraft:pink_shulker_box, minecraft:gray_shulker_box, minecraft:light_gray_shulker_box, minecraft:cyan_shulker_box, minecraft:purple_shulker_box, minecraft:blue_shulker_box, minecraft:brown_shulker_box, minecraft:green_shulker_box, minecraft:red_shulker_box, minecraft:black_shulker_box]. 
[03Jun2025 00:32:07.178] [Server thread/WARN] [net.minecraftforge.common.ForgeConfigSpec/CORE]: Incorrect key server.smeltingUpgrade was corrected from null to its default, SimpleCommentedConfig:{}. 
[03Jun2025 00:32:07.178] [Server thread/WARN] [net.minecraftforge.common.ForgeConfigSpec/CORE]: Incorrect key server.smeltingUpgrade.smeltingSpeedMultiplier was corrected from null to its default, 1.0. 
[03Jun2025 00:32:07.178] [Server thread/WARN] [net.minecraftforge.common.ForgeConfigSpec/CORE]: Incorrect key server.smeltingUpgrade.fuelEfficiencyMultiplier was corrected from null to its default, 1.0. 
[03Jun2025 00:32:07.180] [Server thread/WARN] [net.minecraftforge.common.ForgeConfigSpec/CORE]: Incorrect key server.smokingUpgrade was corrected from null to its default, SimpleCommentedConfig:{}. 
[03Jun2025 00:32:07.180] [Server thread/WARN] [net.minecraftforge.common.ForgeConfigSpec/CORE]: Incorrect key server.smokingUpgrade.smeltingSpeedMultiplier was corrected from null to its default, 1.0. 
[03Jun2025 00:32:07.181] [Server thread/WARN] [net.minecraftforge.common.ForgeConfigSpec/CORE]: Incorrect key server.smokingUpgrade.fuelEfficiencyMultiplier was corrected from null to its default, 1.0. 
[03Jun2025 00:32:07.182] [Server thread/WARN] [net.minecraftforge.common.ForgeConfigSpec/CORE]: Incorrect key server.blastingUpgrade was corrected from null to its default, SimpleCommentedConfig:{}. 
[03Jun2025 00:32:07.183] [Server thread/WARN] [net.minecraftforge.common.ForgeConfigSpec/CORE]: Incorrect key server.blastingUpgrade.smeltingSpeedMultiplier was corrected from null to its default, 1.0. 
[03Jun2025 00:32:07.184] [Server thread/WARN] [net.minecraftforge.common.ForgeConfigSpec/CORE]: Incorrect key server.blastingUpgrade.fuelEfficiencyMultiplier was corrected from null to its default, 1.0. 
[03Jun2025 00:32:07.184] [Server thread/WARN] [net.minecraftforge.common.ForgeConfigSpec/CORE]: Incorrect key server.autoSmeltingUpgrade was corrected from null to its default, SimpleCommentedConfig:{}. 
[03Jun2025 00:32:07.184] [Server thread/WARN] [net.minecraftforge.common.ForgeConfigSpec/CORE]: Incorrect key server.autoSmeltingUpgrade.smeltingSpeedMultiplier was corrected from null to its default, 1.0. 
[03Jun2025 00:32:07.184] [Server thread/WARN] [net.minecraftforge.common.ForgeConfigSpec/CORE]: Incorrect key server.autoSmeltingUpgrade.fuelEfficiencyMultiplier was corrected from null to its default, 1.0. 
[03Jun2025 00:32:07.185] [Server thread/WARN] [net.minecraftforge.common.ForgeConfigSpec/CORE]: Incorrect key server.autoSmeltingUpgrade.inputFilterSlots was corrected from null to its default, 8. 
[03Jun2025 00:32:07.185] [Server thread/WARN] [net.minecraftforge.common.ForgeConfigSpec/CORE]: Incorrect key server.autoSmeltingUpgrade.inputFilterSlotsInRow was corrected from null to its default, 4. 
[03Jun2025 00:32:07.185] [Server thread/WARN] [net.minecraftforge.common.ForgeConfigSpec/CORE]: Incorrect key server.autoSmeltingUpgrade.fuelFilterSlots was corrected from null to its default, 4. 
[03Jun2025 00:32:07.185] [Server thread/WARN] [net.minecraftforge.common.ForgeConfigSpec/CORE]: Incorrect key server.autoSmeltingUpgrade.fuelFilterSlotsInRow was corrected from null to its default, 4. 
[03Jun2025 00:32:07.185] [Server thread/WARN] [net.minecraftforge.common.ForgeConfigSpec/CORE]: Incorrect key server.autoSmokingUpgrade was corrected from null to its default, SimpleCommentedConfig:{}. 
[03Jun2025 00:32:07.185] [Server thread/WARN] [net.minecraftforge.common.ForgeConfigSpec/CORE]: Incorrect key server.autoSmokingUpgrade.smeltingSpeedMultiplier was corrected from null to its default, 1.0. 
[03Jun2025 00:32:07.186] [Server thread/WARN] [net.minecraftforge.common.ForgeConfigSpec/CORE]: Incorrect key server.autoSmokingUpgrade.fuelEfficiencyMultiplier was corrected from null to its default, 1.0. 
[03Jun2025 00:32:07.186] [Server thread/WARN] [net.minecraftforge.common.ForgeConfigSpec/CORE]: Incorrect key server.autoSmokingUpgrade.inputFilterSlots was corrected from null to its default, 8. 
[03Jun2025 00:32:07.186] [Server thread/WARN] [net.minecraftforge.common.ForgeConfigSpec/CORE]: Incorrect key server.autoSmokingUpgrade.inputFilterSlotsInRow was corrected from null to its default, 4. 
[03Jun2025 00:32:07.188] [Server thread/WARN] [net.minecraftforge.common.ForgeConfigSpec/CORE]: Incorrect key server.autoSmokingUpgrade.fuelFilterSlots was corrected from null to its default, 4. 
[03Jun2025 00:32:07.188] [Server thread/WARN] [net.minecraftforge.common.ForgeConfigSpec/CORE]: Incorrect key server.autoSmokingUpgrade.fuelFilterSlotsInRow was corrected from null to its default, 4. 
[03Jun2025 00:32:07.189] [Server thread/WARN] [net.minecraftforge.common.ForgeConfigSpec/CORE]: Incorrect key server.autoBlastingUpgrade was corrected from null to its default, SimpleCommentedConfig:{}. 
[03Jun2025 00:32:07.189] [Server thread/WARN] [net.minecraftforge.common.ForgeConfigSpec/CORE]: Incorrect key server.autoBlastingUpgrade.smeltingSpeedMultiplier was corrected from null to its default, 1.0. 
[03Jun2025 00:32:07.189] [Server thread/WARN] [net.minecraftforge.common.ForgeConfigSpec/CORE]: Incorrect key server.autoBlastingUpgrade.fuelEfficiencyMultiplier was corrected from null to its default, 1.0. 
[03Jun2025 00:32:07.189] [Server thread/WARN] [net.minecraftforge.common.ForgeConfigSpec/CORE]: Incorrect key server.autoBlastingUpgrade.inputFilterSlots was corrected from null to its default, 8. 
[03Jun2025 00:32:07.189] [Server thread/WARN] [net.minecraftforge.common.ForgeConfigSpec/CORE]: Incorrect key server.autoBlastingUpgrade.inputFilterSlotsInRow was corrected from null to its default, 4. 
[03Jun2025 00:32:07.191] [Server thread/WARN] [net.minecraftforge.common.ForgeConfigSpec/CORE]: Incorrect key server.autoBlastingUpgrade.fuelFilterSlots was corrected from null to its default, 4. 
[03Jun2025 00:32:07.191] [Server thread/WARN] [net.minecraftforge.common.ForgeConfigSpec/CORE]: Incorrect key server.autoBlastingUpgrade.fuelFilterSlotsInRow was corrected from null to its default, 4. 
[03Jun2025 00:32:07.192] [Server thread/WARN] [net.minecraftforge.common.ForgeConfigSpec/CORE]: Incorrect key server.inceptionUpgrade was corrected from null to its default, SimpleCommentedConfig:{}. 
[03Jun2025 00:32:07.192] [Server thread/WARN] [net.minecraftforge.common.ForgeConfigSpec/CORE]: Incorrect key server.inceptionUpgrade.upgradesUseInventoriesOfBackpacksInBackpack was corrected from null to its default, true. 
[03Jun2025 00:32:07.193] [Server thread/WARN] [net.minecraftforge.common.ForgeConfigSpec/CORE]: Incorrect key server.inceptionUpgrade.upgradesInContainedBackpacksAreFunctional was corrected from null to its default, true. 
[03Jun2025 00:32:07.193] [Server thread/WARN] [net.minecraftforge.common.ForgeConfigSpec/CORE]: Incorrect key server.toolSwapperUpgrade was corrected from null to its default, SimpleCommentedConfig:{}. 
[03Jun2025 00:32:07.193] [Server thread/WARN] [net.minecraftforge.common.ForgeConfigSpec/CORE]: Incorrect key server.toolSwapperUpgrade.filterSlots was corrected from null to its default, 8. 
[03Jun2025 00:32:07.194] [Server thread/WARN] [net.minecraftforge.common.ForgeConfigSpec/CORE]: Incorrect key server.toolSwapperUpgrade.slotsInRow was corrected from null to its default, 4. 
[03Jun2025 00:32:07.194] [Server thread/WARN] [net.minecraftforge.common.ForgeConfigSpec/CORE]: Incorrect key server.tankUpgrade was corrected from null to its default, SimpleCommentedConfig:{}. 
[03Jun2025 00:32:07.195] [Server thread/WARN] [net.minecraftforge.common.ForgeConfigSpec/CORE]: Incorrect key server.tankUpgrade.capacityPerSlotRow was corrected from null to its default, 4000. 
[03Jun2025 00:32:07.195] [Server thread/WARN] [net.minecraftforge.common.ForgeConfigSpec/CORE]: Incorrect key server.tankUpgrade.stackMultiplierRatio was corrected from null to its default, 1.0. 
[03Jun2025 00:32:07.195] [Server thread/WARN] [net.minecraftforge.common.ForgeConfigSpec/CORE]: Incorrect key server.tankUpgrade.autoFillDrainContainerCooldown was corrected from null to its default, 20. 
[03Jun2025 00:32:07.196] [Server thread/WARN] [net.minecraftforge.common.ForgeConfigSpec/CORE]: Incorrect key server.tankUpgrade.maxInputOutput was corrected from null to its default, 20. 
[03Jun2025 00:32:07.196] [Server thread/WARN] [net.minecraftforge.common.ForgeConfigSpec/CORE]: Incorrect key server.tankUpgrade.energyPerSlotRow was corrected from null to its default, 10000. 
[03Jun2025 00:32:07.196] [Server thread/WARN] [net.minecraftforge.common.ForgeConfigSpec/CORE]: Incorrect key server.pumpUpgrade was corrected from null to its default, SimpleCommentedConfig:{}. 
[03Jun2025 00:32:07.197] [Server thread/WARN] [net.minecraftforge.common.ForgeConfigSpec/CORE]: Incorrect key server.pumpUpgrade.filterSlots was corrected from null to its default, 4. 
[03Jun2025 00:32:07.197] [Server thread/WARN] [net.minecraftforge.common.ForgeConfigSpec/CORE]: Incorrect key server.pumpUpgrade.maxInputOutput was corrected from null to its default, 20. 
[03Jun2025 00:32:07.197] [Server thread/WARN] [net.minecraftforge.common.ForgeConfigSpec/CORE]: Incorrect key server.pumpUpgrade.stackMultiplierRatio was corrected from null to its default, 1.0. 
[03Jun2025 00:32:07.198] [Server thread/WARN] [net.minecraftforge.common.ForgeConfigSpec/CORE]: Incorrect key server.xpPumpUpgrade was corrected from null to its default, SimpleCommentedConfig:{}. 
[03Jun2025 00:32:07.198] [Server thread/WARN] [net.minecraftforge.common.ForgeConfigSpec/CORE]: Incorrect key server.xpPumpUpgrade.mendingOn was corrected from null to its default, true. 
[03Jun2025 00:32:07.199] [Server thread/WARN] [net.minecraftforge.common.ForgeConfigSpec/CORE]: Incorrect key server.xpPumpUpgrade.maxXpPointsPerMending was corrected from null to its default, 5. 
[03Jun2025 00:32:07.199] [Server thread/WARN] [net.minecraftforge.common.ForgeConfigSpec/CORE]: Incorrect key server.advancedJukeboxUpgrade was corrected from null to its default, SimpleCommentedConfig:{}. 
[03Jun2025 00:32:07.199] [Server thread/WARN] [net.minecraftforge.common.ForgeConfigSpec/CORE]: Incorrect key server.advancedJukeboxUpgrade.numberOfSlots was corrected from null to its default, 12. 
[03Jun2025 00:32:07.199] [Server thread/WARN] [net.minecraftforge.common.ForgeConfigSpec/CORE]: Incorrect key server.advancedJukeboxUpgrade.slotsInRow was corrected from null to its default, 4. 
[03Jun2025 00:32:07.199] [Server thread/WARN] [net.minecraftforge.common.ForgeConfigSpec/CORE]: Incorrect key server.alchemyUpgrade was corrected from null to its default, SimpleCommentedConfig:{}. 
[03Jun2025 00:32:07.199] [Server thread/WARN] [net.minecraftforge.common.ForgeConfigSpec/CORE]: Incorrect key server.alchemyUpgrade.filterSlots was corrected from null to its default, 4. 
[03Jun2025 00:32:07.200] [Server thread/WARN] [net.minecraftforge.common.ForgeConfigSpec/CORE]: Incorrect key server.advancedAlchemyUpgrade was corrected from null to its default, SimpleCommentedConfig:{}. 
[03Jun2025 00:32:07.200] [Server thread/WARN] [net.minecraftforge.common.ForgeConfigSpec/CORE]: Incorrect key server.advancedAlchemyUpgrade.filterSlots was corrected from null to its default, 8. 
[03Jun2025 00:32:07.200] [Server thread/WARN] [net.minecraftforge.common.ForgeConfigSpec/CORE]: Incorrect key server.entityBackpackAdditions was corrected from null to its default, SimpleCommentedConfig:{}. 
[03Jun2025 00:32:07.201] [Server thread/WARN] [net.minecraftforge.common.ForgeConfigSpec/CORE]: Incorrect key server.entityBackpackAdditions.chance was corrected from null to its default, 0.01. 
[03Jun2025 00:32:07.201] [Server thread/WARN] [net.minecraftforge.common.ForgeConfigSpec/CORE]: Incorrect key server.entityBackpackAdditions.addLoot was corrected from null to its default, true. 
[03Jun2025 00:32:07.202] [Server thread/WARN] [net.minecraftforge.common.ForgeConfigSpec/CORE]: Incorrect key server.entityBackpackAdditions.buffWithPotionEffects was corrected from null to its default, true. 
[03Jun2025 00:32:07.202] [Server thread/WARN] [net.minecraftforge.common.ForgeConfigSpec/CORE]: Incorrect key server.entityBackpackAdditions.buffHealth was corrected from null to its default, true. 
[03Jun2025 00:32:07.203] [Server thread/WARN] [net.minecraftforge.common.ForgeConfigSpec/CORE]: Incorrect key server.entityBackpackAdditions.equipWithArmor was corrected from null to its default, true. 
[03Jun2025 00:32:07.204] [Server thread/WARN] [net.minecraftforge.common.ForgeConfigSpec/CORE]: Incorrect key server.entityBackpackAdditions.entityLootTableList was corrected from null to its default, [minecraft:creeper|minecraft:chests/desert_pyramid, minecraft:drowned|minecraft:chests/shipwreck_treasure, minecraft:enderman|minecraft:chests/end_city_treasure, minecraft:evoker|minecraft:chests/woodland_mansion, minecraft:husk|minecraft:chests/desert_pyramid, minecraft:piglin|minecraft:chests/bastion_bridge, minecraft:piglin_brute|minecraft:chests/bastion_treasure, minecraft:pillager|minecraft:chests/pillager_outpost, minecraft:skeleton|minecraft:chests/simple_dungeon, minecraft:stray|minecraft:chests/igloo_chest, minecraft:vex|minecraft:chests/woodland_mansion, minecraft:vindicator|minecraft:chests/woodland_mansion, minecraft:witch|minecraft:chests/buried_treasure, minecraft:wither_skeleton|minecraft:chests/nether_bridge, minecraft:zombie|minecraft:chests/simple_dungeon, minecraft:zombie_villager|minecraft:chests/village/village_armorer, minecraft:zombified_piglin|minecraft:chests/bastion_other]. 
[03Jun2025 00:32:07.204] [Server thread/WARN] [net.minecraftforge.common.ForgeConfigSpec/CORE]: Incorrect key server.entityBackpackAdditions.discBlockList was corrected from null to its default, [botania:record_gaia_1, botania:record_gaia_2]. 
[03Jun2025 00:32:07.205] [Server thread/WARN] [net.minecraftforge.common.ForgeConfigSpec/CORE]: Incorrect key server.entityBackpackAdditions.playJukebox was corrected from null to its default, true. 
[03Jun2025 00:32:07.205] [Server thread/WARN] [net.minecraftforge.common.ForgeConfigSpec/CORE]: Incorrect key server.entityBackpackAdditions.dropToFakePlayers was corrected from null to its default, false. 
[03Jun2025 00:32:07.206] [Server thread/WARN] [net.minecraftforge.common.ForgeConfigSpec/CORE]: Incorrect key server.entityBackpackAdditions.backpackDropChance was corrected from null to its default, 0.5. 
[03Jun2025 00:32:07.206] [Server thread/WARN] [net.minecraftforge.common.ForgeConfigSpec/CORE]: Incorrect key server.entityBackpackAdditions.lootingChanceIncreasePerLevel was corrected from null to its default, 0.15. 
[03Jun2025 00:32:07.207] [Server thread/WARN] [net.minecraftforge.common.ForgeConfigSpec/CORE]: Incorrect key server.nerfs was corrected from null to its default, SimpleCommentedConfig:{}. 
[03Jun2025 00:32:07.207] [Server thread/WARN] [net.minecraftforge.common.ForgeConfigSpec/CORE]: Incorrect key server.nerfs.tooManyBackpacksSlowness was corrected from null to its default, false. 
[03Jun2025 00:32:07.208] [Server thread/WARN] [net.minecraftforge.common.ForgeConfigSpec/CORE]: Incorrect key server.nerfs.maxNumberOfBackpacks was corrected from null to its default, 3. 
[03Jun2025 00:32:07.208] [Server thread/WARN] [net.minecraftforge.common.ForgeConfigSpec/CORE]: Incorrect key server.nerfs.slownessLevelsPerAdditionalBackpack was corrected from null to its default, 1.0. 
[03Jun2025 00:32:07.209] [Server thread/WARN] [net.minecraftforge.common.ForgeConfigSpec/CORE]: Incorrect key server.nerfs.onlyWornBackpackTriggersUpgrades was corrected from null to its default, false. 
[03Jun2025 00:32:07.209] [Server thread/WARN] [net.minecraftforge.common.ForgeConfigSpec/CORE]: Incorrect key server.maxUpgradesPerStorage was corrected from null to its default, [furnace_upgrades|1, jukebox_upgrades|1, stack_upgrades|3]. 
[03Jun2025 00:32:07.210] [Server thread/WARN] [net.minecraftforge.common.ForgeConfigSpec/CORE]: Incorrect key server.itemFluidHandlerEnabled was corrected from null to its default, true. 
[03Jun2025 00:32:07.210] [Server thread/WARN] [net.minecraftforge.common.ForgeConfigSpec/CORE]: Incorrect key server.allowOpeningOtherPlayerBackpacks was corrected from null to its default, true. 
[03Jun2025 00:32:07.210] [Server thread/WARN] [net.minecraftforge.common.ForgeConfigSpec/CORE]: Incorrect key server.itemDisplayDisabled was corrected from null to its default, false. 
[03Jun2025 00:32:07.211] [Server thread/WARN] [net.minecraftforge.common.ForgeConfigSpec/CORE]: Incorrect key server.tickDedupeLogicDisabled was corrected from null to its default, false. 
[03Jun2025 00:32:07.211] [Server thread/WARN] [net.minecraftforge.common.ForgeConfigSpec/CORE]: Incorrect key server.canBePlacedInContainerItems was corrected from null to its default, false. 
[03Jun2025 00:32:07.216] [Server thread/WARN] [net.minecraftforge.common.ForgeConfigSpec/CORE]: Configuration file ./world/serverconfig/cuffed-server.toml is not correct. Correcting
[03Jun2025 00:32:07.217] [Server thread/WARN] [net.minecraftforge.common.ForgeConfigSpec/CORE]: Incorrect key cuffed Config was corrected from null to its default, SimpleCommentedConfig:{}. 
[03Jun2025 00:32:07.218] [Server thread/WARN] [net.minecraftforge.common.ForgeConfigSpec/CORE]: Incorrect key cuffed Config.Maximum Keys Per Ring was corrected from null to its default, 16. 
[03Jun2025 00:32:07.218] [Server thread/WARN] [net.minecraftforge.common.ForgeConfigSpec/CORE]: Incorrect key cuffed Config.Safes Slots was corrected from null to its default, 36. 
[03Jun2025 00:32:07.219] [Server thread/WARN] [net.minecraftforge.common.ForgeConfigSpec/CORE]: Incorrect key cuffed Config.Require Low Health To Restrain was corrected from null to its default, false. 
[03Jun2025 00:32:07.219] [Server thread/WARN] [net.minecraftforge.common.ForgeConfigSpec/CORE]: Incorrect key cuffed Config.Allow breaking out of the pillory was corrected from null to its default, true. 
[03Jun2025 00:32:07.219] [Server thread/WARN] [net.minecraftforge.common.ForgeConfigSpec/CORE]: Incorrect key cuffed Config.Anchoring Settings was corrected from null to its default, SimpleCommentedConfig:{}. 
[03Jun2025 00:32:07.219] [Server thread/WARN] [net.minecraftforge.common.ForgeConfigSpec/CORE]: Incorrect key cuffed Config.Anchoring Settings.Only Restrained Players Can Be Restrained was corrected from null to its default, false. 
[03Jun2025 00:32:07.220] [Server thread/WARN] [net.minecraftforge.common.ForgeConfigSpec/CORE]: Incorrect key cuffed Config.Anchoring Settings.Max Chain Length was corrected from null to its default, 5.0. 
[03Jun2025 00:32:07.220] [Server thread/WARN] [net.minecraftforge.common.ForgeConfigSpec/CORE]: Incorrect key cuffed Config.Anchoring Settings.Suffocation Length was corrected from null to its default, 12.0. 
[03Jun2025 00:32:07.220] [Server thread/WARN] [net.minecraftforge.common.ForgeConfigSpec/CORE]: Incorrect key cuffed Config.Anchoring Settings.Allow Anchoring To Fences was corrected from null to its default, true. 
[03Jun2025 00:32:07.220] [Server thread/WARN] [net.minecraftforge.common.ForgeConfigSpec/CORE]: Incorrect key cuffed Config.Anchoring Settings.Allow Anchoring To Tripwire Hook was corrected from null to its default, true. 
[03Jun2025 00:32:07.220] [Server thread/WARN] [net.minecraftforge.common.ForgeConfigSpec/CORE]: Incorrect key cuffed Config.Anchoring Settings.Allow Anchoring To Weighted Anchors was corrected from null to its default, true. 
[03Jun2025 00:32:07.220] [Server thread/WARN] [net.minecraftforge.common.ForgeConfigSpec/CORE]: Incorrect key cuffed Config.Nickname Settings was corrected from null to its default, SimpleCommentedConfig:{}. 
[03Jun2025 00:32:07.221] [Server thread/WARN] [net.minecraftforge.common.ForgeConfigSpec/CORE]: Incorrect key cuffed Config.Nickname Settings.Nickname Persists On Death was corrected from null to its default, true. 
[03Jun2025 00:32:07.221] [Server thread/WARN] [net.minecraftforge.common.ForgeConfigSpec/CORE]: Incorrect key cuffed Config.Nickname Settings.Nickname Persists On Logout was corrected from null to its default, true. 
[03Jun2025 00:32:07.221] [Server thread/WARN] [net.minecraftforge.common.ForgeConfigSpec/CORE]: Incorrect key cuffed Config.Lockpicking Settings was corrected from null to its default, SimpleCommentedConfig:{}. 
[03Jun2025 00:32:07.221] [Server thread/WARN] [net.minecraftforge.common.ForgeConfigSpec/CORE]: Incorrect key cuffed Config.Lockpicking Settings.Progress Per Pick For Breaking Padlocks was corrected from null to its default, 8. 
[03Jun2025 00:32:07.221] [Server thread/WARN] [net.minecraftforge.common.ForgeConfigSpec/CORE]: Incorrect key cuffed Config.Lockpicking Settings.Speed Increase Per Pick For Breaking Padlocks was corrected from null to its default, 10. 
[03Jun2025 00:32:07.221] [Server thread/WARN] [net.minecraftforge.common.ForgeConfigSpec/CORE]: Incorrect key cuffed Config.Lockpicking Settings.Progress Per Pick For Breaking Reinforced Padlocks was corrected from null to its default, 6. 
[03Jun2025 00:32:07.221] [Server thread/WARN] [net.minecraftforge.common.ForgeConfigSpec/CORE]: Incorrect key cuffed Config.Lockpicking Settings.Speed Increase Per Pick For Breaking Reinforced Padlocks was corrected from null to its default, 13. 
[03Jun2025 00:32:07.221] [Server thread/WARN] [net.minecraftforge.common.ForgeConfigSpec/CORE]: Incorrect key cuffed Config.Lockpicking Settings.Progress Per Pick For Breaking Cell Doors was corrected from null to its default, 6. 
[03Jun2025 00:32:07.222] [Server thread/WARN] [net.minecraftforge.common.ForgeConfigSpec/CORE]: Incorrect key cuffed Config.Lockpicking Settings.Speed Increase Per Pick For Breaking Cell Doors was corrected from null to its default, 14. 
[03Jun2025 00:32:07.222] [Server thread/WARN] [net.minecraftforge.common.ForgeConfigSpec/CORE]: Incorrect key cuffed Config.Lockpicking Settings.Progress Per Pick For Breaking Safes was corrected from null to its default, 3. 
[03Jun2025 00:32:07.222] [Server thread/WARN] [net.minecraftforge.common.ForgeConfigSpec/CORE]: Incorrect key cuffed Config.Lockpicking Settings.Speed Increase Per Pick For Breaking Safes was corrected from null to its default, 10. 
[03Jun2025 00:32:07.225] [Server thread/WARN] [net.minecraftforge.common.ForgeConfigSpec/CORE]: Incorrect key cuffed Config.Restraint Durabilities was corrected from null to its default, SimpleCommentedConfig:{}. 
[03Jun2025 00:32:07.225] [Server thread/WARN] [net.minecraftforge.common.ForgeConfigSpec/CORE]: Incorrect key cuffed Config.Restraint Durabilities.Handcuffs Durability was corrected from null to its default, 40. 
[03Jun2025 00:32:07.225] [Server thread/WARN] [net.minecraftforge.common.ForgeConfigSpec/CORE]: Incorrect key cuffed Config.Restraint Durabilities.Fuzzy Handcuffs Durability was corrected from null to its default, 30. 
[03Jun2025 00:32:07.226] [Server thread/WARN] [net.minecraftforge.common.ForgeConfigSpec/CORE]: Incorrect key cuffed Config.Restraint Durabilities.Shackles Durability was corrected from null to its default, 15. 
[03Jun2025 00:32:07.226] [Server thread/WARN] [net.minecraftforge.common.ForgeConfigSpec/CORE]: Incorrect key cuffed Config.Handcuffs when on Arms was corrected from null to its default, SimpleCommentedConfig:{}. 
[03Jun2025 00:32:07.226] [Server thread/WARN] [net.minecraftforge.common.ForgeConfigSpec/CORE]: Incorrect key cuffed Config.Handcuffs when on Arms.Can Be Broken Out Of was corrected from null to its default, true. 
[03Jun2025 00:32:07.226] [Server thread/WARN] [net.minecraftforge.common.ForgeConfigSpec/CORE]: Incorrect key cuffed Config.Handcuffs when on Arms.Drop Item When Broken was corrected from null to its default, false. 
[03Jun2025 00:32:07.226] [Server thread/WARN] [net.minecraftforge.common.ForgeConfigSpec/CORE]: Incorrect key cuffed Config.Handcuffs when on Arms.Lockpickable was corrected from null to its default, true. 
[03Jun2025 00:32:07.226] [Server thread/WARN] [net.minecraftforge.common.ForgeConfigSpec/CORE]: Incorrect key cuffed Config.Handcuffs when on Arms.Lockpicking Progresss Per Pick was corrected from null to its default, 6. 
[03Jun2025 00:32:07.226] [Server thread/WARN] [net.minecraftforge.common.ForgeConfigSpec/CORE]: Incorrect key cuffed Config.Handcuffs when on Arms.Lockpicking Speed Increase Per Pick was corrected from null to its default, 12. 
[03Jun2025 00:32:07.226] [Server thread/WARN] [net.minecraftforge.common.ForgeConfigSpec/CORE]: Incorrect key cuffed Config.Fuzzy Handcuffs when on Arms was corrected from null to its default, SimpleCommentedConfig:{}. 
[03Jun2025 00:32:07.227] [Server thread/WARN] [net.minecraftforge.common.ForgeConfigSpec/CORE]: Incorrect key cuffed Config.Fuzzy Handcuffs when on Arms.Can Be Broken Out Of was corrected from null to its default, true. 
[03Jun2025 00:32:07.227] [Server thread/WARN] [net.minecraftforge.common.ForgeConfigSpec/CORE]: Incorrect key cuffed Config.Fuzzy Handcuffs when on Arms.Drop Item When Broken was corrected from null to its default, false. 
[03Jun2025 00:32:07.227] [Server thread/WARN] [net.minecraftforge.common.ForgeConfigSpec/CORE]: Incorrect key cuffed Config.Fuzzy Handcuffs when on Arms.Lockpickable was corrected from null to its default, true. 
[03Jun2025 00:32:07.227] [Server thread/WARN] [net.minecraftforge.common.ForgeConfigSpec/CORE]: Incorrect key cuffed Config.Fuzzy Handcuffs when on Arms.Lockpicking Progresss Per Pick was corrected from null to its default, 6. 
[03Jun2025 00:32:07.227] [Server thread/WARN] [net.minecraftforge.common.ForgeConfigSpec/CORE]: Incorrect key cuffed Config.Fuzzy Handcuffs when on Arms.Lockpicking Speed Increase Per Pick was corrected from null to its default, 14. 
[03Jun2025 00:32:07.227] [Server thread/WARN] [net.minecraftforge.common.ForgeConfigSpec/CORE]: Incorrect key cuffed Config.Shackles when on Arms was corrected from null to its default, SimpleCommentedConfig:{}. 
[03Jun2025 00:32:07.227] [Server thread/WARN] [net.minecraftforge.common.ForgeConfigSpec/CORE]: Incorrect key cuffed Config.Shackles when on Arms.Can Be Broken Out Of was corrected from null to its default, true. 
[03Jun2025 00:32:07.228] [Server thread/WARN] [net.minecraftforge.common.ForgeConfigSpec/CORE]: Incorrect key cuffed Config.Shackles when on Arms.Drop Item When Broken was corrected from null to its default, false. 
[03Jun2025 00:32:07.228] [Server thread/WARN] [net.minecraftforge.common.ForgeConfigSpec/CORE]: Incorrect key cuffed Config.Shackles when on Arms.Lockpickable was corrected from null to its default, true. 
[03Jun2025 00:32:07.228] [Server thread/WARN] [net.minecraftforge.common.ForgeConfigSpec/CORE]: Incorrect key cuffed Config.Shackles when on Arms.Lockpicking Progresss Per Pick was corrected from null to its default, 8. 
[03Jun2025 00:32:07.228] [Server thread/WARN] [net.minecraftforge.common.ForgeConfigSpec/CORE]: Incorrect key cuffed Config.Shackles when on Arms.Lockpicking Speed Increase Per Pick was corrected from null to its default, 10. 
[03Jun2025 00:32:07.230] [Server thread/WARN] [net.minecraftforge.common.ForgeConfigSpec/CORE]: Incorrect key cuffed Config.Duck Tape when on Arms was corrected from null to its default, SimpleCommentedConfig:{}. 
[03Jun2025 00:32:07.231] [Server thread/WARN] [net.minecraftforge.common.ForgeConfigSpec/CORE]: Incorrect key cuffed Config.Duck Tape when on Arms.Can Be Broken Out Of was corrected from null to its default, true. 
[03Jun2025 00:32:07.231] [Server thread/WARN] [net.minecraftforge.common.ForgeConfigSpec/CORE]: Incorrect key cuffed Config.Duck Tape when on Arms.Drop Item When Broken was corrected from null to its default, true. 
[03Jun2025 00:32:07.231] [Server thread/WARN] [net.minecraftforge.common.ForgeConfigSpec/CORE]: Incorrect key cuffed Config.Duck Tape when on Arms.Durability was corrected from null to its default, 5. 
[03Jun2025 00:32:07.231] [Server thread/WARN] [net.minecraftforge.common.ForgeConfigSpec/CORE]: Incorrect key cuffed Config.Handcuffs when on Legs was corrected from null to its default, SimpleCommentedConfig:{}. 
[03Jun2025 00:32:07.231] [Server thread/WARN] [net.minecraftforge.common.ForgeConfigSpec/CORE]: Incorrect key cuffed Config.Handcuffs when on Legs.Can Be Broken Out Of was corrected from null to its default, true. 
[03Jun2025 00:32:07.231] [Server thread/WARN] [net.minecraftforge.common.ForgeConfigSpec/CORE]: Incorrect key cuffed Config.Handcuffs when on Legs.Drop Item When Broken was corrected from null to its default, false. 
[03Jun2025 00:32:07.232] [Server thread/WARN] [net.minecraftforge.common.ForgeConfigSpec/CORE]: Incorrect key cuffed Config.Handcuffs when on Legs.Lockpickable was corrected from null to its default, true. 
[03Jun2025 00:32:07.232] [Server thread/WARN] [net.minecraftforge.common.ForgeConfigSpec/CORE]: Incorrect key cuffed Config.Handcuffs when on Legs.Lockpicking Progresss Per Pick was corrected from null to its default, 6. 
[03Jun2025 00:32:07.232] [Server thread/WARN] [net.minecraftforge.common.ForgeConfigSpec/CORE]: Incorrect key cuffed Config.Handcuffs when on Legs.Lockpicking Speed Increase Per Pick was corrected from null to its default, 12. 
[03Jun2025 00:32:07.232] [Server thread/WARN] [net.minecraftforge.common.ForgeConfigSpec/CORE]: Incorrect key cuffed Config.Shackles when on Legs was corrected from null to its default, SimpleCommentedConfig:{}. 
[03Jun2025 00:32:07.232] [Server thread/WARN] [net.minecraftforge.common.ForgeConfigSpec/CORE]: Incorrect key cuffed Config.Shackles when on Legs.Can Be Broken Out Of was corrected from null to its default, true. 
[03Jun2025 00:32:07.232] [Server thread/WARN] [net.minecraftforge.common.ForgeConfigSpec/CORE]: Incorrect key cuffed Config.Shackles when on Legs.Drop Item When Broken was corrected from null to its default, false. 
[03Jun2025 00:32:07.232] [Server thread/WARN] [net.minecraftforge.common.ForgeConfigSpec/CORE]: Incorrect key cuffed Config.Shackles when on Legs.Lockpickable was corrected from null to its default, true. 
[03Jun2025 00:32:07.233] [Server thread/WARN] [net.minecraftforge.common.ForgeConfigSpec/CORE]: Incorrect key cuffed Config.Shackles when on Legs.Lockpicking Progresss Per Pick was corrected from null to its default, 8. 
[03Jun2025 00:32:07.233] [Server thread/WARN] [net.minecraftforge.common.ForgeConfigSpec/CORE]: Incorrect key cuffed Config.Shackles when on Legs.Lockpicking Speed Increase Per Pick was corrected from null to its default, 10. 
[03Jun2025 00:32:07.233] [Server thread/WARN] [net.minecraftforge.common.ForgeConfigSpec/CORE]: Incorrect key cuffed Config.Duck Tape when on Legs was corrected from null to its default, SimpleCommentedConfig:{}. 
[03Jun2025 00:32:07.233] [Server thread/WARN] [net.minecraftforge.common.ForgeConfigSpec/CORE]: Incorrect key cuffed Config.Duck Tape when on Legs.Can Be Broken Out Of was corrected from null to its default, true. 
[03Jun2025 00:32:07.233] [Server thread/WARN] [net.minecraftforge.common.ForgeConfigSpec/CORE]: Incorrect key cuffed Config.Duck Tape when on Legs.Drop Item When Broken was corrected from null to its default, true. 
[03Jun2025 00:32:07.233] [Server thread/WARN] [net.minecraftforge.common.ForgeConfigSpec/CORE]: Incorrect key cuffed Config.Duck Tape when on Legs.Durability was corrected from null to its default, 5. 
[03Jun2025 00:32:07.236] [Server thread/WARN] [net.minecraftforge.common.ForgeConfigSpec/CORE]: Configuration file ./world/serverconfig/paraglider-server.toml is not correct. Correcting
[03Jun2025 00:32:07.236] [Server thread/WARN] [net.minecraftforge.common.ForgeConfigSpec/CORE]: Incorrect key ascendingWinds was corrected from null to its default, true. 
[03Jun2025 00:32:07.237] [Server thread/WARN] [net.minecraftforge.common.ForgeConfigSpec/CORE]: Incorrect key windSources was corrected from null to its default, [fire, soul_fire, campfire#lit=true, soul_campfire#lit=true]. 
[03Jun2025 00:32:07.237] [Server thread/WARN] [net.minecraftforge.common.ForgeConfigSpec/CORE]: Incorrect key paraglidingSpeed was corrected from null to its default, 1.0. 
[03Jun2025 00:32:07.238] [Server thread/WARN] [net.minecraftforge.common.ForgeConfigSpec/CORE]: Incorrect key paragliderDurability was corrected from null to its default, 0. 
[03Jun2025 00:32:07.238] [Server thread/WARN] [net.minecraftforge.common.ForgeConfigSpec/CORE]: Incorrect key spiritOrbs was corrected from null to its default, SimpleCommentedConfig:{}. 
[03Jun2025 00:32:07.239] [Server thread/WARN] [net.minecraftforge.common.ForgeConfigSpec/CORE]: Incorrect key spiritOrbs.enderDragonDropsVessel was corrected from null to its default, true. 
[03Jun2025 00:32:07.239] [Server thread/WARN] [net.minecraftforge.common.ForgeConfigSpec/CORE]: Incorrect key spiritOrbs.raidGivesVessel was corrected from null to its default, true. 
[03Jun2025 00:32:07.239] [Server thread/WARN] [net.minecraftforge.common.ForgeConfigSpec/CORE]: Incorrect key spiritOrbs.spawnerSpiritOrbDrops was corrected from null to its default, 2. 
[03Jun2025 00:32:07.239] [Server thread/WARN] [net.minecraftforge.common.ForgeConfigSpec/CORE]: Incorrect key spiritOrbs.spiritOrbLoots was corrected from null to its default, true. 
[03Jun2025 00:32:07.240] [Server thread/WARN] [net.minecraftforge.common.ForgeConfigSpec/CORE]: Incorrect key vessels was corrected from null to its default, SimpleCommentedConfig:{}. 
[03Jun2025 00:32:07.240] [Server thread/WARN] [net.minecraftforge.common.ForgeConfigSpec/CORE]: Incorrect key vessels.startingHearts was corrected from null to its default, 10. 
[03Jun2025 00:32:07.240] [Server thread/WARN] [net.minecraftforge.common.ForgeConfigSpec/CORE]: Incorrect key vessels.maxHeartContainers was corrected from null to its default, 20. 
[03Jun2025 00:32:07.241] [Server thread/WARN] [net.minecraftforge.common.ForgeConfigSpec/CORE]: Incorrect key vessels.maxStamina was corrected from null to its default, 3000. 
[03Jun2025 00:32:07.242] [Server thread/WARN] [net.minecraftforge.common.ForgeConfigSpec/CORE]: Incorrect key vessels.startingStamina was corrected from null to its default, 1000. 
[03Jun2025 00:32:07.243] [Server thread/WARN] [net.minecraftforge.common.ForgeConfigSpec/CORE]: Incorrect key vessels.maxStaminaVessels was corrected from null to its default, 10. 
[03Jun2025 00:32:07.243] [Server thread/WARN] [net.minecraftforge.common.ForgeConfigSpec/CORE]: Incorrect key stamina was corrected from null to its default, SimpleCommentedConfig:{}. 
[03Jun2025 00:32:07.243] [Server thread/WARN] [net.minecraftforge.common.ForgeConfigSpec/CORE]: Incorrect key stamina.paraglidingConsumesStamina was corrected from null to its default, true. 
[03Jun2025 00:32:07.243] [Server thread/WARN] [net.minecraftforge.common.ForgeConfigSpec/CORE]: Incorrect key stamina.runningAndSwimmingConsumesStamina was corrected from null to its default, false. 
[03Jun2025 00:32:07.244] [Server thread/WARN] [net.minecraftforge.common.ForgeConfigSpec/CORE]: Incorrect key paragliderInTowersOfTheWild was corrected from null to its default, DEFAULT. 
[03Jun2025 00:32:07.256] [Server thread/WARN] [net.minecraftforge.common.ForgeConfigSpec/CORE]: Configuration file ./world/serverconfig/camera-server.toml is not correct. Correcting
[03Jun2025 00:32:07.257] [Server thread/WARN] [net.minecraftforge.common.ForgeConfigSpec/CORE]: Incorrect key camera was corrected from null to its default, SimpleCommentedConfig:{}. 
[03Jun2025 00:32:07.258] [Server thread/WARN] [net.minecraftforge.common.ForgeConfigSpec/CORE]: Incorrect key camera.cooldown was corrected from null to its default, 5000. 
[03Jun2025 00:32:07.258] [Server thread/WARN] [net.minecraftforge.common.ForgeConfigSpec/CORE]: Incorrect key camera.consumed_item was corrected from null to its default, SimpleCommentedConfig:{}. 
[03Jun2025 00:32:07.258] [Server thread/WARN] [net.minecraftforge.common.ForgeConfigSpec/CORE]: Incorrect key camera.consumed_item.amount was corrected from null to its default, 1. 
[03Jun2025 00:32:07.259] [Server thread/WARN] [net.minecraftforge.common.ForgeConfigSpec/CORE]: Incorrect key image was corrected from null to its default, SimpleCommentedConfig:{}. 
[03Jun2025 00:32:07.259] [Server thread/WARN] [net.minecraftforge.common.ForgeConfigSpec/CORE]: Incorrect key image.max_size was corrected from null to its default, 200000. 
[03Jun2025 00:32:07.259] [Server thread/WARN] [net.minecraftforge.common.ForgeConfigSpec/CORE]: Incorrect key image.compression was corrected from null to its default, 0.5. 
[03Jun2025 00:32:07.259] [Server thread/WARN] [net.minecraftforge.common.ForgeConfigSpec/CORE]: Incorrect key image.allow_upload was corrected from null to its default, true. 
[03Jun2025 00:32:07.260] [Server thread/WARN] [net.minecraftforge.common.ForgeConfigSpec/CORE]: Incorrect key image_frame was corrected from null to its default, SimpleCommentedConfig:{}. 
[03Jun2025 00:32:07.261] [Server thread/WARN] [net.minecraftforge.common.ForgeConfigSpec/CORE]: Incorrect key image_frame.only_owner_modify was corrected from null to its default, false. 
[03Jun2025 00:32:07.262] [Server thread/WARN] [net.minecraftforge.common.ForgeConfigSpec/CORE]: Incorrect key advanced_data was corrected from null to its default, SimpleCommentedConfig:{}. 
[03Jun2025 00:32:07.263] [Server thread/WARN] [net.minecraftforge.common.ForgeConfigSpec/CORE]: Incorrect key advanced_data.enable was corrected from null to its default, false. 
[03Jun2025 00:32:07.264] [Server thread/WARN] [net.minecraftforge.common.ForgeConfigSpec/CORE]: Incorrect key advanced_data.max_entities was corrected from null to its default, 16. 
[03Jun2025 00:32:07.268] [Server thread/WARN] [net.minecraftforge.common.ForgeConfigSpec/CORE]: Configuration file ./world/serverconfig/curios-server.toml is not correct. Correcting
[03Jun2025 00:32:07.269] [Server thread/WARN] [net.minecraftforge.common.ForgeConfigSpec/CORE]: Incorrect key keepCurios was corrected from null to its default, DEFAULT. 
[03Jun2025 00:32:07.271] [Server thread/WARN] [net.minecraftforge.common.ForgeConfigSpec/CORE]: Incorrect key menu was corrected from null to its default, SimpleCommentedConfig:{}. 
[03Jun2025 00:32:07.271] [Server thread/WARN] [net.minecraftforge.common.ForgeConfigSpec/CORE]: Incorrect key menu.enableLegacyMenu was corrected from null to its default, false. 
[03Jun2025 00:32:07.272] [Server thread/WARN] [net.minecraftforge.common.ForgeConfigSpec/CORE]: Incorrect key menu.experimental was corrected from null to its default, SimpleCommentedConfig:{}. 
[03Jun2025 00:32:07.272] [Server thread/WARN] [net.minecraftforge.common.ForgeConfigSpec/CORE]: Incorrect key menu.experimental.minimumColumns was corrected from null to its default, 1. 
[03Jun2025 00:32:07.272] [Server thread/WARN] [net.minecraftforge.common.ForgeConfigSpec/CORE]: Incorrect key menu.experimental.maxSlotsPerPage was corrected from null to its default, 48. 
[03Jun2025 00:32:07.273] [Server thread/WARN] [net.minecraftforge.common.ForgeConfigSpec/CORE]: Configuration file ./world/serverconfig/jei-server.toml is not correct. Correcting
[03Jun2025 00:32:07.274] [Server thread/WARN] [net.minecraftforge.common.ForgeConfigSpec/CORE]: Incorrect key cheat mode was corrected from null to its default, SimpleCommentedConfig:{}. 
[03Jun2025 00:32:07.274] [Server thread/WARN] [net.minecraftforge.common.ForgeConfigSpec/CORE]: Incorrect key cheat mode.enableCheatModeForOp was corrected from null to its default, true. 
[03Jun2025 00:32:07.274] [Server thread/WARN] [net.minecraftforge.common.ForgeConfigSpec/CORE]: Incorrect key cheat mode.enableCheatModeForCreative was corrected from null to its default, true. 
[03Jun2025 00:32:07.275] [Server thread/WARN] [net.minecraftforge.common.ForgeConfigSpec/CORE]: Incorrect key cheat mode.enableCheatModeForGive was corrected from null to its default, false. 
[03Jun2025 00:32:07.276] [Server thread/WARN] [net.minecraftforge.common.ForgeConfigSpec/CORE]: Configuration file ./world/serverconfig/pehkui-server.toml is not correct. Correcting
[03Jun2025 00:32:07.276] [Server thread/WARN] [net.minecraftforge.common.ForgeConfigSpec/CORE]: Incorrect key server was corrected from null to its default, SimpleCommentedConfig:{}. 
[03Jun2025 00:32:07.277] [Server thread/WARN] [net.minecraftforge.common.ForgeConfigSpec/CORE]: Incorrect key server.scale_limits was corrected from null to its default, SimpleCommentedConfig:{}. 
[03Jun2025 00:32:07.277] [Server thread/WARN] [net.minecraftforge.common.ForgeConfigSpec/CORE]: Incorrect key server.scale_limits.base was corrected from null to its default, SimpleCommentedConfig:{}. 
[03Jun2025 00:32:07.277] [Server thread/WARN] [net.minecraftforge.common.ForgeConfigSpec/CORE]: Incorrect key server.scale_limits.base.minimum was corrected from null to its default, 1.2621774483536189E-29. 
[03Jun2025 00:32:07.277] [Server thread/WARN] [net.minecraftforge.common.ForgeConfigSpec/CORE]: Incorrect key server.scale_limits.base.maximum was corrected from null to its default, 3.4028234663852886E38. 
[03Jun2025 00:32:07.278] [Server thread/WARN] [net.minecraftforge.common.ForgeConfigSpec/CORE]: Incorrect key server.scale_limits.width was corrected from null to its default, SimpleCommentedConfig:{}. 
[03Jun2025 00:32:07.278] [Server thread/WARN] [net.minecraftforge.common.ForgeConfigSpec/CORE]: Incorrect key server.scale_limits.width.minimum was corrected from null to its default, 1.2621774483536189E-29. 
[03Jun2025 00:32:07.279] [Server thread/WARN] [net.minecraftforge.common.ForgeConfigSpec/CORE]: Incorrect key server.scale_limits.width.maximum was corrected from null to its default, 3.4028234663852886E38. 
[03Jun2025 00:32:07.279] [Server thread/WARN] [net.minecraftforge.common.ForgeConfigSpec/CORE]: Incorrect key server.scale_limits.height was corrected from null to its default, SimpleCommentedConfig:{}. 
[03Jun2025 00:32:07.279] [Server thread/WARN] [net.minecraftforge.common.ForgeConfigSpec/CORE]: Incorrect key server.scale_limits.height.minimum was corrected from null to its default, 1.2621774483536189E-29. 
[03Jun2025 00:32:07.279] [Server thread/WARN] [net.minecraftforge.common.ForgeConfigSpec/CORE]: Incorrect key server.scale_limits.height.maximum was corrected from null to its default, 3.4028234663852886E38. 
[03Jun2025 00:32:07.280] [Server thread/WARN] [net.minecraftforge.common.ForgeConfigSpec/CORE]: Incorrect key server.scale_limits.eye_height was corrected from null to its default, SimpleCommentedConfig:{}. 
[03Jun2025 00:32:07.281] [Server thread/WARN] [net.minecraftforge.common.ForgeConfigSpec/CORE]: Incorrect key server.scale_limits.eye_height.minimum was corrected from null to its default, 1.2621774483536189E-29. 
[03Jun2025 00:32:07.281] [Server thread/WARN] [net.minecraftforge.common.ForgeConfigSpec/CORE]: Incorrect key server.scale_limits.eye_height.maximum was corrected from null to its default, 3.4028234663852886E38. 
[03Jun2025 00:32:07.281] [Server thread/WARN] [net.minecraftforge.common.ForgeConfigSpec/CORE]: Incorrect key server.scale_limits.hitbox_width was corrected from null to its default, SimpleCommentedConfig:{}. 
[03Jun2025 00:32:07.282] [Server thread/WARN] [net.minecraftforge.common.ForgeConfigSpec/CORE]: Incorrect key server.scale_limits.hitbox_width.minimum was corrected from null to its default, 1.2621774483536189E-29. 
[03Jun2025 00:32:07.283] [Server thread/WARN] [net.minecraftforge.common.ForgeConfigSpec/CORE]: Incorrect key server.scale_limits.hitbox_width.maximum was corrected from null to its default, 3.4028234663852886E38. 
[03Jun2025 00:32:07.284] [Server thread/WARN] [net.minecraftforge.common.ForgeConfigSpec/CORE]: Incorrect key server.scale_limits.hitbox_height was corrected from null to its default, SimpleCommentedConfig:{}. 
[03Jun2025 00:32:07.284] [Server thread/WARN] [net.minecraftforge.common.ForgeConfigSpec/CORE]: Incorrect key server.scale_limits.hitbox_height.minimum was corrected from null to its default, 1.2621774483536189E-29. 
[03Jun2025 00:32:07.284] [Server thread/WARN] [net.minecraftforge.common.ForgeConfigSpec/CORE]: Incorrect key server.scale_limits.hitbox_height.maximum was corrected from null to its default, 3.4028234663852886E38. 
[03Jun2025 00:32:07.285] [Server thread/WARN] [net.minecraftforge.common.ForgeConfigSpec/CORE]: Incorrect key server.scale_limits.interaction_box_width was corrected from null to its default, SimpleCommentedConfig:{}. 
[03Jun2025 00:32:07.287] [Server thread/WARN] [net.minecraftforge.common.ForgeConfigSpec/CORE]: Incorrect key server.scale_limits.interaction_box_width.minimum was corrected from null to its default, 1.401298464324817E-45. 
[03Jun2025 00:32:07.287] [Server thread/WARN] [net.minecraftforge.common.ForgeConfigSpec/CORE]: Incorrect key server.scale_limits.interaction_box_width.maximum was corrected from null to its default, 3.4028234663852886E38. 
[03Jun2025 00:32:07.288] [Server thread/WARN] [net.minecraftforge.common.ForgeConfigSpec/CORE]: Incorrect key server.scale_limits.interaction_box_height was corrected from null to its default, SimpleCommentedConfig:{}. 
[03Jun2025 00:32:07.288] [Server thread/WARN] [net.minecraftforge.common.ForgeConfigSpec/CORE]: Incorrect key server.scale_limits.interaction_box_height.minimum was corrected from null to its default, 1.401298464324817E-45. 
[03Jun2025 00:32:07.289] [Server thread/WARN] [net.minecraftforge.common.ForgeConfigSpec/CORE]: Incorrect key server.scale_limits.interaction_box_height.maximum was corrected from null to its default, 3.4028234663852886E38. 
[03Jun2025 00:32:07.289] [Server thread/WARN] [net.minecraftforge.common.ForgeConfigSpec/CORE]: Incorrect key server.scale_limits.model_width was corrected from null to its default, SimpleCommentedConfig:{}. 
[03Jun2025 00:32:07.290] [Server thread/WARN] [net.minecraftforge.common.ForgeConfigSpec/CORE]: Incorrect key server.scale_limits.model_width.minimum was corrected from null to its default, 1.401298464324817E-45. 
[03Jun2025 00:32:07.290] [Server thread/WARN] [net.minecraftforge.common.ForgeConfigSpec/CORE]: Incorrect key server.scale_limits.model_width.maximum was corrected from null to its default, 3.4028234663852886E38. 
[03Jun2025 00:32:07.291] [Server thread/WARN] [net.minecraftforge.common.ForgeConfigSpec/CORE]: Incorrect key server.scale_limits.model_height was corrected from null to its default, SimpleCommentedConfig:{}. 
[03Jun2025 00:32:07.291] [Server thread/WARN] [net.minecraftforge.common.ForgeConfigSpec/CORE]: Incorrect key server.scale_limits.model_height.minimum was corrected from null to its default, 1.401298464324817E-45. 
[03Jun2025 00:32:07.291] [Server thread/WARN] [net.minecraftforge.common.ForgeConfigSpec/CORE]: Incorrect key server.scale_limits.model_height.maximum was corrected from null to its default, 3.4028234663852886E38. 
[03Jun2025 00:32:07.291] [Server thread/WARN] [net.minecraftforge.common.ForgeConfigSpec/CORE]: Incorrect key server.scale_limits.third_person was corrected from null to its default, SimpleCommentedConfig:{}. 
[03Jun2025 00:32:07.292] [Server thread/WARN] [net.minecraftforge.common.ForgeConfigSpec/CORE]: Incorrect key server.scale_limits.third_person.minimum was corrected from null to its default, 1.401298464324817E-45. 
[03Jun2025 00:32:07.292] [Server thread/WARN] [net.minecraftforge.common.ForgeConfigSpec/CORE]: Incorrect key server.scale_limits.third_person.maximum was corrected from null to its default, 3.4028234663852886E38. 
[03Jun2025 00:32:07.292] [Server thread/WARN] [net.minecraftforge.common.ForgeConfigSpec/CORE]: Incorrect key server.scale_limits.motion was corrected from null to its default, SimpleCommentedConfig:{}. 
[03Jun2025 00:32:07.293] [Server thread/WARN] [net.minecraftforge.common.ForgeConfigSpec/CORE]: Incorrect key server.scale_limits.motion.minimum was corrected from null to its default, 1.401298464324817E-45. 
[03Jun2025 00:32:07.293] [Server thread/WARN] [net.minecraftforge.common.ForgeConfigSpec/CORE]: Incorrect key server.scale_limits.motion.maximum was corrected from null to its default, 3.4028234663852886E38. 
[03Jun2025 00:32:07.294] [Server thread/WARN] [net.minecraftforge.common.ForgeConfigSpec/CORE]: Incorrect key server.scale_limits.falling was corrected from null to its default, SimpleCommentedConfig:{}. 
[03Jun2025 00:32:07.294] [Server thread/WARN] [net.minecraftforge.common.ForgeConfigSpec/CORE]: Incorrect key server.scale_limits.falling.minimum was corrected from null to its default, 1.401298464324817E-45. 
[03Jun2025 00:32:07.294] [Server thread/WARN] [net.minecraftforge.common.ForgeConfigSpec/CORE]: Incorrect key server.scale_limits.falling.maximum was corrected from null to its default, 3.4028234663852886E38. 
[03Jun2025 00:32:07.295] [Server thread/WARN] [net.minecraftforge.common.ForgeConfigSpec/CORE]: Incorrect key server.scale_limits.step_height was corrected from null to its default, SimpleCommentedConfig:{}. 
[03Jun2025 00:32:07.296] [Server thread/WARN] [net.minecraftforge.common.ForgeConfigSpec/CORE]: Incorrect key server.scale_limits.step_height.minimum was corrected from null to its default, 1.401298464324817E-45. 
[03Jun2025 00:32:07.296] [Server thread/WARN] [net.minecraftforge.common.ForgeConfigSpec/CORE]: Incorrect key server.scale_limits.step_height.maximum was corrected from null to its default, 3.4028234663852886E38. 
[03Jun2025 00:32:07.296] [Server thread/WARN] [net.minecraftforge.common.ForgeConfigSpec/CORE]: Incorrect key server.scale_limits.view_bobbing was corrected from null to its default, SimpleCommentedConfig:{}. 
[03Jun2025 00:32:07.297] [Server thread/WARN] [net.minecraftforge.common.ForgeConfigSpec/CORE]: Incorrect key server.scale_limits.view_bobbing.minimum was corrected from null to its default, 1.401298464324817E-45. 
[03Jun2025 00:32:07.297] [Server thread/WARN] [net.minecraftforge.common.ForgeConfigSpec/CORE]: Incorrect key server.scale_limits.view_bobbing.maximum was corrected from null to its default, 3.4028234663852886E38. 
[03Jun2025 00:32:07.298] [Server thread/WARN] [net.minecraftforge.common.ForgeConfigSpec/CORE]: Incorrect key server.scale_limits.visibility was corrected from null to its default, SimpleCommentedConfig:{}. 
[03Jun2025 00:32:07.298] [Server thread/WARN] [net.minecraftforge.common.ForgeConfigSpec/CORE]: Incorrect key server.scale_limits.visibility.minimum was corrected from null to its default, 1.401298464324817E-45. 
[03Jun2025 00:32:07.298] [Server thread/WARN] [net.minecraftforge.common.ForgeConfigSpec/CORE]: Incorrect key server.scale_limits.visibility.maximum was corrected from null to its default, 3.4028234663852886E38. 
[03Jun2025 00:32:07.299] [Server thread/WARN] [net.minecraftforge.common.ForgeConfigSpec/CORE]: Incorrect key server.scale_limits.jump_height was corrected from null to its default, SimpleCommentedConfig:{}. 
[03Jun2025 00:32:07.300] [Server thread/WARN] [net.minecraftforge.common.ForgeConfigSpec/CORE]: Incorrect key server.scale_limits.jump_height.minimum was corrected from null to its default, 1.401298464324817E-45. 
[03Jun2025 00:32:07.300] [Server thread/WARN] [net.minecraftforge.common.ForgeConfigSpec/CORE]: Incorrect key server.scale_limits.jump_height.maximum was corrected from null to its default, 3.4028234663852886E38. 
[03Jun2025 00:32:07.300] [Server thread/WARN] [net.minecraftforge.common.ForgeConfigSpec/CORE]: Incorrect key server.scale_limits.flight was corrected from null to its default, SimpleCommentedConfig:{}. 
[03Jun2025 00:32:07.301] [Server thread/WARN] [net.minecraftforge.common.ForgeConfigSpec/CORE]: Incorrect key server.scale_limits.flight.minimum was corrected from null to its default, 1.401298464324817E-45. 
[03Jun2025 00:32:07.301] [Server thread/WARN] [net.minecraftforge.common.ForgeConfigSpec/CORE]: Incorrect key server.scale_limits.flight.maximum was corrected from null to its default, 3.4028234663852886E38. 
[03Jun2025 00:32:07.301] [Server thread/WARN] [net.minecraftforge.common.ForgeConfigSpec/CORE]: Incorrect key server.scale_limits.reach was corrected from null to its default, SimpleCommentedConfig:{}. 
[03Jun2025 00:32:07.301] [Server thread/WARN] [net.minecraftforge.common.ForgeConfigSpec/CORE]: Incorrect key server.scale_limits.reach.minimum was corrected from null to its default, 1.401298464324817E-45. 
[03Jun2025 00:32:07.302] [Server thread/WARN] [net.minecraftforge.common.ForgeConfigSpec/CORE]: Incorrect key server.scale_limits.reach.maximum was corrected from null to its default, 3.4028234663852886E38. 
[03Jun2025 00:32:07.302] [Server thread/WARN] [net.minecraftforge.common.ForgeConfigSpec/CORE]: Incorrect key server.scale_limits.block_reach was corrected from null to its default, SimpleCommentedConfig:{}. 
[03Jun2025 00:32:07.303] [Server thread/WARN] [net.minecraftforge.common.ForgeConfigSpec/CORE]: Incorrect key server.scale_limits.block_reach.minimum was corrected from null to its default, 1.401298464324817E-45. 
[03Jun2025 00:32:07.303] [Server thread/WARN] [net.minecraftforge.common.ForgeConfigSpec/CORE]: Incorrect key server.scale_limits.block_reach.maximum was corrected from null to its default, 3.4028234663852886E38. 
[03Jun2025 00:32:07.303] [Server thread/WARN] [net.minecraftforge.common.ForgeConfigSpec/CORE]: Incorrect key server.scale_limits.entity_reach was corrected from null to its default, SimpleCommentedConfig:{}. 
[03Jun2025 00:32:07.303] [Server thread/WARN] [net.minecraftforge.common.ForgeConfigSpec/CORE]: Incorrect key server.scale_limits.entity_reach.minimum was corrected from null to its default, 1.401298464324817E-45. 
[03Jun2025 00:32:07.304] [Server thread/WARN] [net.minecraftforge.common.ForgeConfigSpec/CORE]: Incorrect key server.scale_limits.entity_reach.maximum was corrected from null to its default, 3.4028234663852886E38. 
[03Jun2025 00:32:07.304] [Server thread/WARN] [net.minecraftforge.common.ForgeConfigSpec/CORE]: Incorrect key server.scale_limits.mining_speed was corrected from null to its default, SimpleCommentedConfig:{}. 
[03Jun2025 00:32:07.304] [Server thread/WARN] [net.minecraftforge.common.ForgeConfigSpec/CORE]: Incorrect key server.scale_limits.mining_speed.minimum was corrected from null to its default, 1.401298464324817E-45. 
[03Jun2025 00:32:07.305] [Server thread/WARN] [net.minecraftforge.common.ForgeConfigSpec/CORE]: Incorrect key server.scale_limits.mining_speed.maximum was corrected from null to its default, 3.4028234663852886E38. 
[03Jun2025 00:32:07.305] [Server thread/WARN] [net.minecraftforge.common.ForgeConfigSpec/CORE]: Incorrect key server.scale_limits.attack_speed was corrected from null to its default, SimpleCommentedConfig:{}. 
[03Jun2025 00:32:07.305] [Server thread/WARN] [net.minecraftforge.common.ForgeConfigSpec/CORE]: Incorrect key server.scale_limits.attack_speed.minimum was corrected from null to its default, 1.401298464324817E-45. 
[03Jun2025 00:32:07.306] [Server thread/WARN] [net.minecraftforge.common.ForgeConfigSpec/CORE]: Incorrect key server.scale_limits.attack_speed.maximum was corrected from null to its default, 3.4028234663852886E38. 
[03Jun2025 00:32:07.306] [Server thread/WARN] [net.minecraftforge.common.ForgeConfigSpec/CORE]: Incorrect key server.scale_limits.knockback was corrected from null to its default, SimpleCommentedConfig:{}. 
[03Jun2025 00:32:07.306] [Server thread/WARN] [net.minecraftforge.common.ForgeConfigSpec/CORE]: Incorrect key server.scale_limits.knockback.minimum was corrected from null to its default, 1.401298464324817E-45. 
[03Jun2025 00:32:07.306] [Server thread/WARN] [net.minecraftforge.common.ForgeConfigSpec/CORE]: Incorrect key server.scale_limits.knockback.maximum was corrected from null to its default, 3.4028234663852886E38. 
[03Jun2025 00:32:07.307] [Server thread/WARN] [net.minecraftforge.common.ForgeConfigSpec/CORE]: Incorrect key server.scale_limits.attack was corrected from null to its default, SimpleCommentedConfig:{}. 
[03Jun2025 00:32:07.307] [Server thread/WARN] [net.minecraftforge.common.ForgeConfigSpec/CORE]: Incorrect key server.scale_limits.attack.minimum was corrected from null to its default, 1.401298464324817E-45. 
[03Jun2025 00:32:07.307] [Server thread/WARN] [net.minecraftforge.common.ForgeConfigSpec/CORE]: Incorrect key server.scale_limits.attack.maximum was corrected from null to its default, 3.4028234663852886E38. 
[03Jun2025 00:32:07.308] [Server thread/WARN] [net.minecraftforge.common.ForgeConfigSpec/CORE]: Incorrect key server.scale_limits.defense was corrected from null to its default, SimpleCommentedConfig:{}. 
[03Jun2025 00:32:07.308] [Server thread/WARN] [net.minecraftforge.common.ForgeConfigSpec/CORE]: Incorrect key server.scale_limits.defense.minimum was corrected from null to its default, 1.401298464324817E-45. 
[03Jun2025 00:32:07.309] [Server thread/WARN] [net.minecraftforge.common.ForgeConfigSpec/CORE]: Incorrect key server.scale_limits.defense.maximum was corrected from null to its default, 3.4028234663852886E38. 
[03Jun2025 00:32:07.309] [Server thread/WARN] [net.minecraftforge.common.ForgeConfigSpec/CORE]: Incorrect key server.scale_limits.health was corrected from null to its default, SimpleCommentedConfig:{}. 
[03Jun2025 00:32:07.309] [Server thread/WARN] [net.minecraftforge.common.ForgeConfigSpec/CORE]: Incorrect key server.scale_limits.health.minimum was corrected from null to its default, 1.401298464324817E-45. 
[03Jun2025 00:32:07.310] [Server thread/WARN] [net.minecraftforge.common.ForgeConfigSpec/CORE]: Incorrect key server.scale_limits.health.maximum was corrected from null to its default, 3.4028234663852886E38. 
[03Jun2025 00:32:07.310] [Server thread/WARN] [net.minecraftforge.common.ForgeConfigSpec/CORE]: Incorrect key server.scale_limits.drops was corrected from null to its default, SimpleCommentedConfig:{}. 
[03Jun2025 00:32:07.310] [Server thread/WARN] [net.minecraftforge.common.ForgeConfigSpec/CORE]: Incorrect key server.scale_limits.drops.minimum was corrected from null to its default, 1.401298464324817E-45. 
[03Jun2025 00:32:07.310] [Server thread/WARN] [net.minecraftforge.common.ForgeConfigSpec/CORE]: Incorrect key server.scale_limits.drops.maximum was corrected from null to its default, 3.4028234663852886E38. 
[03Jun2025 00:32:07.311] [Server thread/WARN] [net.minecraftforge.common.ForgeConfigSpec/CORE]: Incorrect key server.scale_limits.held_item was corrected from null to its default, SimpleCommentedConfig:{}. 
[03Jun2025 00:32:07.312] [Server thread/WARN] [net.minecraftforge.common.ForgeConfigSpec/CORE]: Incorrect key server.scale_limits.held_item.minimum was corrected from null to its default, 1.401298464324817E-45. 
[03Jun2025 00:32:07.312] [Server thread/WARN] [net.minecraftforge.common.ForgeConfigSpec/CORE]: Incorrect key server.scale_limits.held_item.maximum was corrected from null to its default, 3.4028234663852886E38. 
[03Jun2025 00:32:07.313] [Server thread/WARN] [net.minecraftforge.common.ForgeConfigSpec/CORE]: Incorrect key server.scale_limits.projectiles was corrected from null to its default, SimpleCommentedConfig:{}. 
[03Jun2025 00:32:07.313] [Server thread/WARN] [net.minecraftforge.common.ForgeConfigSpec/CORE]: Incorrect key server.scale_limits.projectiles.minimum was corrected from null to its default, 1.401298464324817E-45. 
[03Jun2025 00:32:07.313] [Server thread/WARN] [net.minecraftforge.common.ForgeConfigSpec/CORE]: Incorrect key server.scale_limits.projectiles.maximum was corrected from null to its default, 3.4028234663852886E38. 
[03Jun2025 00:32:07.313] [Server thread/WARN] [net.minecraftforge.common.ForgeConfigSpec/CORE]: Incorrect key server.scale_limits.explosions was corrected from null to its default, SimpleCommentedConfig:{}. 
[03Jun2025 00:32:07.313] [Server thread/WARN] [net.minecraftforge.common.ForgeConfigSpec/CORE]: Incorrect key server.scale_limits.explosions.minimum was corrected from null to its default, 1.401298464324817E-45. 
[03Jun2025 00:32:07.314] [Server thread/WARN] [net.minecraftforge.common.ForgeConfigSpec/CORE]: Incorrect key server.scale_limits.explosions.maximum was corrected from null to its default, 3.4028234663852886E38. 
[03Jun2025 00:32:07.319] [Server thread/WARN] [net.minecraftforge.common.ForgeConfigSpec/CORE]: Configuration file ./world/serverconfig/forge-server.toml is not correct. Correcting
[03Jun2025 00:32:07.320] [Server thread/WARN] [net.minecraftforge.common.ForgeConfigSpec/CORE]: Incorrect key server was corrected from null to its default, SimpleCommentedConfig:{}. 
[03Jun2025 00:32:07.320] [Server thread/WARN] [net.minecraftforge.common.ForgeConfigSpec/CORE]: Incorrect key server.removeErroringBlockEntities was corrected from null to its default, false. 
[03Jun2025 00:32:07.321] [Server thread/WARN] [net.minecraftforge.common.ForgeConfigSpec/CORE]: Incorrect key server.removeErroringEntities was corrected from null to its default, false. 
[03Jun2025 00:32:07.321] [Server thread/WARN] [net.minecraftforge.common.ForgeConfigSpec/CORE]: Incorrect key server.fullBoundingBoxLadders was corrected from null to its default, false. 
[03Jun2025 00:32:07.321] [Server thread/WARN] [net.minecraftforge.common.ForgeConfigSpec/CORE]: Incorrect key server.zombieBaseSummonChance was corrected from null to its default, 0.1. 
[03Jun2025 00:32:07.321] [Server thread/WARN] [net.minecraftforge.common.ForgeConfigSpec/CORE]: Incorrect key server.zombieBabyChance was corrected from null to its default, 0.05. 
[03Jun2025 00:32:07.324] [Server thread/WARN] [net.minecraftforge.common.ForgeConfigSpec/CORE]: Incorrect key server.permissionHandler was corrected from null to its default, forge:default_handler. 
[03Jun2025 00:32:07.324] [Server thread/WARN] [net.minecraftforge.common.ForgeConfigSpec/CORE]: Incorrect key server.advertiseDedicatedServerToLan was corrected from null to its default, true. 
[03Jun2025 00:32:07.324] [Server thread/WARN] [net.minecraftforge.common.ForgeConfigSpec/CORE]: Incorrect key server.useItemWithDurationZero was corrected from null to its default, false. 
[03Jun2025 00:32:07.330] [Server thread/WARN] [net.minecraftforge.common.ForgeConfigSpec/CORE]: Configuration file ./world/serverconfig/securitycraft-server.toml is not correct. Correcting
[03Jun2025 00:32:07.331] [Server thread/WARN] [net.minecraftforge.common.ForgeConfigSpec/CORE]: Incorrect key codebreaker_chance was corrected from null to its default, 0.33. 
[03Jun2025 00:32:07.331] [Server thread/WARN] [net.minecraftforge.common.ForgeConfigSpec/CORE]: Incorrect key allowAdminTool was corrected from null to its default, true. 
[03Jun2025 00:32:07.331] [Server thread/WARN] [net.minecraftforge.common.ForgeConfigSpec/CORE]: Incorrect key shouldSpawnFire was corrected from null to its default, true. 
[03Jun2025 00:32:07.332] [Server thread/WARN] [net.minecraftforge.common.ForgeConfigSpec/CORE]: Incorrect key smallerMineExplosion was corrected from null to its default, false. 
[03Jun2025 00:32:07.332] [Server thread/WARN] [net.minecraftforge.common.ForgeConfigSpec/CORE]: Incorrect key mineExplodesWhenInCreative was corrected from null to its default, true. 
[03Jun2025 00:32:07.335] [Server thread/WARN] [net.minecraftforge.common.ForgeConfigSpec/CORE]: Incorrect key mineExplosionsBreakBlocks was corrected from null to its default, true. 
[03Jun2025 00:32:07.336] [Server thread/WARN] [net.minecraftforge.common.ForgeConfigSpec/CORE]: Incorrect key laserBlockRange was corrected from null to its default, 5. 
[03Jun2025 00:32:07.336] [Server thread/WARN] [net.minecraftforge.common.ForgeConfigSpec/CORE]: Incorrect key inventoryScannerRange was corrected from null to its default, 3. 
[03Jun2025 00:32:07.337] [Server thread/WARN] [net.minecraftforge.common.ForgeConfigSpec/CORE]: Incorrect key maxAlarmRange was corrected from null to its default, 100. 
[03Jun2025 00:32:07.337] [Server thread/WARN] [net.minecraftforge.common.ForgeConfigSpec/CORE]: Incorrect key allowBlockClaim was corrected from null to its default, false. 
[03Jun2025 00:32:07.340] [Server thread/WARN] [net.minecraftforge.common.ForgeConfigSpec/CORE]: Incorrect key reinforced_block_tint was corrected from null to its default, true. 
[03Jun2025 00:32:07.341] [Server thread/WARN] [net.minecraftforge.common.ForgeConfigSpec/CORE]: Incorrect key force_reinforced_block_tint was corrected from null to its default, false. 
[03Jun2025 00:32:07.341] [Server thread/WARN] [net.minecraftforge.common.ForgeConfigSpec/CORE]: Incorrect key retinalScannerFace was corrected from null to its default, true. 
[03Jun2025 00:32:07.341] [Server thread/WARN] [net.minecraftforge.common.ForgeConfigSpec/CORE]: Incorrect key enable_team_ownership was corrected from null to its default, false. 
[03Jun2025 00:32:07.342] [Server thread/WARN] [net.minecraftforge.common.ForgeConfigSpec/CORE]: Incorrect key team_ownership_precedence was corrected from null to its default, [FTB_TEAMS, VANILLA]. 
[03Jun2025 00:32:07.344] [Server thread/WARN] [net.minecraftforge.common.ForgeConfigSpec/CORE]: Incorrect key disable_thanks_message was corrected from null to its default, false. 
[03Jun2025 00:32:07.344] [Server thread/WARN] [net.minecraftforge.common.ForgeConfigSpec/CORE]: Incorrect key trick_scanners_with_player_heads was corrected from null to its default, false. 
[03Jun2025 00:32:07.345] [Server thread/WARN] [net.minecraftforge.common.ForgeConfigSpec/CORE]: Incorrect key prevent_reinforced_floor_glitching was corrected from null to its default, false. 
[03Jun2025 00:32:07.346] [Server thread/WARN] [net.minecraftforge.common.ForgeConfigSpec/CORE]: Incorrect key taser_damage was corrected from null to its default, 1.0. 
[03Jun2025 00:32:07.347] [Server thread/WARN] [net.minecraftforge.common.ForgeConfigSpec/CORE]: Incorrect key powered_taser_damage was corrected from null to its default, 2.0. 
[03Jun2025 00:32:07.347] [Server thread/WARN] [net.minecraftforge.common.ForgeConfigSpec/CORE]: Incorrect key taser_effects was corrected from null to its default, [minecraft:weakness|200|2, minecraft:nausea|200|2, minecraft:slowness|200|2]. 
[03Jun2025 00:32:07.348] [Server thread/WARN] [net.minecraftforge.common.ForgeConfigSpec/CORE]: Incorrect key powered_taser_effects was corrected from null to its default, [minecraft:weakness|400|5, minecraft:nausea|400|5, minecraft:slowness|400|5]. 
[03Jun2025 00:32:07.349] [Server thread/WARN] [net.minecraftforge.common.ForgeConfigSpec/CORE]: Incorrect key laser_damage was corrected from null to its default, 10.0. 
[03Jun2025 00:32:07.349] [Server thread/WARN] [net.minecraftforge.common.ForgeConfigSpec/CORE]: Incorrect key incorrectPasscodeDamage was corrected from null to its default, 4. 
[03Jun2025 00:32:07.350] [Server thread/WARN] [net.minecraftforge.common.ForgeConfigSpec/CORE]: Incorrect key sentry_bullet_damage was corrected from null to its default, 2. 
[03Jun2025 00:32:07.351] [Server thread/WARN] [net.minecraftforge.common.ForgeConfigSpec/CORE]: Incorrect key reinforced_suffocation_damage was corrected from null to its default, 5. 
[03Jun2025 00:32:07.352] [Server thread/WARN] [net.minecraftforge.common.ForgeConfigSpec/CORE]: Incorrect key allow_camera_night_vision was corrected from null to its default, true. 
[03Jun2025 00:32:07.352] [Server thread/WARN] [net.minecraftforge.common.ForgeConfigSpec/CORE]: Incorrect key passcode_check_cooldown was corrected from null to its default, 250. 
[03Jun2025 00:32:07.353] [Server thread/WARN] [net.minecraftforge.common.ForgeConfigSpec/CORE]: Incorrect key passcode_spam_log_warning_enabled was corrected from null to its default, true. 
[03Jun2025 00:32:07.354] [Server thread/WARN] [net.minecraftforge.common.ForgeConfigSpec/CORE]: Incorrect key passcode_spam_log_warning was corrected from null to its default, Player "%1$s" tried to enter a passcode into "%2$s" at position [%3$s] too quickly!. 
[03Jun2025 00:32:07.355] [Server thread/WARN] [net.minecraftforge.common.ForgeConfigSpec/CORE]: Incorrect key in_world_un_reinforcing was corrected from null to its default, true. 
[03Jun2025 00:32:07.355] [Server thread/WARN] [net.minecraftforge.common.ForgeConfigSpec/CORE]: Incorrect key frame_feed_viewing_enabled was corrected from null to its default, true. 
[03Jun2025 00:32:07.356] [Server thread/WARN] [net.minecraftforge.common.ForgeConfigSpec/CORE]: Incorrect key frame_feed_view_distance was corrected from null to its default, 16. 
[03Jun2025 00:32:07.357] [Server thread/WARN] [net.minecraftforge.common.ForgeConfigSpec/CORE]: Incorrect key vanilla_tool_block_breaking was corrected from null to its default, true. 
[03Jun2025 00:32:07.358] [Server thread/WARN] [net.minecraftforge.common.ForgeConfigSpec/CORE]: Incorrect key always_drop was corrected from null to its default, true. 
[03Jun2025 00:32:07.358] [Server thread/WARN] [net.minecraftforge.common.ForgeConfigSpec/CORE]: Incorrect key allow_breaking_non_owned_blocks was corrected from null to its default, false. 
[03Jun2025 00:32:07.359] [Server thread/WARN] [net.minecraftforge.common.ForgeConfigSpec/CORE]: Incorrect key non_owned_breaking_slowdown was corrected from null to its default, 1.0. 
[03Jun2025 00:32:07.360] [Server thread/WARN] [net.minecraftforge.common.ForgeConfigSpec/CORE]: Incorrect key sentry_attackable_entities_allowlist was corrected from null to its default, []. 
[03Jun2025 00:32:07.361] [Server thread/WARN] [net.minecraftforge.common.ForgeConfigSpec/CORE]: Incorrect key sentry_attackable_entities_denylist was corrected from null to its default, []. 
[03Jun2025 00:32:07.367] [Server thread/WARN] [net.minecraftforge.common.ForgeConfigSpec/CORE]: Configuration file ./world/serverconfig/locks-server.toml is not correct. Correcting
[03Jun2025 00:32:07.367] [Server thread/WARN] [net.minecraftforge.common.ForgeConfigSpec/CORE]: Incorrect key Max Lockable Volume was corrected from null to its default, 6. 
[03Jun2025 00:32:07.368] [Server thread/WARN] [net.minecraftforge.common.ForgeConfigSpec/CORE]: Incorrect key Lockable Blocks was corrected from null to its default, [.*chest, .*barrel, .*hopper, .*door, .*trapdoor, .*fence_gate, .*shulker_box]. 
[03Jun2025 00:32:07.369] [Server thread/WARN] [net.minecraftforge.common.ForgeConfigSpec/CORE]: Incorrect key Allow Removing Locks was corrected from null to its default, true. 
[03Jun2025 00:32:07.371] [Server thread/WARN] [net.minecraftforge.common.ForgeConfigSpec/CORE]: Incorrect key Protect Lockables was corrected from null to its default, true. 
[03Jun2025 00:32:07.372] [Server thread/WARN] [net.minecraftforge.common.ForgeConfigSpec/CORE]: Incorrect key Easy Lock was corrected from null to its default, true. 
[03Jun2025 00:32:07.374] [Server thread/WARN] [net.minecraftforge.common.ForgeConfigSpec/CORE]: Incorrect key Stronger Prevention was corrected from null to its default, false. 
[03Jun2025 00:32:07.376] [Server thread/WARN] [net.minecraftforge.common.ForgeConfigSpec/CORE]: Configuration file ./world/serverconfig/irons_spellbooks-server.toml is not correct. Correcting
[03Jun2025 00:32:07.377] [Server thread/WARN] [net.minecraftforge.common.ForgeConfigSpec/CORE]: Incorrect key Misc was corrected from null to its default, SimpleCommentedConfig:{}. 
[03Jun2025 00:32:07.377] [Server thread/WARN] [net.minecraftforge.common.ForgeConfigSpec/CORE]: Incorrect key Misc.rarityConfig was corrected from null to its default, [0.3, 0.25, 0.2, 0.15, 0.1]. 
[03Jun2025 00:32:07.378] [Server thread/WARN] [net.minecraftforge.common.ForgeConfigSpec/CORE]: Incorrect key Misc.swordsConsumeMana was corrected from null to its default, true. 
[03Jun2025 00:32:07.378] [Server thread/WARN] [net.minecraftforge.common.ForgeConfigSpec/CORE]: Incorrect key Misc.swordsCooldownMultiplier was corrected from null to its default, 0.5. 
[03Jun2025 00:32:07.378] [Server thread/WARN] [net.minecraftforge.common.ForgeConfigSpec/CORE]: Incorrect key Misc.canAttackOwnSummons was corrected from null to its default, false. 
[03Jun2025 00:32:07.378] [Server thread/WARN] [net.minecraftforge.common.ForgeConfigSpec/CORE]: Incorrect key Misc.maxUpgrades was corrected from null to its default, 3. 
[03Jun2025 00:32:07.378] [Server thread/WARN] [net.minecraftforge.common.ForgeConfigSpec/CORE]: Incorrect key Misc.manaSpawnPercent was corrected from null to its default, 0.0. 
[03Jun2025 00:32:07.378] [Server thread/WARN] [net.minecraftforge.common.ForgeConfigSpec/CORE]: Incorrect key Misc.scrollRecycleChance was corrected from null to its default, 0.5. 
[03Jun2025 00:32:07.379] [Server thread/WARN] [net.minecraftforge.common.ForgeConfigSpec/CORE]: Incorrect key Misc.allowCauldronBrewing was corrected from null to its default, true. 
[03Jun2025 00:32:07.379] [Server thread/WARN] [net.minecraftforge.common.ForgeConfigSpec/CORE]: Incorrect key Misc.furledMapSkipsExistingChunks was corrected from null to its default, true. 
[03Jun2025 00:32:07.379] [Server thread/WARN] [net.minecraftforge.common.ForgeConfigSpec/CORE]: Incorrect key Misc.applyAllMultihandAttributes was corrected from null to its default, true. 
[03Jun2025 00:32:07.379] [Server thread/WARN] [net.minecraftforge.common.ForgeConfigSpec/CORE]: Incorrect key Misc.betterCreeperThunderHit was corrected from null to its default, true. 
[03Jun2025 00:32:07.379] [Server thread/WARN] [net.minecraftforge.common.ForgeConfigSpec/CORE]: Incorrect key Misc.spellGriefing was corrected from null to its default, false. 
[03Jun2025 00:32:07.379] [Server thread/WARN] [net.minecraftforge.common.ForgeConfigSpec/CORE]: Incorrect key Misc.additionalWanderingTraderTrades was corrected from null to its default, true. 
[03Jun2025 00:32:07.379] [Server thread/WARN] [net.minecraftforge.common.ForgeConfigSpec/CORE]: Incorrect key Misc.disableAdventureModeCasting was corrected from null to its default, false. 
[03Jun2025 00:32:07.380] [Server thread/WARN] [net.minecraftforge.common.ForgeConfigSpec/CORE]: Incorrect key Upgrade Overrides was corrected from null to its default, SimpleCommentedConfig:{}. 
[03Jun2025 00:32:07.380] [Server thread/WARN] [net.minecraftforge.common.ForgeConfigSpec/CORE]: Incorrect key Upgrade Overrides.scrollMerging was corrected from null to its default, true. 
[03Jun2025 00:32:07.381] [Server thread/WARN] [net.minecraftforge.common.ForgeConfigSpec/CORE]: Incorrect key Upgrade Overrides.upgradeWhitelist was corrected from null to its default, []. 
[03Jun2025 00:32:07.381] [Server thread/WARN] [net.minecraftforge.common.ForgeConfigSpec/CORE]: Incorrect key Upgrade Overrides.upgradeBlacklist was corrected from null to its default, []. 
[03Jun2025 00:32:07.382] [Server thread/WARN] [net.minecraftforge.common.ForgeConfigSpec/CORE]: Incorrect key Imbue Overrides was corrected from null to its default, SimpleCommentedConfig:{}. 
[03Jun2025 00:32:07.382] [Server thread/WARN] [net.minecraftforge.common.ForgeConfigSpec/CORE]: Incorrect key Imbue Overrides.imbueWhitelist was corrected from null to its default, []. 
[03Jun2025 00:32:07.383] [Server thread/WARN] [net.minecraftforge.common.ForgeConfigSpec/CORE]: Incorrect key Imbue Overrides.imbueBlacklist was corrected from null to its default, []. 
[03Jun2025 00:32:07.383] [Server thread/WARN] [net.minecraftforge.common.ForgeConfigSpec/CORE]: Incorrect key Worldgen was corrected from null to its default, SimpleCommentedConfig:{}. 
[03Jun2025 00:32:07.383] [Server thread/WARN] [net.minecraftforge.common.ForgeConfigSpec/CORE]: Incorrect key Worldgen.priestHouseWeight was corrected from null to its default, 4. 
[03Jun2025 00:32:07.383] [Server thread/WARN] [net.minecraftforge.common.ForgeConfigSpec/CORE]: Incorrect key Spells was corrected from null to its default, SimpleCommentedConfig:{}. 
[03Jun2025 00:32:07.383] [Server thread/WARN] [net.minecraftforge.common.ForgeConfigSpec/CORE]: Incorrect key Spells.irons_spellbooks:fireball was corrected from null to its default, SimpleCommentedConfig:{}. 
[03Jun2025 00:32:07.383] [Server thread/WARN] [net.minecraftforge.common.ForgeConfigSpec/CORE]: Incorrect key Spells.irons_spellbooks:fireball.Enabled was corrected from null to its default, true. 
[03Jun2025 00:32:07.384] [Server thread/WARN] [net.minecraftforge.common.ForgeConfigSpec/CORE]: Incorrect key Spells.irons_spellbooks:fireball.School was corrected from null to its default, irons_spellbooks:fire. 
[03Jun2025 00:32:07.384] [Server thread/WARN] [net.minecraftforge.common.ForgeConfigSpec/CORE]: Incorrect key Spells.irons_spellbooks:fireball.MaxLevel was corrected from null to its default, 5. 
[03Jun2025 00:32:07.384] [Server thread/WARN] [net.minecraftforge.common.ForgeConfigSpec/CORE]: Incorrect key Spells.irons_spellbooks:fireball.MinRarity was corrected from null to its default, RARE. 
[03Jun2025 00:32:07.384] [Server thread/WARN] [net.minecraftforge.common.ForgeConfigSpec/CORE]: Incorrect key Spells.irons_spellbooks:fireball.ManaCostMultiplier was corrected from null to its default, 1.0. 
[03Jun2025 00:32:07.385] [Server thread/WARN] [net.minecraftforge.common.ForgeConfigSpec/CORE]: Incorrect key Spells.irons_spellbooks:fireball.SpellPowerMultiplier was corrected from null to its default, 1.0. 
[03Jun2025 00:32:07.385] [Server thread/WARN] [net.minecraftforge.common.ForgeConfigSpec/CORE]: Incorrect key Spells.irons_spellbooks:fireball.CooldownInSeconds was corrected from null to its default, 25.0. 
[03Jun2025 00:32:07.385] [Server thread/WARN] [net.minecraftforge.common.ForgeConfigSpec/CORE]: Incorrect key Spells.irons_spellbooks:fireball.AllowCrafting was corrected from null to its default, true. 
[03Jun2025 00:32:07.385] [Server thread/WARN] [net.minecraftforge.common.ForgeConfigSpec/CORE]: Incorrect key Spells.irons_spellbooks:heat_surge was corrected from null to its default, SimpleCommentedConfig:{}. 
[03Jun2025 00:32:07.386] [Server thread/WARN] [net.minecraftforge.common.ForgeConfigSpec/CORE]: Incorrect key Spells.irons_spellbooks:heat_surge.Enabled was corrected from null to its default, true. 
[03Jun2025 00:32:07.386] [Server thread/WARN] [net.minecraftforge.common.ForgeConfigSpec/CORE]: Incorrect key Spells.irons_spellbooks:heat_surge.School was corrected from null to its default, irons_spellbooks:fire. 
[03Jun2025 00:32:07.386] [Server thread/WARN] [net.minecraftforge.common.ForgeConfigSpec/CORE]: Incorrect key Spells.irons_spellbooks:heat_surge.MaxLevel was corrected from null to its default, 8. 
[03Jun2025 00:32:07.386] [Server thread/WARN] [net.minecraftforge.common.ForgeConfigSpec/CORE]: Incorrect key Spells.irons_spellbooks:heat_surge.MinRarity was corrected from null to its default, COMMON. 
[03Jun2025 00:32:07.387] [Server thread/WARN] [net.minecraftforge.common.ForgeConfigSpec/CORE]: Incorrect key Spells.irons_spellbooks:heat_surge.ManaCostMultiplier was corrected from null to its default, 1.0. 
[03Jun2025 00:32:07.387] [Server thread/WARN] [net.minecraftforge.common.ForgeConfigSpec/CORE]: Incorrect key Spells.irons_spellbooks:heat_surge.SpellPowerMultiplier was corrected from null to its default, 1.0. 
[03Jun2025 00:32:07.387] [Server thread/WARN] [net.minecraftforge.common.ForgeConfigSpec/CORE]: Incorrect key Spells.irons_spellbooks:heat_surge.CooldownInSeconds was corrected from null to its default, 45.0. 
[03Jun2025 00:32:07.388] [Server thread/WARN] [net.minecraftforge.common.ForgeConfigSpec/CORE]: Incorrect key Spells.irons_spellbooks:heat_surge.AllowCrafting was corrected from null to its default, true. 
[03Jun2025 00:32:07.388] [Server thread/WARN] [net.minecraftforge.common.ForgeConfigSpec/CORE]: Incorrect key Spells.irons_spellbooks:wall_of_fire was corrected from null to its default, SimpleCommentedConfig:{}. 
[03Jun2025 00:32:07.388] [Server thread/WARN] [net.minecraftforge.common.ForgeConfigSpec/CORE]: Incorrect key Spells.irons_spellbooks:wall_of_fire.Enabled was corrected from null to its default, true. 
[03Jun2025 00:32:07.388] [Server thread/WARN] [net.minecraftforge.common.ForgeConfigSpec/CORE]: Incorrect key Spells.irons_spellbooks:wall_of_fire.School was corrected from null to its default, irons_spellbooks:fire. 
[03Jun2025 00:32:07.388] [Server thread/WARN] [net.minecraftforge.common.ForgeConfigSpec/CORE]: Incorrect key Spells.irons_spellbooks:wall_of_fire.MaxLevel was corrected from null to its default, 5. 
[03Jun2025 00:32:07.388] [Server thread/WARN] [net.minecraftforge.common.ForgeConfigSpec/CORE]: Incorrect key Spells.irons_spellbooks:wall_of_fire.MinRarity was corrected from null to its default, COMMON. 
[03Jun2025 00:32:07.388] [Server thread/WARN] [net.minecraftforge.common.ForgeConfigSpec/CORE]: Incorrect key Spells.irons_spellbooks:wall_of_fire.ManaCostMultiplier was corrected from null to its default, 1.0. 
[03Jun2025 00:32:07.388] [Server thread/WARN] [net.minecraftforge.common.ForgeConfigSpec/CORE]: Incorrect key Spells.irons_spellbooks:wall_of_fire.SpellPowerMultiplier was corrected from null to its default, 1.0. 
[03Jun2025 00:32:07.388] [Server thread/WARN] [net.minecraftforge.common.ForgeConfigSpec/CORE]: Incorrect key Spells.irons_spellbooks:wall_of_fire.CooldownInSeconds was corrected from null to its default, 30.0. 
[03Jun2025 00:32:07.389] [Server thread/WARN] [net.minecraftforge.common.ForgeConfigSpec/CORE]: Incorrect key Spells.irons_spellbooks:wall_of_fire.AllowCrafting was corrected from null to its default, true. 
[03Jun2025 00:32:07.389] [Server thread/WARN] [net.minecraftforge.common.ForgeConfigSpec/CORE]: Incorrect key Spells.irons_spellbooks:fire_breath was corrected from null to its default, SimpleCommentedConfig:{}. 
[03Jun2025 00:32:07.389] [Server thread/WARN] [net.minecraftforge.common.ForgeConfigSpec/CORE]: Incorrect key Spells.irons_spellbooks:fire_breath.Enabled was corrected from null to its default, true. 
[03Jun2025 00:32:07.389] [Server thread/WARN] [net.minecraftforge.common.ForgeConfigSpec/CORE]: Incorrect key Spells.irons_spellbooks:fire_breath.School was corrected from null to its default, irons_spellbooks:fire. 
[03Jun2025 00:32:07.389] [Server thread/WARN] [net.minecraftforge.common.ForgeConfigSpec/CORE]: Incorrect key Spells.irons_spellbooks:fire_breath.MaxLevel was corrected from null to its default, 10. 
[03Jun2025 00:32:07.389] [Server thread/WARN] [net.minecraftforge.common.ForgeConfigSpec/CORE]: Incorrect key Spells.irons_spellbooks:fire_breath.MinRarity was corrected from null to its default, COMMON. 
[03Jun2025 00:32:07.389] [Server thread/WARN] [net.minecraftforge.common.ForgeConfigSpec/CORE]: Incorrect key Spells.irons_spellbooks:fire_breath.ManaCostMultiplier was corrected from null to its default, 1.0. 
[03Jun2025 00:32:07.389] [Server thread/WARN] [net.minecraftforge.common.ForgeConfigSpec/CORE]: Incorrect key Spells.irons_spellbooks:fire_breath.SpellPowerMultiplier was corrected from null to its default, 1.0. 
[03Jun2025 00:32:07.389] [Server thread/WARN] [net.minecraftforge.common.ForgeConfigSpec/CORE]: Incorrect key Spells.irons_spellbooks:fire_breath.CooldownInSeconds was corrected from null to its default, 12.0. 
[03Jun2025 00:32:07.390] [Server thread/WARN] [net.minecraftforge.common.ForgeConfigSpec/CORE]: Incorrect key Spells.irons_spellbooks:fire_breath.AllowCrafting was corrected from null to its default, true. 
[03Jun2025 00:32:07.390] [Server thread/WARN] [net.minecraftforge.common.ForgeConfigSpec/CORE]: Incorrect key Spells.irons_spellbooks:magma_bomb was corrected from null to its default, SimpleCommentedConfig:{}. 
[03Jun2025 00:32:07.390] [Server thread/WARN] [net.minecraftforge.common.ForgeConfigSpec/CORE]: Incorrect key Spells.irons_spellbooks:magma_bomb.Enabled was corrected from null to its default, true. 
[03Jun2025 00:32:07.390] [Server thread/WARN] [net.minecraftforge.common.ForgeConfigSpec/CORE]: Incorrect key Spells.irons_spellbooks:magma_bomb.School was corrected from null to its default, irons_spellbooks:fire. 
[03Jun2025 00:32:07.390] [Server thread/WARN] [net.minecraftforge.common.ForgeConfigSpec/CORE]: Incorrect key Spells.irons_spellbooks:magma_bomb.MaxLevel was corrected from null to its default, 8. 
[03Jun2025 00:32:07.390] [Server thread/WARN] [net.minecraftforge.common.ForgeConfigSpec/CORE]: Incorrect key Spells.irons_spellbooks:magma_bomb.MinRarity was corrected from null to its default, UNCOMMON. 
[03Jun2025 00:32:07.390] [Server thread/WARN] [net.minecraftforge.common.ForgeConfigSpec/CORE]: Incorrect key Spells.irons_spellbooks:magma_bomb.ManaCostMultiplier was corrected from null to its default, 1.0. 
[03Jun2025 00:32:07.390] [Server thread/WARN] [net.minecraftforge.common.ForgeConfigSpec/CORE]: Incorrect key Spells.irons_spellbooks:magma_bomb.SpellPowerMultiplier was corrected from null to its default, 1.0. 
[03Jun2025 00:32:07.390] [Server thread/WARN] [net.minecraftforge.common.ForgeConfigSpec/CORE]: Incorrect key Spells.irons_spellbooks:magma_bomb.CooldownInSeconds was corrected from null to its default, 12.0. 
[03Jun2025 00:32:07.391] [Server thread/WARN] [net.minecraftforge.common.ForgeConfigSpec/CORE]: Incorrect key Spells.irons_spellbooks:magma_bomb.AllowCrafting was corrected from null to its default, true. 
[03Jun2025 00:32:07.392] [Server thread/WARN] [net.minecraftforge.common.ForgeConfigSpec/CORE]: Incorrect key Spells.irons_spellbooks:scorch was corrected from null to its default, SimpleCommentedConfig:{}. 
[03Jun2025 00:32:07.392] [Server thread/WARN] [net.minecraftforge.common.ForgeConfigSpec/CORE]: Incorrect key Spells.irons_spellbooks:scorch.Enabled was corrected from null to its default, true. 
[03Jun2025 00:32:07.392] [Server thread/WARN] [net.minecraftforge.common.ForgeConfigSpec/CORE]: Incorrect key Spells.irons_spellbooks:scorch.School was corrected from null to its default, irons_spellbooks:fire. 
[03Jun2025 00:32:07.392] [Server thread/WARN] [net.minecraftforge.common.ForgeConfigSpec/CORE]: Incorrect key Spells.irons_spellbooks:scorch.MaxLevel was corrected from null to its default, 10. 
[03Jun2025 00:32:07.392] [Server thread/WARN] [net.minecraftforge.common.ForgeConfigSpec/CORE]: Incorrect key Spells.irons_spellbooks:scorch.MinRarity was corrected from null to its default, UNCOMMON. 
[03Jun2025 00:32:07.392] [Server thread/WARN] [net.minecraftforge.common.ForgeConfigSpec/CORE]: Incorrect key Spells.irons_spellbooks:scorch.ManaCostMultiplier was corrected from null to its default, 1.0. 
[03Jun2025 00:32:07.393] [Server thread/WARN] [net.minecraftforge.common.ForgeConfigSpec/CORE]: Incorrect key Spells.irons_spellbooks:scorch.SpellPowerMultiplier was corrected from null to its default, 1.0. 
[03Jun2025 00:32:07.393] [Server thread/WARN] [net.minecraftforge.common.ForgeConfigSpec/CORE]: Incorrect key Spells.irons_spellbooks:scorch.CooldownInSeconds was corrected from null to its default, 12.0. 
[03Jun2025 00:32:07.393] [Server thread/WARN] [net.minecraftforge.common.ForgeConfigSpec/CORE]: Incorrect key Spells.irons_spellbooks:scorch.AllowCrafting was corrected from null to its default, true. 
[03Jun2025 00:32:07.393] [Server thread/WARN] [net.minecraftforge.common.ForgeConfigSpec/CORE]: Incorrect key Spells.irons_spellbooks:burning_dash was corrected from null to its default, SimpleCommentedConfig:{}. 
[03Jun2025 00:32:07.394] [Server thread/WARN] [net.minecraftforge.common.ForgeConfigSpec/CORE]: Incorrect key Spells.irons_spellbooks:burning_dash.Enabled was corrected from null to its default, true. 
[03Jun2025 00:32:07.394] [Server thread/WARN] [net.minecraftforge.common.ForgeConfigSpec/CORE]: Incorrect key Spells.irons_spellbooks:burning_dash.School was corrected from null to its default, irons_spellbooks:fire. 
[03Jun2025 00:32:07.394] [Server thread/WARN] [net.minecraftforge.common.ForgeConfigSpec/CORE]: Incorrect key Spells.irons_spellbooks:burning_dash.MaxLevel was corrected from null to its default, 10. 
[03Jun2025 00:32:07.394] [Server thread/WARN] [net.minecraftforge.common.ForgeConfigSpec/CORE]: Incorrect key Spells.irons_spellbooks:burning_dash.MinRarity was corrected from null to its default, COMMON. 
[03Jun2025 00:32:07.394] [Server thread/WARN] [net.minecraftforge.common.ForgeConfigSpec/CORE]: Incorrect key Spells.irons_spellbooks:burning_dash.ManaCostMultiplier was corrected from null to its default, 1.0. 
[03Jun2025 00:32:07.394] [Server thread/WARN] [net.minecraftforge.common.ForgeConfigSpec/CORE]: Incorrect key Spells.irons_spellbooks:burning_dash.SpellPowerMultiplier was corrected from null to its default, 1.0. 
[03Jun2025 00:32:07.394] [Server thread/WARN] [net.minecraftforge.common.ForgeConfigSpec/CORE]: Incorrect key Spells.irons_spellbooks:burning_dash.CooldownInSeconds was corrected from null to its default, 10.0. 
[03Jun2025 00:32:07.394] [Server thread/WARN] [net.minecraftforge.common.ForgeConfigSpec/CORE]: Incorrect key Spells.irons_spellbooks:burning_dash.AllowCrafting was corrected from null to its default, true. 
[03Jun2025 00:32:07.395] [Server thread/WARN] [net.minecraftforge.common.ForgeConfigSpec/CORE]: Incorrect key Spells.irons_spellbooks:blaze_storm was corrected from null to its default, SimpleCommentedConfig:{}. 
[03Jun2025 00:32:07.395] [Server thread/WARN] [net.minecraftforge.common.ForgeConfigSpec/CORE]: Incorrect key Spells.irons_spellbooks:blaze_storm.Enabled was corrected from null to its default, true. 
[03Jun2025 00:32:07.395] [Server thread/WARN] [net.minecraftforge.common.ForgeConfigSpec/CORE]: Incorrect key Spells.irons_spellbooks:blaze_storm.School was corrected from null to its default, irons_spellbooks:fire. 
[03Jun2025 00:32:07.395] [Server thread/WARN] [net.minecraftforge.common.ForgeConfigSpec/CORE]: Incorrect key Spells.irons_spellbooks:blaze_storm.MaxLevel was corrected from null to its default, 10. 
[03Jun2025 00:32:07.395] [Server thread/WARN] [net.minecraftforge.common.ForgeConfigSpec/CORE]: Incorrect key Spells.irons_spellbooks:blaze_storm.MinRarity was corrected from null to its default, COMMON. 
[03Jun2025 00:32:07.395] [Server thread/WARN] [net.minecraftforge.common.ForgeConfigSpec/CORE]: Incorrect key Spells.irons_spellbooks:blaze_storm.ManaCostMultiplier was corrected from null to its default, 1.0. 
[03Jun2025 00:32:07.395] [Server thread/WARN] [net.minecraftforge.common.ForgeConfigSpec/CORE]: Incorrect key Spells.irons_spellbooks:blaze_storm.SpellPowerMultiplier was corrected from null to its default, 1.0. 
[03Jun2025 00:32:07.395] [Server thread/WARN] [net.minecraftforge.common.ForgeConfigSpec/CORE]: Incorrect key Spells.irons_spellbooks:blaze_storm.CooldownInSeconds was corrected from null to its default, 20.0. 
[03Jun2025 00:32:07.395] [Server thread/WARN] [net.minecraftforge.common.ForgeConfigSpec/CORE]: Incorrect key Spells.irons_spellbooks:blaze_storm.AllowCrafting was corrected from null to its default, true. 
[03Jun2025 00:32:07.395] [Server thread/WARN] [net.minecraftforge.common.ForgeConfigSpec/CORE]: Incorrect key Spells.irons_spellbooks:firebolt was corrected from null to its default, SimpleCommentedConfig:{}. 
[03Jun2025 00:32:07.395] [Server thread/WARN] [net.minecraftforge.common.ForgeConfigSpec/CORE]: Incorrect key Spells.irons_spellbooks:firebolt.Enabled was corrected from null to its default, true. 
[03Jun2025 00:32:07.396] [Server thread/WARN] [net.minecraftforge.common.ForgeConfigSpec/CORE]: Incorrect key Spells.irons_spellbooks:firebolt.School was corrected from null to its default, irons_spellbooks:fire. 
[03Jun2025 00:32:07.396] [Server thread/WARN] [net.minecraftforge.common.ForgeConfigSpec/CORE]: Incorrect key Spells.irons_spellbooks:firebolt.MaxLevel was corrected from null to its default, 10. 
[03Jun2025 00:32:07.396] [Server thread/WARN] [net.minecraftforge.common.ForgeConfigSpec/CORE]: Incorrect key Spells.irons_spellbooks:firebolt.MinRarity was corrected from null to its default, COMMON. 
[03Jun2025 00:32:07.396] [Server thread/WARN] [net.minecraftforge.common.ForgeConfigSpec/CORE]: Incorrect key Spells.irons_spellbooks:firebolt.ManaCostMultiplier was corrected from null to its default, 1.0. 
[03Jun2025 00:32:07.398] [Server thread/WARN] [net.minecraftforge.common.ForgeConfigSpec/CORE]: Incorrect key Spells.irons_spellbooks:firebolt.SpellPowerMultiplier was corrected from null to its default, 1.0. 
[03Jun2025 00:32:07.398] [Server thread/WARN] [net.minecraftforge.common.ForgeConfigSpec/CORE]: Incorrect key Spells.irons_spellbooks:firebolt.CooldownInSeconds was corrected from null to its default, 1.0. 
[03Jun2025 00:32:07.399] [Server thread/WARN] [net.minecraftforge.common.ForgeConfigSpec/CORE]: Incorrect key Spells.irons_spellbooks:firebolt.AllowCrafting was corrected from null to its default, true. 
[03Jun2025 00:32:07.399] [Server thread/WARN] [net.minecraftforge.common.ForgeConfigSpec/CORE]: Incorrect key Spells.irons_spellbooks:flaming_barrage was corrected from null to its default, SimpleCommentedConfig:{}. 
[03Jun2025 00:32:07.399] [Server thread/WARN] [net.minecraftforge.common.ForgeConfigSpec/CORE]: Incorrect key Spells.irons_spellbooks:flaming_barrage.Enabled was corrected from null to its default, true. 
[03Jun2025 00:32:07.399] [Server thread/WARN] [net.minecraftforge.common.ForgeConfigSpec/CORE]: Incorrect key Spells.irons_spellbooks:flaming_barrage.School was corrected from null to its default, irons_spellbooks:fire. 
[03Jun2025 00:32:07.399] [Server thread/WARN] [net.minecraftforge.common.ForgeConfigSpec/CORE]: Incorrect key Spells.irons_spellbooks:flaming_barrage.MaxLevel was corrected from null to its default, 5. 
[03Jun2025 00:32:07.399] [Server thread/WARN] [net.minecraftforge.common.ForgeConfigSpec/CORE]: Incorrect key Spells.irons_spellbooks:flaming_barrage.MinRarity was corrected from null to its default, RARE. 
[03Jun2025 00:32:07.399] [Server thread/WARN] [net.minecraftforge.common.ForgeConfigSpec/CORE]: Incorrect key Spells.irons_spellbooks:flaming_barrage.ManaCostMultiplier was corrected from null to its default, 1.0. 
[03Jun2025 00:32:07.399] [Server thread/WARN] [net.minecraftforge.common.ForgeConfigSpec/CORE]: Incorrect key Spells.irons_spellbooks:flaming_barrage.SpellPowerMultiplier was corrected from null to its default, 1.0. 
[03Jun2025 00:32:07.399] [Server thread/WARN] [net.minecraftforge.common.ForgeConfigSpec/CORE]: Incorrect key Spells.irons_spellbooks:flaming_barrage.CooldownInSeconds was corrected from null to its default, 15.0. 
[03Jun2025 00:32:07.399] [Server thread/WARN] [net.minecraftforge.common.ForgeConfigSpec/CORE]: Incorrect key Spells.irons_spellbooks:flaming_barrage.AllowCrafting was corrected from null to its default, true. 
[03Jun2025 00:32:07.399] [Server thread/WARN] [net.minecraftforge.common.ForgeConfigSpec/CORE]: Incorrect key Spells.irons_spellbooks:flaming_strike was corrected from null to its default, SimpleCommentedConfig:{}. 
[03Jun2025 00:32:07.400] [Server thread/WARN] [net.minecraftforge.common.ForgeConfigSpec/CORE]: Incorrect key Spells.irons_spellbooks:flaming_strike.Enabled was corrected from null to its default, true. 
[03Jun2025 00:32:07.400] [Server thread/WARN] [net.minecraftforge.common.ForgeConfigSpec/CORE]: Incorrect key Spells.irons_spellbooks:flaming_strike.School was corrected from null to its default, irons_spellbooks:fire. 
[03Jun2025 00:32:07.400] [Server thread/WARN] [net.minecraftforge.common.ForgeConfigSpec/CORE]: Incorrect key Spells.irons_spellbooks:flaming_strike.MaxLevel was corrected from null to its default, 5. 
[03Jun2025 00:32:07.400] [Server thread/WARN] [net.minecraftforge.common.ForgeConfigSpec/CORE]: Incorrect key Spells.irons_spellbooks:flaming_strike.MinRarity was corrected from null to its default, COMMON. 
[03Jun2025 00:32:07.400] [Server thread/WARN] [net.minecraftforge.common.ForgeConfigSpec/CORE]: Incorrect key Spells.irons_spellbooks:flaming_strike.ManaCostMultiplier was corrected from null to its default, 1.0. 
[03Jun2025 00:32:07.400] [Server thread/WARN] [net.minecraftforge.common.ForgeConfigSpec/CORE]: Incorrect key Spells.irons_spellbooks:flaming_strike.SpellPowerMultiplier was corrected from null to its default, 1.0. 
[03Jun2025 00:32:07.401] [Server thread/WARN] [net.minecraftforge.common.ForgeConfigSpec/CORE]: Incorrect key Spells.irons_spellbooks:flaming_strike.CooldownInSeconds was corrected from null to its default, 15.0. 
[03Jun2025 00:32:07.401] [Server thread/WARN] [net.minecraftforge.common.ForgeConfigSpec/CORE]: Incorrect key Spells.irons_spellbooks:flaming_strike.AllowCrafting was corrected from null to its default, true. 
[03Jun2025 00:32:07.401] [Server thread/WARN] [net.minecraftforge.common.ForgeConfigSpec/CORE]: Incorrect key Spells.irons_spellbooks:poison_arrow was corrected from null to its default, SimpleCommentedConfig:{}. 
[03Jun2025 00:32:07.401] [Server thread/WARN] [net.minecraftforge.common.ForgeConfigSpec/CORE]: Incorrect key Spells.irons_spellbooks:poison_arrow.Enabled was corrected from null to its default, true. 
[03Jun2025 00:32:07.401] [Server thread/WARN] [net.minecraftforge.common.ForgeConfigSpec/CORE]: Incorrect key Spells.irons_spellbooks:poison_arrow.School was corrected from null to its default, irons_spellbooks:nature. 
[03Jun2025 00:32:07.401] [Server thread/WARN] [net.minecraftforge.common.ForgeConfigSpec/CORE]: Incorrect key Spells.irons_spellbooks:poison_arrow.MaxLevel was corrected from null to its default, 10. 
[03Jun2025 00:32:07.401] [Server thread/WARN] [net.minecraftforge.common.ForgeConfigSpec/CORE]: Incorrect key Spells.irons_spellbooks:poison_arrow.MinRarity was corrected from null to its default, COMMON. 
[03Jun2025 00:32:07.402] [Server thread/WARN] [net.minecraftforge.common.ForgeConfigSpec/CORE]: Incorrect key Spells.irons_spellbooks:poison_arrow.ManaCostMultiplier was corrected from null to its default, 1.0. 
[03Jun2025 00:32:07.402] [Server thread/WARN] [net.minecraftforge.common.ForgeConfigSpec/CORE]: Incorrect key Spells.irons_spellbooks:poison_arrow.SpellPowerMultiplier was corrected from null to its default, 1.0. 
[03Jun2025 00:32:07.402] [Server thread/WARN] [net.minecraftforge.common.ForgeConfigSpec/CORE]: Incorrect key Spells.irons_spellbooks:poison_arrow.CooldownInSeconds was corrected from null to its default, 15.0. 
[03Jun2025 00:32:07.402] [Server thread/WARN] [net.minecraftforge.common.ForgeConfigSpec/CORE]: Incorrect key Spells.irons_spellbooks:poison_arrow.AllowCrafting was corrected from null to its default, true. 
[03Jun2025 00:32:07.402] [Server thread/WARN] [net.minecraftforge.common.ForgeConfigSpec/CORE]: Incorrect key Spells.irons_spellbooks:earthquake was corrected from null to its default, SimpleCommentedConfig:{}. 
[03Jun2025 00:32:07.403] [Server thread/WARN] [net.minecraftforge.common.ForgeConfigSpec/CORE]: Incorrect key Spells.irons_spellbooks:earthquake.Enabled was corrected from null to its default, true. 
[03Jun2025 00:32:07.403] [Server thread/WARN] [net.minecraftforge.common.ForgeConfigSpec/CORE]: Incorrect key Spells.irons_spellbooks:earthquake.School was corrected from null to its default, irons_spellbooks:nature. 
[03Jun2025 00:32:07.403] [Server thread/WARN] [net.minecraftforge.common.ForgeConfigSpec/CORE]: Incorrect key Spells.irons_spellbooks:earthquake.MaxLevel was corrected from null to its default, 10. 
[03Jun2025 00:32:07.403] [Server thread/WARN] [net.minecraftforge.common.ForgeConfigSpec/CORE]: Incorrect key Spells.irons_spellbooks:earthquake.MinRarity was corrected from null to its default, UNCOMMON. 
[03Jun2025 00:32:07.403] [Server thread/WARN] [net.minecraftforge.common.ForgeConfigSpec/CORE]: Incorrect key Spells.irons_spellbooks:earthquake.ManaCostMultiplier was corrected from null to its default, 1.0. 
[03Jun2025 00:32:07.404] [Server thread/WARN] [net.minecraftforge.common.ForgeConfigSpec/CORE]: Incorrect key Spells.irons_spellbooks:earthquake.SpellPowerMultiplier was corrected from null to its default, 1.0. 
[03Jun2025 00:32:07.404] [Server thread/WARN] [net.minecraftforge.common.ForgeConfigSpec/CORE]: Incorrect key Spells.irons_spellbooks:earthquake.CooldownInSeconds was corrected from null to its default, 16.0. 
[03Jun2025 00:32:07.404] [Server thread/WARN] [net.minecraftforge.common.ForgeConfigSpec/CORE]: Incorrect key Spells.irons_spellbooks:earthquake.AllowCrafting was corrected from null to its default, true. 
[03Jun2025 00:32:07.404] [Server thread/WARN] [net.minecraftforge.common.ForgeConfigSpec/CORE]: Incorrect key Spells.irons_spellbooks:poison_splash was corrected from null to its default, SimpleCommentedConfig:{}. 
[03Jun2025 00:32:07.404] [Server thread/WARN] [net.minecraftforge.common.ForgeConfigSpec/CORE]: Incorrect key Spells.irons_spellbooks:poison_splash.Enabled was corrected from null to its default, true. 
[03Jun2025 00:32:07.404] [Server thread/WARN] [net.minecraftforge.common.ForgeConfigSpec/CORE]: Incorrect key Spells.irons_spellbooks:poison_splash.School was corrected from null to its default, irons_spellbooks:nature. 
[03Jun2025 00:32:07.404] [Server thread/WARN] [net.minecraftforge.common.ForgeConfigSpec/CORE]: Incorrect key Spells.irons_spellbooks:poison_splash.MaxLevel was corrected from null to its default, 10. 
[03Jun2025 00:32:07.404] [Server thread/WARN] [net.minecraftforge.common.ForgeConfigSpec/CORE]: Incorrect key Spells.irons_spellbooks:poison_splash.MinRarity was corrected from null to its default, UNCOMMON. 
[03Jun2025 00:32:07.404] [Server thread/WARN] [net.minecraftforge.common.ForgeConfigSpec/CORE]: Incorrect key Spells.irons_spellbooks:poison_splash.ManaCostMultiplier was corrected from null to its default, 1.0. 
[03Jun2025 00:32:07.405] [Server thread/WARN] [net.minecraftforge.common.ForgeConfigSpec/CORE]: Incorrect key Spells.irons_spellbooks:poison_splash.SpellPowerMultiplier was corrected from null to its default, 1.0. 
[03Jun2025 00:32:07.405] [Server thread/WARN] [net.minecraftforge.common.ForgeConfigSpec/CORE]: Incorrect key Spells.irons_spellbooks:poison_splash.CooldownInSeconds was corrected from null to its default, 20.0. 
[03Jun2025 00:32:07.405] [Server thread/WARN] [net.minecraftforge.common.ForgeConfigSpec/CORE]: Incorrect key Spells.irons_spellbooks:poison_splash.AllowCrafting was corrected from null to its default, true. 
[03Jun2025 00:32:07.405] [Server thread/WARN] [net.minecraftforge.common.ForgeConfigSpec/CORE]: Incorrect key Spells.irons_spellbooks:oakskin was corrected from null to its default, SimpleCommentedConfig:{}. 
[03Jun2025 00:32:07.405] [Server thread/WARN] [net.minecraftforge.common.ForgeConfigSpec/CORE]: Incorrect key Spells.irons_spellbooks:oakskin.Enabled was corrected from null to its default, true. 
[03Jun2025 00:32:07.405] [Server thread/WARN] [net.minecraftforge.common.ForgeConfigSpec/CORE]: Incorrect key Spells.irons_spellbooks:oakskin.School was corrected from null to its default, irons_spellbooks:nature. 
[03Jun2025 00:32:07.405] [Server thread/WARN] [net.minecraftforge.common.ForgeConfigSpec/CORE]: Incorrect key Spells.irons_spellbooks:oakskin.MaxLevel was corrected from null to its default, 8. 
[03Jun2025 00:32:07.405] [Server thread/WARN] [net.minecraftforge.common.ForgeConfigSpec/CORE]: Incorrect key Spells.irons_spellbooks:oakskin.MinRarity was corrected from null to its default, COMMON. 
[03Jun2025 00:32:07.405] [Server thread/WARN] [net.minecraftforge.common.ForgeConfigSpec/CORE]: Incorrect key Spells.irons_spellbooks:oakskin.ManaCostMultiplier was corrected from null to its default, 1.0. 
[03Jun2025 00:32:07.405] [Server thread/WARN] [net.minecraftforge.common.ForgeConfigSpec/CORE]: Incorrect key Spells.irons_spellbooks:oakskin.SpellPowerMultiplier was corrected from null to its default, 1.0. 
[03Jun2025 00:32:07.405] [Server thread/WARN] [net.minecraftforge.common.ForgeConfigSpec/CORE]: Incorrect key Spells.irons_spellbooks:oakskin.CooldownInSeconds was corrected from null to its default, 35.0. 
[03Jun2025 00:32:07.406] [Server thread/WARN] [net.minecraftforge.common.ForgeConfigSpec/CORE]: Incorrect key Spells.irons_spellbooks:oakskin.AllowCrafting was corrected from null to its default, true. 
[03Jun2025 00:32:07.406] [Server thread/WARN] [net.minecraftforge.common.ForgeConfigSpec/CORE]: Incorrect key Spells.irons_spellbooks:spider_aspect was corrected from null to its default, SimpleCommentedConfig:{}. 
[03Jun2025 00:32:07.406] [Server thread/WARN] [net.minecraftforge.common.ForgeConfigSpec/CORE]: Incorrect key Spells.irons_spellbooks:spider_aspect.Enabled was corrected from null to its default, true. 
[03Jun2025 00:32:07.406] [Server thread/WARN] [net.minecraftforge.common.ForgeConfigSpec/CORE]: Incorrect key Spells.irons_spellbooks:spider_aspect.School was corrected from null to its default, irons_spellbooks:nature. 
[03Jun2025 00:32:07.406] [Server thread/WARN] [net.minecraftforge.common.ForgeConfigSpec/CORE]: Incorrect key Spells.irons_spellbooks:spider_aspect.MaxLevel was corrected from null to its default, 8. 
[03Jun2025 00:32:07.406] [Server thread/WARN] [net.minecraftforge.common.ForgeConfigSpec/CORE]: Incorrect key Spells.irons_spellbooks:spider_aspect.MinRarity was corrected from null to its default, RARE. 
[03Jun2025 00:32:07.406] [Server thread/WARN] [net.minecraftforge.common.ForgeConfigSpec/CORE]: Incorrect key Spells.irons_spellbooks:spider_aspect.ManaCostMultiplier was corrected from null to its default, 1.0. 
[03Jun2025 00:32:07.406] [Server thread/WARN] [net.minecraftforge.common.ForgeConfigSpec/CORE]: Incorrect key Spells.irons_spellbooks:spider_aspect.SpellPowerMultiplier was corrected from null to its default, 1.0. 
[03Jun2025 00:32:07.406] [Server thread/WARN] [net.minecraftforge.common.ForgeConfigSpec/CORE]: Incorrect key Spells.irons_spellbooks:spider_aspect.CooldownInSeconds was corrected from null to its default, 90.0. 
[03Jun2025 00:32:07.406] [Server thread/WARN] [net.minecraftforge.common.ForgeConfigSpec/CORE]: Incorrect key Spells.irons_spellbooks:spider_aspect.AllowCrafting was corrected from null to its default, true. 
[03Jun2025 00:32:07.406] [Server thread/WARN] [net.minecraftforge.common.ForgeConfigSpec/CORE]: Incorrect key Spells.irons_spellbooks:firefly_swarm was corrected from null to its default, SimpleCommentedConfig:{}. 
[03Jun2025 00:32:07.407] [Server thread/WARN] [net.minecraftforge.common.ForgeConfigSpec/CORE]: Incorrect key Spells.irons_spellbooks:firefly_swarm.Enabled was corrected from null to its default, true. 
[03Jun2025 00:32:07.407] [Server thread/WARN] [net.minecraftforge.common.ForgeConfigSpec/CORE]: Incorrect key Spells.irons_spellbooks:firefly_swarm.School was corrected from null to its default, irons_spellbooks:nature. 
[03Jun2025 00:32:07.407] [Server thread/WARN] [net.minecraftforge.common.ForgeConfigSpec/CORE]: Incorrect key Spells.irons_spellbooks:firefly_swarm.MaxLevel was corrected from null to its default, 10. 
[03Jun2025 00:32:07.407] [Server thread/WARN] [net.minecraftforge.common.ForgeConfigSpec/CORE]: Incorrect key Spells.irons_spellbooks:firefly_swarm.MinRarity was corrected from null to its default, UNCOMMON. 
[03Jun2025 00:32:07.408] [Server thread/WARN] [net.minecraftforge.common.ForgeConfigSpec/CORE]: Incorrect key Spells.irons_spellbooks:firefly_swarm.ManaCostMultiplier was corrected from null to its default, 1.0. 
[03Jun2025 00:32:07.410] [Server thread/WARN] [net.minecraftforge.common.ForgeConfigSpec/CORE]: Incorrect key Spells.irons_spellbooks:firefly_swarm.SpellPowerMultiplier was corrected from null to its default, 1.0. 
[03Jun2025 00:32:07.411] [Server thread/WARN] [net.minecraftforge.common.ForgeConfigSpec/CORE]: Incorrect key Spells.irons_spellbooks:firefly_swarm.CooldownInSeconds was corrected from null to its default, 20.0. 
[03Jun2025 00:32:07.412] [Server thread/WARN] [net.minecraftforge.common.ForgeConfigSpec/CORE]: Incorrect key Spells.irons_spellbooks:firefly_swarm.AllowCrafting was corrected from null to its default, true. 
[03Jun2025 00:32:07.413] [Server thread/WARN] [net.minecraftforge.common.ForgeConfigSpec/CORE]: Incorrect key Spells.irons_spellbooks:root was corrected from null to its default, SimpleCommentedConfig:{}. 
[03Jun2025 00:32:07.413] [Server thread/WARN] [net.minecraftforge.common.ForgeConfigSpec/CORE]: Incorrect key Spells.irons_spellbooks:root.Enabled was corrected from null to its default, true. 
[03Jun2025 00:32:07.414] [Server thread/WARN] [net.minecraftforge.common.ForgeConfigSpec/CORE]: Incorrect key Spells.irons_spellbooks:root.School was corrected from null to its default, irons_spellbooks:nature. 
[03Jun2025 00:32:07.414] [Server thread/WARN] [net.minecraftforge.common.ForgeConfigSpec/CORE]: Incorrect key Spells.irons_spellbooks:root.MaxLevel was corrected from null to its default, 10. 
[03Jun2025 00:32:07.415] [Server thread/WARN] [net.minecraftforge.common.ForgeConfigSpec/CORE]: Incorrect key Spells.irons_spellbooks:root.MinRarity was corrected from null to its default, UNCOMMON. 
[03Jun2025 00:32:07.415] [Server thread/WARN] [net.minecraftforge.common.ForgeConfigSpec/CORE]: Incorrect key Spells.irons_spellbooks:root.ManaCostMultiplier was corrected from null to its default, 1.0. 
[03Jun2025 00:32:07.416] [Server thread/WARN] [net.minecraftforge.common.ForgeConfigSpec/CORE]: Incorrect key Spells.irons_spellbooks:root.SpellPowerMultiplier was corrected from null to its default, 1.0. 
[03Jun2025 00:32:07.416] [Server thread/WARN] [net.minecraftforge.common.ForgeConfigSpec/CORE]: Incorrect key Spells.irons_spellbooks:root.CooldownInSeconds was corrected from null to its default, 35.0. 
[03Jun2025 00:32:07.416] [Server thread/WARN] [net.minecraftforge.common.ForgeConfigSpec/CORE]: Incorrect key Spells.irons_spellbooks:root.AllowCrafting was corrected from null to its default, true. 
[03Jun2025 00:32:07.416] [Server thread/WARN] [net.minecraftforge.common.ForgeConfigSpec/CORE]: Incorrect key Spells.irons_spellbooks:blight was corrected from null to its default, SimpleCommentedConfig:{}. 
[03Jun2025 00:32:07.416] [Server thread/WARN] [net.minecraftforge.common.ForgeConfigSpec/CORE]: Incorrect key Spells.irons_spellbooks:blight.Enabled was corrected from null to its default, true. 
[03Jun2025 00:32:07.416] [Server thread/WARN] [net.minecraftforge.common.ForgeConfigSpec/CORE]: Incorrect key Spells.irons_spellbooks:blight.School was corrected from null to its default, irons_spellbooks:nature. 
[03Jun2025 00:32:07.417] [Server thread/WARN] [net.minecraftforge.common.ForgeConfigSpec/CORE]: Incorrect key Spells.irons_spellbooks:blight.MaxLevel was corrected from null to its default, 8. 
[03Jun2025 00:32:07.417] [Server thread/WARN] [net.minecraftforge.common.ForgeConfigSpec/CORE]: Incorrect key Spells.irons_spellbooks:blight.MinRarity was corrected from null to its default, RARE. 
[03Jun2025 00:32:07.417] [Server thread/WARN] [net.minecraftforge.common.ForgeConfigSpec/CORE]: Incorrect key Spells.irons_spellbooks:blight.ManaCostMultiplier was corrected from null to its default, 1.0. 
[03Jun2025 00:32:07.417] [Server thread/WARN] [net.minecraftforge.common.ForgeConfigSpec/CORE]: Incorrect key Spells.irons_spellbooks:blight.SpellPowerMultiplier was corrected from null to its default, 1.0. 
[03Jun2025 00:32:07.419] [Server thread/WARN] [net.minecraftforge.common.ForgeConfigSpec/CORE]: Incorrect key Spells.irons_spellbooks:blight.CooldownInSeconds was corrected from null to its default, 35.0. 
[03Jun2025 00:32:07.419] [Server thread/WARN] [net.minecraftforge.common.ForgeConfigSpec/CORE]: Incorrect key Spells.irons_spellbooks:blight.AllowCrafting was corrected from null to its default, true. 
[03Jun2025 00:32:07.419] [Server thread/WARN] [net.minecraftforge.common.ForgeConfigSpec/CORE]: Incorrect key Spells.irons_spellbooks:stomp was corrected from null to its default, SimpleCommentedConfig:{}. 
[03Jun2025 00:32:07.419] [Server thread/WARN] [net.minecraftforge.common.ForgeConfigSpec/CORE]: Incorrect key Spells.irons_spellbooks:stomp.Enabled was corrected from null to its default, true. 
[03Jun2025 00:32:07.419] [Server thread/WARN] [net.minecraftforge.common.ForgeConfigSpec/CORE]: Incorrect key Spells.irons_spellbooks:stomp.School was corrected from null to its default, irons_spellbooks:nature. 
[03Jun2025 00:32:07.419] [Server thread/WARN] [net.minecraftforge.common.ForgeConfigSpec/CORE]: Incorrect key Spells.irons_spellbooks:stomp.MaxLevel was corrected from null to its default, 5. 
[03Jun2025 00:32:07.419] [Server thread/WARN] [net.minecraftforge.common.ForgeConfigSpec/CORE]: Incorrect key Spells.irons_spellbooks:stomp.MinRarity was corrected from null to its default, UNCOMMON. 
[03Jun2025 00:32:07.419] [Server thread/WARN] [net.minecraftforge.common.ForgeConfigSpec/CORE]: Incorrect key Spells.irons_spellbooks:stomp.ManaCostMultiplier was corrected from null to its default, 1.0. 
[03Jun2025 00:32:07.420] [Server thread/WARN] [net.minecraftforge.common.ForgeConfigSpec/CORE]: Incorrect key Spells.irons_spellbooks:stomp.SpellPowerMultiplier was corrected from null to its default, 1.0. 
[03Jun2025 00:32:07.420] [Server thread/WARN] [net.minecraftforge.common.ForgeConfigSpec/CORE]: Incorrect key Spells.irons_spellbooks:stomp.CooldownInSeconds was corrected from null to its default, 16.0. 
[03Jun2025 00:32:07.420] [Server thread/WARN] [net.minecraftforge.common.ForgeConfigSpec/CORE]: Incorrect key Spells.irons_spellbooks:stomp.AllowCrafting was corrected from null to its default, true. 
[03Jun2025 00:32:07.420] [Server thread/WARN] [net.minecraftforge.common.ForgeConfigSpec/CORE]: Incorrect key Spells.irons_spellbooks:acid_orb was corrected from null to its default, SimpleCommentedConfig:{}. 
[03Jun2025 00:32:07.420] [Server thread/WARN] [net.minecraftforge.common.ForgeConfigSpec/CORE]: Incorrect key Spells.irons_spellbooks:acid_orb.Enabled was corrected from null to its default, true. 
[03Jun2025 00:32:07.420] [Server thread/WARN] [net.minecraftforge.common.ForgeConfigSpec/CORE]: Incorrect key Spells.irons_spellbooks:acid_orb.School was corrected from null to its default, irons_spellbooks:nature. 
[03Jun2025 00:32:07.420] [Server thread/WARN] [net.minecraftforge.common.ForgeConfigSpec/CORE]: Incorrect key Spells.irons_spellbooks:acid_orb.MaxLevel was corrected from null to its default, 10. 
[03Jun2025 00:32:07.420] [Server thread/WARN] [net.minecraftforge.common.ForgeConfigSpec/CORE]: Incorrect key Spells.irons_spellbooks:acid_orb.MinRarity was corrected from null to its default, COMMON. 
[03Jun2025 00:32:07.420] [Server thread/WARN] [net.minecraftforge.common.ForgeConfigSpec/CORE]: Incorrect key Spells.irons_spellbooks:acid_orb.ManaCostMultiplier was corrected from null to its default, 1.0. 
[03Jun2025 00:32:07.420] [Server thread/WARN] [net.minecraftforge.common.ForgeConfigSpec/CORE]: Incorrect key Spells.irons_spellbooks:acid_orb.SpellPowerMultiplier was corrected from null to its default, 1.0. 
[03Jun2025 00:32:07.421] [Server thread/WARN] [net.minecraftforge.common.ForgeConfigSpec/CORE]: Incorrect key Spells.irons_spellbooks:acid_orb.CooldownInSeconds was corrected from null to its default, 15.0. 
[03Jun2025 00:32:07.421] [Server thread/WARN] [net.minecraftforge.common.ForgeConfigSpec/CORE]: Incorrect key Spells.irons_spellbooks:acid_orb.AllowCrafting was corrected from null to its default, true. 
[03Jun2025 00:32:07.421] [Server thread/WARN] [net.minecraftforge.common.ForgeConfigSpec/CORE]: Incorrect key Spells.irons_spellbooks:poison_breath was corrected from null to its default, SimpleCommentedConfig:{}. 
[03Jun2025 00:32:07.421] [Server thread/WARN] [net.minecraftforge.common.ForgeConfigSpec/CORE]: Incorrect key Spells.irons_spellbooks:poison_breath.Enabled was corrected from null to its default, true. 
[03Jun2025 00:32:07.421] [Server thread/WARN] [net.minecraftforge.common.ForgeConfigSpec/CORE]: Incorrect key Spells.irons_spellbooks:poison_breath.School was corrected from null to its default, irons_spellbooks:nature. 
[03Jun2025 00:32:07.421] [Server thread/WARN] [net.minecraftforge.common.ForgeConfigSpec/CORE]: Incorrect key Spells.irons_spellbooks:poison_breath.MaxLevel was corrected from null to its default, 10. 
[03Jun2025 00:32:07.423] [Server thread/WARN] [net.minecraftforge.common.ForgeConfigSpec/CORE]: Incorrect key Spells.irons_spellbooks:poison_breath.MinRarity was corrected from null to its default, COMMON. 
[03Jun2025 00:32:07.423] [Server thread/WARN] [net.minecraftforge.common.ForgeConfigSpec/CORE]: Incorrect key Spells.irons_spellbooks:poison_breath.ManaCostMultiplier was corrected from null to its default, 1.0. 
[03Jun2025 00:32:07.423] [Server thread/WARN] [net.minecraftforge.common.ForgeConfigSpec/CORE]: Incorrect key Spells.irons_spellbooks:poison_breath.SpellPowerMultiplier was corrected from null to its default, 1.0. 
[03Jun2025 00:32:07.424] [Server thread/WARN] [net.minecraftforge.common.ForgeConfigSpec/CORE]: Incorrect key Spells.irons_spellbooks:poison_breath.CooldownInSeconds was corrected from null to its default, 12.0. 
[03Jun2025 00:32:07.424] [Server thread/WARN] [net.minecraftforge.common.ForgeConfigSpec/CORE]: Incorrect key Spells.irons_spellbooks:poison_breath.AllowCrafting was corrected from null to its default, true. 
[03Jun2025 00:32:07.424] [Server thread/WARN] [net.minecraftforge.common.ForgeConfigSpec/CORE]: Incorrect key Spells.irons_spellbooks:gluttony was corrected from null to its default, SimpleCommentedConfig:{}. 
[03Jun2025 00:32:07.424] [Server thread/WARN] [net.minecraftforge.common.ForgeConfigSpec/CORE]: Incorrect key Spells.irons_spellbooks:gluttony.Enabled was corrected from null to its default, true. 
[03Jun2025 00:32:07.424] [Server thread/WARN] [net.minecraftforge.common.ForgeConfigSpec/CORE]: Incorrect key Spells.irons_spellbooks:gluttony.School was corrected from null to its default, irons_spellbooks:nature. 
[03Jun2025 00:32:07.424] [Server thread/WARN] [net.minecraftforge.common.ForgeConfigSpec/CORE]: Incorrect key Spells.irons_spellbooks:gluttony.MaxLevel was corrected from null to its default, 5. 
[03Jun2025 00:32:07.424] [Server thread/WARN] [net.minecraftforge.common.ForgeConfigSpec/CORE]: Incorrect key Spells.irons_spellbooks:gluttony.MinRarity was corrected from null to its default, COMMON. 
[03Jun2025 00:32:07.424] [Server thread/WARN] [net.minecraftforge.common.ForgeConfigSpec/CORE]: Incorrect key Spells.irons_spellbooks:gluttony.ManaCostMultiplier was corrected from null to its default, 1.0. 
[03Jun2025 00:32:07.424] [Server thread/WARN] [net.minecraftforge.common.ForgeConfigSpec/CORE]: Incorrect key Spells.irons_spellbooks:gluttony.SpellPowerMultiplier was corrected from null to its default, 1.0. 
[03Jun2025 00:32:07.424] [Server thread/WARN] [net.minecraftforge.common.ForgeConfigSpec/CORE]: Incorrect key Spells.irons_spellbooks:gluttony.CooldownInSeconds was corrected from null to its default, 90.0. 
[03Jun2025 00:32:07.424] [Server thread/WARN] [net.minecraftforge.common.ForgeConfigSpec/CORE]: Incorrect key Spells.irons_spellbooks:gluttony.AllowCrafting was corrected from null to its default, true. 
[03Jun2025 00:32:07.424] [Server thread/WARN] [net.minecraftforge.common.ForgeConfigSpec/CORE]: Incorrect key Spells.irons_spellbooks:frostbite was corrected from null to its default, SimpleCommentedConfig:{}. 
[03Jun2025 00:32:07.425] [Server thread/WARN] [net.minecraftforge.common.ForgeConfigSpec/CORE]: Incorrect key Spells.irons_spellbooks:frostbite.Enabled was corrected from null to its default, true. 
[03Jun2025 00:32:07.425] [Server thread/WARN] [net.minecraftforge.common.ForgeConfigSpec/CORE]: Incorrect key Spells.irons_spellbooks:frostbite.School was corrected from null to its default, irons_spellbooks:ice. 
[03Jun2025 00:32:07.425] [Server thread/WARN] [net.minecraftforge.common.ForgeConfigSpec/CORE]: Incorrect key Spells.irons_spellbooks:frostbite.MaxLevel was corrected from null to its default, 5. 
[03Jun2025 00:32:07.425] [Server thread/WARN] [net.minecraftforge.common.ForgeConfigSpec/CORE]: Incorrect key Spells.irons_spellbooks:frostbite.MinRarity was corrected from null to its default, COMMON. 
[03Jun2025 00:32:07.425] [Server thread/WARN] [net.minecraftforge.common.ForgeConfigSpec/CORE]: Incorrect key Spells.irons_spellbooks:frostbite.ManaCostMultiplier was corrected from null to its default, 1.0. 
[03Jun2025 00:32:07.425] [Server thread/WARN] [net.minecraftforge.common.ForgeConfigSpec/CORE]: Incorrect key Spells.irons_spellbooks:frostbite.SpellPowerMultiplier was corrected from null to its default, 1.0. 
[03Jun2025 00:32:07.425] [Server thread/WARN] [net.minecraftforge.common.ForgeConfigSpec/CORE]: Incorrect key Spells.irons_spellbooks:frostbite.CooldownInSeconds was corrected from null to its default, 0.0. 
[03Jun2025 00:32:07.425] [Server thread/WARN] [net.minecraftforge.common.ForgeConfigSpec/CORE]: Incorrect key Spells.irons_spellbooks:frostbite.AllowCrafting was corrected from null to its default, true. 
[03Jun2025 00:32:07.425] [Server thread/WARN] [net.minecraftforge.common.ForgeConfigSpec/CORE]: Incorrect key Spells.irons_spellbooks:ice_block was corrected from null to its default, SimpleCommentedConfig:{}. 
[03Jun2025 00:32:07.425] [Server thread/WARN] [net.minecraftforge.common.ForgeConfigSpec/CORE]: Incorrect key Spells.irons_spellbooks:ice_block.Enabled was corrected from null to its default, true. 
[03Jun2025 00:32:07.425] [Server thread/WARN] [net.minecraftforge.common.ForgeConfigSpec/CORE]: Incorrect key Spells.irons_spellbooks:ice_block.School was corrected from null to its default, irons_spellbooks:ice. 
[03Jun2025 00:32:07.425] [Server thread/WARN] [net.minecraftforge.common.ForgeConfigSpec/CORE]: Incorrect key Spells.irons_spellbooks:ice_block.MaxLevel was corrected from null to its default, 6. 
[03Jun2025 00:32:07.425] [Server thread/WARN] [net.minecraftforge.common.ForgeConfigSpec/CORE]: Incorrect key Spells.irons_spellbooks:ice_block.MinRarity was corrected from null to its default, RARE. 
[03Jun2025 00:32:07.426] [Server thread/WARN] [net.minecraftforge.common.ForgeConfigSpec/CORE]: Incorrect key Spells.irons_spellbooks:ice_block.ManaCostMultiplier was corrected from null to its default, 1.0. 
[03Jun2025 00:32:07.426] [Server thread/WARN] [net.minecraftforge.common.ForgeConfigSpec/CORE]: Incorrect key Spells.irons_spellbooks:ice_block.SpellPowerMultiplier was corrected from null to its default, 1.0. 
[03Jun2025 00:32:07.426] [Server thread/WARN] [net.minecraftforge.common.ForgeConfigSpec/CORE]: Incorrect key Spells.irons_spellbooks:ice_block.CooldownInSeconds was corrected from null to its default, 15.0. 
[03Jun2025 00:32:07.426] [Server thread/WARN] [net.minecraftforge.common.ForgeConfigSpec/CORE]: Incorrect key Spells.irons_spellbooks:ice_block.AllowCrafting was corrected from null to its default, true. 
[03Jun2025 00:32:07.426] [Server thread/WARN] [net.minecraftforge.common.ForgeConfigSpec/CORE]: Incorrect key Spells.irons_spellbooks:ray_of_frost was corrected from null to its default, SimpleCommentedConfig:{}. 
[03Jun2025 00:32:07.426] [Server thread/WARN] [net.minecraftforge.common.ForgeConfigSpec/CORE]: Incorrect key Spells.irons_spellbooks:ray_of_frost.Enabled was corrected from null to its default, true. 
[03Jun2025 00:32:07.427] [Server thread/WARN] [net.minecraftforge.common.ForgeConfigSpec/CORE]: Incorrect key Spells.irons_spellbooks:ray_of_frost.School was corrected from null to its default, irons_spellbooks:ice. 
[03Jun2025 00:32:07.427] [Server thread/WARN] [net.minecraftforge.common.ForgeConfigSpec/CORE]: Incorrect key Spells.irons_spellbooks:ray_of_frost.MaxLevel was corrected from null to its default, 5. 
[03Jun2025 00:32:07.427] [Server thread/WARN] [net.minecraftforge.common.ForgeConfigSpec/CORE]: Incorrect key Spells.irons_spellbooks:ray_of_frost.MinRarity was corrected from null to its default, COMMON. 
[03Jun2025 00:32:07.428] [Server thread/WARN] [net.minecraftforge.common.ForgeConfigSpec/CORE]: Incorrect key Spells.irons_spellbooks:ray_of_frost.ManaCostMultiplier was corrected from null to its default, 1.0. 
[03Jun2025 00:32:07.428] [Server thread/WARN] [net.minecraftforge.common.ForgeConfigSpec/CORE]: Incorrect key Spells.irons_spellbooks:ray_of_frost.SpellPowerMultiplier was corrected from null to its default, 1.0. 
[03Jun2025 00:32:07.429] [Server thread/WARN] [net.minecraftforge.common.ForgeConfigSpec/CORE]: Incorrect key Spells.irons_spellbooks:ray_of_frost.CooldownInSeconds was corrected from null to its default, 15.0. 
[03Jun2025 00:32:07.429] [Server thread/WARN] [net.minecraftforge.common.ForgeConfigSpec/CORE]: Incorrect key Spells.irons_spellbooks:ray_of_frost.AllowCrafting was corrected from null to its default, true. 
[03Jun2025 00:32:07.429] [Server thread/WARN] [net.minecraftforge.common.ForgeConfigSpec/CORE]: Incorrect key Spells.irons_spellbooks:cone_of_cold was corrected from null to its default, SimpleCommentedConfig:{}. 
[03Jun2025 00:32:07.429] [Server thread/WARN] [net.minecraftforge.common.ForgeConfigSpec/CORE]: Incorrect key Spells.irons_spellbooks:cone_of_cold.Enabled was corrected from null to its default, true. 
[03Jun2025 00:32:07.429] [Server thread/WARN] [net.minecraftforge.common.ForgeConfigSpec/CORE]: Incorrect key Spells.irons_spellbooks:cone_of_cold.School was corrected from null to its default, irons_spellbooks:ice. 
[03Jun2025 00:32:07.432] [Server thread/WARN] [net.minecraftforge.common.ForgeConfigSpec/CORE]: Incorrect key Spells.irons_spellbooks:cone_of_cold.MaxLevel was corrected from null to its default, 10. 
[03Jun2025 00:32:07.432] [Server thread/WARN] [net.minecraftforge.common.ForgeConfigSpec/CORE]: Incorrect key Spells.irons_spellbooks:cone_of_cold.MinRarity was corrected from null to its default, COMMON. 
[03Jun2025 00:32:07.432] [Server thread/WARN] [net.minecraftforge.common.ForgeConfigSpec/CORE]: Incorrect key Spells.irons_spellbooks:cone_of_cold.ManaCostMultiplier was corrected from null to its default, 1.0. 
[03Jun2025 00:32:07.432] [Server thread/WARN] [net.minecraftforge.common.ForgeConfigSpec/CORE]: Incorrect key Spells.irons_spellbooks:cone_of_cold.SpellPowerMultiplier was corrected from null to its default, 1.0. 
[03Jun2025 00:32:07.433] [Server thread/WARN] [net.minecraftforge.common.ForgeConfigSpec/CORE]: Incorrect key Spells.irons_spellbooks:cone_of_cold.CooldownInSeconds was corrected from null to its default, 12.0. 
[03Jun2025 00:32:07.433] [Server thread/WARN] [net.minecraftforge.common.ForgeConfigSpec/CORE]: Incorrect key Spells.irons_spellbooks:cone_of_cold.AllowCrafting was corrected from null to its default, true. 
[03Jun2025 00:32:07.433] [Server thread/WARN] [net.minecraftforge.common.ForgeConfigSpec/CORE]: Incorrect key Spells.irons_spellbooks:frost_step was corrected from null to its default, SimpleCommentedConfig:{}. 
[03Jun2025 00:32:07.433] [Server thread/WARN] [net.minecraftforge.common.ForgeConfigSpec/CORE]: Incorrect key Spells.irons_spellbooks:frost_step.Enabled was corrected from null to its default, true. 
[03Jun2025 00:32:07.433] [Server thread/WARN] [net.minecraftforge.common.ForgeConfigSpec/CORE]: Incorrect key Spells.irons_spellbooks:frost_step.School was corrected from null to its default, irons_spellbooks:ice. 
[03Jun2025 00:32:07.433] [Server thread/WARN] [net.minecraftforge.common.ForgeConfigSpec/CORE]: Incorrect key Spells.irons_spellbooks:frost_step.MaxLevel was corrected from null to its default, 8. 
[03Jun2025 00:32:07.433] [Server thread/WARN] [net.minecraftforge.common.ForgeConfigSpec/CORE]: Incorrect key Spells.irons_spellbooks:frost_step.MinRarity was corrected from null to its default, RARE. 
[03Jun2025 00:32:07.433] [Server thread/WARN] [net.minecraftforge.common.ForgeConfigSpec/CORE]: Incorrect key Spells.irons_spellbooks:frost_step.ManaCostMultiplier was corrected from null to its default, 1.0. 
[03Jun2025 00:32:07.433] [Server thread/WARN] [net.minecraftforge.common.ForgeConfigSpec/CORE]: Incorrect key Spells.irons_spellbooks:frost_step.SpellPowerMultiplier was corrected from null to its default, 1.0. 
[03Jun2025 00:32:07.434] [Server thread/WARN] [net.minecraftforge.common.ForgeConfigSpec/CORE]: Incorrect key Spells.irons_spellbooks:frost_step.CooldownInSeconds was corrected from null to its default, 10.0. 
[03Jun2025 00:32:07.434] [Server thread/WARN] [net.minecraftforge.common.ForgeConfigSpec/CORE]: Incorrect key Spells.irons_spellbooks:frost_step.AllowCrafting was corrected from null to its default, true. 
[03Jun2025 00:32:07.434] [Server thread/WARN] [net.minecraftforge.common.ForgeConfigSpec/CORE]: Incorrect key Spells.irons_spellbooks:frostwave was corrected from null to its default, SimpleCommentedConfig:{}. 
[03Jun2025 00:32:07.434] [Server thread/WARN] [net.minecraftforge.common.ForgeConfigSpec/CORE]: Incorrect key Spells.irons_spellbooks:frostwave.Enabled was corrected from null to its default, true. 
[03Jun2025 00:32:07.434] [Server thread/WARN] [net.minecraftforge.common.ForgeConfigSpec/CORE]: Incorrect key Spells.irons_spellbooks:frostwave.School was corrected from null to its default, irons_spellbooks:ice. 
[03Jun2025 00:32:07.434] [Server thread/WARN] [net.minecraftforge.common.ForgeConfigSpec/CORE]: Incorrect key Spells.irons_spellbooks:frostwave.MaxLevel was corrected from null to its default, 8. 
[03Jun2025 00:32:07.434] [Server thread/WARN] [net.minecraftforge.common.ForgeConfigSpec/CORE]: Incorrect key Spells.irons_spellbooks:frostwave.MinRarity was corrected from null to its default, COMMON. 
[03Jun2025 00:32:07.434] [Server thread/WARN] [net.minecraftforge.common.ForgeConfigSpec/CORE]: Incorrect key Spells.irons_spellbooks:frostwave.ManaCostMultiplier was corrected from null to its default, 1.0. 
[03Jun2025 00:32:07.435] [Server thread/WARN] [net.minecraftforge.common.ForgeConfigSpec/CORE]: Incorrect key Spells.irons_spellbooks:frostwave.SpellPowerMultiplier was corrected from null to its default, 1.0. 
[03Jun2025 00:32:07.435] [Server thread/WARN] [net.minecraftforge.common.ForgeConfigSpec/CORE]: Incorrect key Spells.irons_spellbooks:frostwave.CooldownInSeconds was corrected from null to its default, 45.0. 
[03Jun2025 00:32:07.435] [Server thread/WARN] [net.minecraftforge.common.ForgeConfigSpec/CORE]: Incorrect key Spells.irons_spellbooks:frostwave.AllowCrafting was corrected from null to its default, true. 
[03Jun2025 00:32:07.435] [Server thread/WARN] [net.minecraftforge.common.ForgeConfigSpec/CORE]: Incorrect key Spells.irons_spellbooks:summon_polar_bear was corrected from null to its default, SimpleCommentedConfig:{}. 
[03Jun2025 00:32:07.435] [Server thread/WARN] [net.minecraftforge.common.ForgeConfigSpec/CORE]: Incorrect key Spells.irons_spellbooks:summon_polar_bear.Enabled was corrected from null to its default, true. 
[03Jun2025 00:32:07.435] [Server thread/WARN] [net.minecraftforge.common.ForgeConfigSpec/CORE]: Incorrect key Spells.irons_spellbooks:summon_polar_bear.School was corrected from null to its default, irons_spellbooks:ice. 
[03Jun2025 00:32:07.435] [Server thread/WARN] [net.minecraftforge.common.ForgeConfigSpec/CORE]: Incorrect key Spells.irons_spellbooks:summon_polar_bear.MaxLevel was corrected from null to its default, 10. 
[03Jun2025 00:32:07.436] [Server thread/WARN] [net.minecraftforge.common.ForgeConfigSpec/CORE]: Incorrect key Spells.irons_spellbooks:summon_polar_bear.MinRarity was corrected from null to its default, RARE. 
[03Jun2025 00:32:07.436] [Server thread/WARN] [net.minecraftforge.common.ForgeConfigSpec/CORE]: Incorrect key Spells.irons_spellbooks:summon_polar_bear.ManaCostMultiplier was corrected from null to its default, 1.0. 
[03Jun2025 00:32:07.436] [Server thread/WARN] [net.minecraftforge.common.ForgeConfigSpec/CORE]: Incorrect key Spells.irons_spellbooks:summon_polar_bear.SpellPowerMultiplier was corrected from null to its default, 1.0. 
[03Jun2025 00:32:07.436] [Server thread/WARN] [net.minecraftforge.common.ForgeConfigSpec/CORE]: Incorrect key Spells.irons_spellbooks:summon_polar_bear.CooldownInSeconds was corrected from null to its default, 180.0. 
[03Jun2025 00:32:07.437] [Server thread/WARN] [net.minecraftforge.common.ForgeConfigSpec/CORE]: Incorrect key Spells.irons_spellbooks:summon_polar_bear.AllowCrafting was corrected from null to its default, true. 
[03Jun2025 00:32:07.437] [Server thread/WARN] [net.minecraftforge.common.ForgeConfigSpec/CORE]: Incorrect key Spells.irons_spellbooks:icicle was corrected from null to its default, SimpleCommentedConfig:{}. 
[03Jun2025 00:32:07.437] [Server thread/WARN] [net.minecraftforge.common.ForgeConfigSpec/CORE]: Incorrect key Spells.irons_spellbooks:icicle.Enabled was corrected from null to its default, true. 
[03Jun2025 00:32:07.437] [Server thread/WARN] [net.minecraftforge.common.ForgeConfigSpec/CORE]: Incorrect key Spells.irons_spellbooks:icicle.School was corrected from null to its default, irons_spellbooks:ice. 
[03Jun2025 00:32:07.439] [Server thread/WARN] [net.minecraftforge.common.ForgeConfigSpec/CORE]: Incorrect key Spells.irons_spellbooks:icicle.MaxLevel was corrected from null to its default, 10. 
[03Jun2025 00:32:07.440] [Server thread/WARN] [net.minecraftforge.common.ForgeConfigSpec/CORE]: Incorrect key Spells.irons_spellbooks:icicle.MinRarity was corrected from null to its default, COMMON. 
[03Jun2025 00:32:07.440] [Server thread/WARN] [net.minecraftforge.common.ForgeConfigSpec/CORE]: Incorrect key Spells.irons_spellbooks:icicle.ManaCostMultiplier was corrected from null to its default, 1.0. 
[03Jun2025 00:32:07.440] [Server thread/WARN] [net.minecraftforge.common.ForgeConfigSpec/CORE]: Incorrect key Spells.irons_spellbooks:icicle.SpellPowerMultiplier was corrected from null to its default, 1.0. 
[03Jun2025 00:32:07.441] [Server thread/WARN] [net.minecraftforge.common.ForgeConfigSpec/CORE]: Incorrect key Spells.irons_spellbooks:icicle.CooldownInSeconds was corrected from null to its default, 1.0. 
[03Jun2025 00:32:07.441] [Server thread/WARN] [net.minecraftforge.common.ForgeConfigSpec/CORE]: Incorrect key Spells.irons_spellbooks:icicle.AllowCrafting was corrected from null to its default, true. 
[03Jun2025 00:32:07.441] [Server thread/WARN] [net.minecraftforge.common.ForgeConfigSpec/CORE]: Incorrect key Spells.irons_spellbooks:arrow_volley was corrected from null to its default, SimpleCommentedConfig:{}. 
[03Jun2025 00:32:07.442] [Server thread/WARN] [net.minecraftforge.common.ForgeConfigSpec/CORE]: Incorrect key Spells.irons_spellbooks:arrow_volley.Enabled was corrected from null to its default, true. 
[03Jun2025 00:32:07.442] [Server thread/WARN] [net.minecraftforge.common.ForgeConfigSpec/CORE]: Incorrect key Spells.irons_spellbooks:arrow_volley.School was corrected from null to its default, irons_spellbooks:evocation. 
[03Jun2025 00:32:07.442] [Server thread/WARN] [net.minecraftforge.common.ForgeConfigSpec/CORE]: Incorrect key Spells.irons_spellbooks:arrow_volley.MaxLevel was corrected from null to its default, 6. 
[03Jun2025 00:32:07.443] [Server thread/WARN] [net.minecraftforge.common.ForgeConfigSpec/CORE]: Incorrect key Spells.irons_spellbooks:arrow_volley.MinRarity was corrected from null to its default, UNCOMMON. 
[03Jun2025 00:32:07.443] [Server thread/WARN] [net.minecraftforge.common.ForgeConfigSpec/CORE]: Incorrect key Spells.irons_spellbooks:arrow_volley.ManaCostMultiplier was corrected from null to its default, 1.0. 
[03Jun2025 00:32:07.443] [Server thread/WARN] [net.minecraftforge.common.ForgeConfigSpec/CORE]: Incorrect key Spells.irons_spellbooks:arrow_volley.SpellPowerMultiplier was corrected from null to its default, 1.0. 
[03Jun2025 00:32:07.443] [Server thread/WARN] [net.minecraftforge.common.ForgeConfigSpec/CORE]: Incorrect key Spells.irons_spellbooks:arrow_volley.CooldownInSeconds was corrected from null to its default, 15.0. 
[03Jun2025 00:32:07.443] [Server thread/WARN] [net.minecraftforge.common.ForgeConfigSpec/CORE]: Incorrect key Spells.irons_spellbooks:arrow_volley.AllowCrafting was corrected from null to its default, true. 
[03Jun2025 00:32:07.443] [Server thread/WARN] [net.minecraftforge.common.ForgeConfigSpec/CORE]: Incorrect key Spells.irons_spellbooks:fang_ward was corrected from null to its default, SimpleCommentedConfig:{}. 
[03Jun2025 00:32:07.444] [Server thread/WARN] [net.minecraftforge.common.ForgeConfigSpec/CORE]: Incorrect key Spells.irons_spellbooks:fang_ward.Enabled was corrected from null to its default, true. 
[03Jun2025 00:32:07.444] [Server thread/WARN] [net.minecraftforge.common.ForgeConfigSpec/CORE]: Incorrect key Spells.irons_spellbooks:fang_ward.School was corrected from null to its default, irons_spellbooks:evocation. 
[03Jun2025 00:32:07.444] [Server thread/WARN] [net.minecraftforge.common.ForgeConfigSpec/CORE]: Incorrect key Spells.irons_spellbooks:fang_ward.MaxLevel was corrected from null to its default, 8. 
[03Jun2025 00:32:07.444] [Server thread/WARN] [net.minecraftforge.common.ForgeConfigSpec/CORE]: Incorrect key Spells.irons_spellbooks:fang_ward.MinRarity was corrected from null to its default, COMMON. 
[03Jun2025 00:32:07.445] [Server thread/WARN] [net.minecraftforge.common.ForgeConfigSpec/CORE]: Incorrect key Spells.irons_spellbooks:fang_ward.ManaCostMultiplier was corrected from null to its default, 1.0. 
[03Jun2025 00:32:07.446] [Server thread/WARN] [net.minecraftforge.common.ForgeConfigSpec/CORE]: Incorrect key Spells.irons_spellbooks:fang_ward.SpellPowerMultiplier was corrected from null to its default, 1.0. 
[03Jun2025 00:32:07.446] [Server thread/WARN] [net.minecraftforge.common.ForgeConfigSpec/CORE]: Incorrect key Spells.irons_spellbooks:fang_ward.CooldownInSeconds was corrected from null to its default, 15.0. 
[03Jun2025 00:32:07.447] [Server thread/WARN] [net.minecraftforge.common.ForgeConfigSpec/CORE]: Incorrect key Spells.irons_spellbooks:fang_ward.AllowCrafting was corrected from null to its default, true. 
[03Jun2025 00:32:07.447] [Server thread/WARN] [net.minecraftforge.common.ForgeConfigSpec/CORE]: Incorrect key Spells.irons_spellbooks:fang_strike was corrected from null to its default, SimpleCommentedConfig:{}. 
[03Jun2025 00:32:07.447] [Server thread/WARN] [net.minecraftforge.common.ForgeConfigSpec/CORE]: Incorrect key Spells.irons_spellbooks:fang_strike.Enabled was corrected from null to its default, true. 
[03Jun2025 00:32:07.447] [Server thread/WARN] [net.minecraftforge.common.ForgeConfigSpec/CORE]: Incorrect key Spells.irons_spellbooks:fang_strike.School was corrected from null to its default, irons_spellbooks:evocation. 
[03Jun2025 00:32:07.448] [Server thread/WARN] [net.minecraftforge.common.ForgeConfigSpec/CORE]: Incorrect key Spells.irons_spellbooks:fang_strike.MaxLevel was corrected from null to its default, 10. 
[03Jun2025 00:32:07.448] [Server thread/WARN] [net.minecraftforge.common.ForgeConfigSpec/CORE]: Incorrect key Spells.irons_spellbooks:fang_strike.MinRarity was corrected from null to its default, COMMON. 
[03Jun2025 00:32:07.449] [Server thread/WARN] [net.minecraftforge.common.ForgeConfigSpec/CORE]: Incorrect key Spells.irons_spellbooks:fang_strike.ManaCostMultiplier was corrected from null to its default, 1.0. 
[03Jun2025 00:32:07.449] [Server thread/WARN] [net.minecraftforge.common.ForgeConfigSpec/CORE]: Incorrect key Spells.irons_spellbooks:fang_strike.SpellPowerMultiplier was corrected from null to its default, 1.0. 
[03Jun2025 00:32:07.449] [Server thread/WARN] [net.minecraftforge.common.ForgeConfigSpec/CORE]: Incorrect key Spells.irons_spellbooks:fang_strike.CooldownInSeconds was corrected from null to its default, 5.0. 
[03Jun2025 00:32:07.449] [Server thread/WARN] [net.minecraftforge.common.ForgeConfigSpec/CORE]: Incorrect key Spells.irons_spellbooks:fang_strike.AllowCrafting was corrected from null to its default, true. 
[03Jun2025 00:32:07.450] [Server thread/WARN] [net.minecraftforge.common.ForgeConfigSpec/CORE]: Incorrect key Spells.irons_spellbooks:chain_creeper was corrected from null to its default, SimpleCommentedConfig:{}. 
[03Jun2025 00:32:07.450] [Server thread/WARN] [net.minecraftforge.common.ForgeConfigSpec/CORE]: Incorrect key Spells.irons_spellbooks:chain_creeper.Enabled was corrected from null to its default, true. 
[03Jun2025 00:32:07.450] [Server thread/WARN] [net.minecraftforge.common.ForgeConfigSpec/CORE]: Incorrect key Spells.irons_spellbooks:chain_creeper.School was corrected from null to its default, irons_spellbooks:evocation. 
[03Jun2025 00:32:07.450] [Server thread/WARN] [net.minecraftforge.common.ForgeConfigSpec/CORE]: Incorrect key Spells.irons_spellbooks:chain_creeper.MaxLevel was corrected from null to its default, 6. 
[03Jun2025 00:32:07.451] [Server thread/WARN] [net.minecraftforge.common.ForgeConfigSpec/CORE]: Incorrect key Spells.irons_spellbooks:chain_creeper.MinRarity was corrected from null to its default, UNCOMMON. 
[03Jun2025 00:32:07.451] [Server thread/WARN] [net.minecraftforge.common.ForgeConfigSpec/CORE]: Incorrect key Spells.irons_spellbooks:chain_creeper.ManaCostMultiplier was corrected from null to its default, 1.0. 
[03Jun2025 00:32:07.451] [Server thread/WARN] [net.minecraftforge.common.ForgeConfigSpec/CORE]: Incorrect key Spells.irons_spellbooks:chain_creeper.SpellPowerMultiplier was corrected from null to its default, 1.0. 
[03Jun2025 00:32:07.452] [Server thread/WARN] [net.minecraftforge.common.ForgeConfigSpec/CORE]: Incorrect key Spells.irons_spellbooks:chain_creeper.CooldownInSeconds was corrected from null to its default, 15.0. 
[03Jun2025 00:32:07.452] [Server thread/WARN] [net.minecraftforge.common.ForgeConfigSpec/CORE]: Incorrect key Spells.irons_spellbooks:chain_creeper.AllowCrafting was corrected from null to its default, true. 
[03Jun2025 00:32:07.668] [Server thread/WARN] [net.minecraftforge.common.ForgeConfigSpec/CORE]: Incorrect key Spells.irons_spellbooks:gust was corrected from null to its default, SimpleCommentedConfig:{}. 
[03Jun2025 00:32:07.668] [Server thread/WARN] [net.minecraftforge.common.ForgeConfigSpec/CORE]: Incorrect key Spells.irons_spellbooks:gust.Enabled was corrected from null to its default, true. 
[03Jun2025 00:32:07.668] [Server thread/WARN] [net.minecraftforge.common.ForgeConfigSpec/CORE]: Incorrect key Spells.irons_spellbooks:gust.School was corrected from null to its default, irons_spellbooks:evocation. 
[03Jun2025 00:32:07.668] [Server thread/WARN] [net.minecraftforge.common.ForgeConfigSpec/CORE]: Incorrect key Spells.irons_spellbooks:gust.MaxLevel was corrected from null to its default, 10. 
[03Jun2025 00:32:07.668] [Server thread/WARN] [net.minecraftforge.common.ForgeConfigSpec/CORE]: Incorrect key Spells.irons_spellbooks:gust.MinRarity was corrected from null to its default, UNCOMMON. 
[03Jun2025 00:32:07.668] [Server thread/WARN] [net.minecraftforge.common.ForgeConfigSpec/CORE]: Incorrect key Spells.irons_spellbooks:gust.ManaCostMultiplier was corrected from null to its default, 1.0. 
[03Jun2025 00:32:07.668] [Server thread/WARN] [net.minecraftforge.common.ForgeConfigSpec/CORE]: Incorrect key Spells.irons_spellbooks:gust.SpellPowerMultiplier was corrected from null to its default, 1.0. 
[03Jun2025 00:32:07.668] [Server thread/WARN] [net.minecraftforge.common.ForgeConfigSpec/CORE]: Incorrect key Spells.irons_spellbooks:gust.CooldownInSeconds was corrected from null to its default, 12.0. 
[03Jun2025 00:32:07.669] [Server thread/WARN] [net.minecraftforge.common.ForgeConfigSpec/CORE]: Incorrect key Spells.irons_spellbooks:gust.AllowCrafting was corrected from null to its default, true. 
[03Jun2025 00:32:07.669] [Server thread/WARN] [net.minecraftforge.common.ForgeConfigSpec/CORE]: Incorrect key Spells.irons_spellbooks:invisibility was corrected from null to its default, SimpleCommentedConfig:{}. 
[03Jun2025 00:32:07.669] [Server thread/WARN] [net.minecraftforge.common.ForgeConfigSpec/CORE]: Incorrect key Spells.irons_spellbooks:invisibility.Enabled was corrected from null to its default, true. 
[03Jun2025 00:32:07.669] [Server thread/WARN] [net.minecraftforge.common.ForgeConfigSpec/CORE]: Incorrect key Spells.irons_spellbooks:invisibility.School was corrected from null to its default, irons_spellbooks:evocation. 
[03Jun2025 00:32:07.669] [Server thread/WARN] [net.minecraftforge.common.ForgeConfigSpec/CORE]: Incorrect key Spells.irons_spellbooks:invisibility.MaxLevel was corrected from null to its default, 6. 
[03Jun2025 00:32:07.669] [Server thread/WARN] [net.minecraftforge.common.ForgeConfigSpec/CORE]: Incorrect key Spells.irons_spellbooks:invisibility.MinRarity was corrected from null to its default, RARE. 
[03Jun2025 00:32:07.669] [Server thread/WARN] [net.minecraftforge.common.ForgeConfigSpec/CORE]: Incorrect key Spells.irons_spellbooks:invisibility.ManaCostMultiplier was corrected from null to its default, 1.0. 
[03Jun2025 00:32:07.669] [Server thread/WARN] [net.minecraftforge.common.ForgeConfigSpec/CORE]: Incorrect key Spells.irons_spellbooks:invisibility.SpellPowerMultiplier was corrected from null to its default, 1.0. 
[03Jun2025 00:32:07.669] [Server thread/WARN] [net.minecraftforge.common.ForgeConfigSpec/CORE]: Incorrect key Spells.irons_spellbooks:invisibility.CooldownInSeconds was corrected from null to its default, 45.0. 
[03Jun2025 00:32:07.669] [Server thread/WARN] [net.minecraftforge.common.ForgeConfigSpec/CORE]: Incorrect key Spells.irons_spellbooks:invisibility.AllowCrafting was corrected from null to its default, true. 
[03Jun2025 00:32:07.669] [Server thread/WARN] [net.minecraftforge.common.ForgeConfigSpec/CORE]: Incorrect key Spells.irons_spellbooks:summon_vex was corrected from null to its default, SimpleCommentedConfig:{}. 
[03Jun2025 00:32:07.670] [Server thread/WARN] [net.minecraftforge.common.ForgeConfigSpec/CORE]: Incorrect key Spells.irons_spellbooks:summon_vex.Enabled was corrected from null to its default, true. 
[03Jun2025 00:32:07.670] [Server thread/WARN] [net.minecraftforge.common.ForgeConfigSpec/CORE]: Incorrect key Spells.irons_spellbooks:summon_vex.School was corrected from null to its default, irons_spellbooks:evocation. 
[03Jun2025 00:32:07.670] [Server thread/WARN] [net.minecraftforge.common.ForgeConfigSpec/CORE]: Incorrect key Spells.irons_spellbooks:summon_vex.MaxLevel was corrected from null to its default, 5. 
[03Jun2025 00:32:07.670] [Server thread/WARN] [net.minecraftforge.common.ForgeConfigSpec/CORE]: Incorrect key Spells.irons_spellbooks:summon_vex.MinRarity was corrected from null to its default, RARE. 
[03Jun2025 00:32:07.670] [Server thread/WARN] [net.minecraftforge.common.ForgeConfigSpec/CORE]: Incorrect key Spells.irons_spellbooks:summon_vex.ManaCostMultiplier was corrected from null to its default, 1.0. 
[03Jun2025 00:32:07.670] [Server thread/WARN] [net.minecraftforge.common.ForgeConfigSpec/CORE]: Incorrect key Spells.irons_spellbooks:summon_vex.SpellPowerMultiplier was corrected from null to its default, 1.0. 
[03Jun2025 00:32:07.670] [Server thread/WARN] [net.minecraftforge.common.ForgeConfigSpec/CORE]: Incorrect key Spells.irons_spellbooks:summon_vex.CooldownInSeconds was corrected from null to its default, 150.0. 
[03Jun2025 00:32:07.670] [Server thread/WARN] [net.minecraftforge.common.ForgeConfigSpec/CORE]: Incorrect key Spells.irons_spellbooks:summon_vex.AllowCrafting was corrected from null to its default, true. 
[03Jun2025 00:32:07.670] [Server thread/WARN] [net.minecraftforge.common.ForgeConfigSpec/CORE]: Incorrect key Spells.irons_spellbooks:lob_creeper was corrected from null to its default, SimpleCommentedConfig:{}. 
[03Jun2025 00:32:07.670] [Server thread/WARN] [net.minecraftforge.common.ForgeConfigSpec/CORE]: Incorrect key Spells.irons_spellbooks:lob_creeper.Enabled was corrected from null to its default, true. 
[03Jun2025 00:32:07.670] [Server thread/WARN] [net.minecraftforge.common.ForgeConfigSpec/CORE]: Incorrect key Spells.irons_spellbooks:lob_creeper.School was corrected from null to its default, irons_spellbooks:evocation. 
[03Jun2025 00:32:07.671] [Server thread/WARN] [net.minecraftforge.common.ForgeConfigSpec/CORE]: Incorrect key Spells.irons_spellbooks:lob_creeper.MaxLevel was corrected from null to its default, 10. 
[03Jun2025 00:32:07.671] [Server thread/WARN] [net.minecraftforge.common.ForgeConfigSpec/CORE]: Incorrect key Spells.irons_spellbooks:lob_creeper.MinRarity was corrected from null to its default, UNCOMMON. 
[03Jun2025 00:32:07.671] [Server thread/WARN] [net.minecraftforge.common.ForgeConfigSpec/CORE]: Incorrect key Spells.irons_spellbooks:lob_creeper.ManaCostMultiplier was corrected from null to its default, 1.0. 
[03Jun2025 00:32:07.671] [Server thread/WARN] [net.minecraftforge.common.ForgeConfigSpec/CORE]: Incorrect key Spells.irons_spellbooks:lob_creeper.SpellPowerMultiplier was corrected from null to its default, 1.0. 
[03Jun2025 00:32:07.671] [Server thread/WARN] [net.minecraftforge.common.ForgeConfigSpec/CORE]: Incorrect key Spells.irons_spellbooks:lob_creeper.CooldownInSeconds was corrected from null to its default, 2.0. 
[03Jun2025 00:32:07.671] [Server thread/WARN] [net.minecraftforge.common.ForgeConfigSpec/CORE]: Incorrect key Spells.irons_spellbooks:lob_creeper.AllowCrafting was corrected from null to its default, true. 
[03Jun2025 00:32:07.671] [Server thread/WARN] [net.minecraftforge.common.ForgeConfigSpec/CORE]: Incorrect key Spells.irons_spellbooks:wololo was corrected from null to its default, SimpleCommentedConfig:{}. 
[03Jun2025 00:32:07.671] [Server thread/WARN] [net.minecraftforge.common.ForgeConfigSpec/CORE]: Incorrect key Spells.irons_spellbooks:wololo.Enabled was corrected from null to its default, true. 
[03Jun2025 00:32:07.671] [Server thread/WARN] [net.minecraftforge.common.ForgeConfigSpec/CORE]: Incorrect key Spells.irons_spellbooks:wololo.School was corrected from null to its default, irons_spellbooks:evocation. 
[03Jun2025 00:32:07.671] [Server thread/WARN] [net.minecraftforge.common.ForgeConfigSpec/CORE]: Incorrect key Spells.irons_spellbooks:wololo.MaxLevel was corrected from null to its default, 1. 
[03Jun2025 00:32:07.671] [Server thread/WARN] [net.minecraftforge.common.ForgeConfigSpec/CORE]: Incorrect key Spells.irons_spellbooks:wololo.MinRarity was corrected from null to its default, LEGENDARY. 
[03Jun2025 00:32:07.671] [Server thread/WARN] [net.minecraftforge.common.ForgeConfigSpec/CORE]: Incorrect key Spells.irons_spellbooks:wololo.ManaCostMultiplier was corrected from null to its default, 1.0. 
[03Jun2025 00:32:07.671] [Server thread/WARN] [net.minecraftforge.common.ForgeConfigSpec/CORE]: Incorrect key Spells.irons_spellbooks:wololo.SpellPowerMultiplier was corrected from null to its default, 1.0. 
[03Jun2025 00:32:07.671] [Server thread/WARN] [net.minecraftforge.common.ForgeConfigSpec/CORE]: Incorrect key Spells.irons_spellbooks:wololo.CooldownInSeconds was corrected from null to its default, 10.0. 
[03Jun2025 00:32:07.671] [Server thread/WARN] [net.minecraftforge.common.ForgeConfigSpec/CORE]: Incorrect key Spells.irons_spellbooks:wololo.AllowCrafting was corrected from null to its default, true. 
[03Jun2025 00:32:07.671] [Server thread/WARN] [net.minecraftforge.common.ForgeConfigSpec/CORE]: Incorrect key Spells.irons_spellbooks:shield was corrected from null to its default, SimpleCommentedConfig:{}. 
[03Jun2025 00:32:07.672] [Server thread/WARN] [net.minecraftforge.common.ForgeConfigSpec/CORE]: Incorrect key Spells.irons_spellbooks:shield.Enabled was corrected from null to its default, true. 
[03Jun2025 00:32:07.672] [Server thread/WARN] [net.minecraftforge.common.ForgeConfigSpec/CORE]: Incorrect key Spells.irons_spellbooks:shield.School was corrected from null to its default, irons_spellbooks:evocation. 
[03Jun2025 00:32:07.672] [Server thread/WARN] [net.minecraftforge.common.ForgeConfigSpec/CORE]: Incorrect key Spells.irons_spellbooks:shield.MaxLevel was corrected from null to its default, 10. 
[03Jun2025 00:32:07.672] [Server thread/WARN] [net.minecraftforge.common.ForgeConfigSpec/CORE]: Incorrect key Spells.irons_spellbooks:shield.MinRarity was corrected from null to its default, COMMON. 
[03Jun2025 00:32:07.672] [Server thread/WARN] [net.minecraftforge.common.ForgeConfigSpec/CORE]: Incorrect key Spells.irons_spellbooks:shield.ManaCostMultiplier was corrected from null to its default, 1.0. 
[03Jun2025 00:32:07.672] [Server thread/WARN] [net.minecraftforge.common.ForgeConfigSpec/CORE]: Incorrect key Spells.irons_spellbooks:shield.SpellPowerMultiplier was corrected from null to its default, 1.0. 
[03Jun2025 00:32:07.672] [Server thread/WARN] [net.minecraftforge.common.ForgeConfigSpec/CORE]: Incorrect key Spells.irons_spellbooks:shield.CooldownInSeconds was corrected from null to its default, 8.0. 
[03Jun2025 00:32:07.672] [Server thread/WARN] [net.minecraftforge.common.ForgeConfigSpec/CORE]: Incorrect key Spells.irons_spellbooks:shield.AllowCrafting was corrected from null to its default, true. 
[03Jun2025 00:32:07.672] [Server thread/WARN] [net.minecraftforge.common.ForgeConfigSpec/CORE]: Incorrect key Spells.irons_spellbooks:summon_horse was corrected from null to its default, SimpleCommentedConfig:{}. 
[03Jun2025 00:32:07.672] [Server thread/WARN] [net.minecraftforge.common.ForgeConfigSpec/CORE]: Incorrect key Spells.irons_spellbooks:summon_horse.Enabled was corrected from null to its default, true. 
[03Jun2025 00:32:07.672] [Server thread/WARN] [net.minecraftforge.common.ForgeConfigSpec/CORE]: Incorrect key Spells.irons_spellbooks:summon_horse.School was corrected from null to its default, irons_spellbooks:evocation. 
[03Jun2025 00:32:07.672] [Server thread/WARN] [net.minecraftforge.common.ForgeConfigSpec/CORE]: Incorrect key Spells.irons_spellbooks:summon_horse.MaxLevel was corrected from null to its default, 5. 
[03Jun2025 00:32:07.672] [Server thread/WARN] [net.minecraftforge.common.ForgeConfigSpec/CORE]: Incorrect key Spells.irons_spellbooks:summon_horse.MinRarity was corrected from null to its default, COMMON. 
[03Jun2025 00:32:07.673] [Server thread/WARN] [net.minecraftforge.common.ForgeConfigSpec/CORE]: Incorrect key Spells.irons_spellbooks:summon_horse.ManaCostMultiplier was corrected from null to its default, 1.0. 
[03Jun2025 00:32:07.673] [Server thread/WARN] [net.minecraftforge.common.ForgeConfigSpec/CORE]: Incorrect key Spells.irons_spellbooks:summon_horse.SpellPowerMultiplier was corrected from null to its default, 1.0. 
[03Jun2025 00:32:07.673] [Server thread/WARN] [net.minecraftforge.common.ForgeConfigSpec/CORE]: Incorrect key Spells.irons_spellbooks:summon_horse.CooldownInSeconds was corrected from null to its default, 20.0. 
[03Jun2025 00:32:07.673] [Server thread/WARN] [net.minecraftforge.common.ForgeConfigSpec/CORE]: Incorrect key Spells.irons_spellbooks:summon_horse.AllowCrafting was corrected from null to its default, true. 
[03Jun2025 00:32:07.673] [Server thread/WARN] [net.minecraftforge.common.ForgeConfigSpec/CORE]: Incorrect key Spells.irons_spellbooks:spectral_hammer was corrected from null to its default, SimpleCommentedConfig:{}. 
[03Jun2025 00:32:07.673] [Server thread/WARN] [net.minecraftforge.common.ForgeConfigSpec/CORE]: Incorrect key Spells.irons_spellbooks:spectral_hammer.Enabled was corrected from null to its default, true. 
[03Jun2025 00:32:07.673] [Server thread/WARN] [net.minecraftforge.common.ForgeConfigSpec/CORE]: Incorrect key Spells.irons_spellbooks:spectral_hammer.School was corrected from null to its default, irons_spellbooks:evocation. 
[03Jun2025 00:32:07.673] [Server thread/WARN] [net.minecraftforge.common.ForgeConfigSpec/CORE]: Incorrect key Spells.irons_spellbooks:spectral_hammer.MaxLevel was corrected from null to its default, 5. 
[03Jun2025 00:32:07.673] [Server thread/WARN] [net.minecraftforge.common.ForgeConfigSpec/CORE]: Incorrect key Spells.irons_spellbooks:spectral_hammer.MinRarity was corrected from null to its default, UNCOMMON. 
[03Jun2025 00:32:07.673] [Server thread/WARN] [net.minecraftforge.common.ForgeConfigSpec/CORE]: Incorrect key Spells.irons_spellbooks:spectral_hammer.ManaCostMultiplier was corrected from null to its default, 1.0. 
[03Jun2025 00:32:07.673] [Server thread/WARN] [net.minecraftforge.common.ForgeConfigSpec/CORE]: Incorrect key Spells.irons_spellbooks:spectral_hammer.SpellPowerMultiplier was corrected from null to its default, 1.0. 
[03Jun2025 00:32:07.673] [Server thread/WARN] [net.minecraftforge.common.ForgeConfigSpec/CORE]: Incorrect key Spells.irons_spellbooks:spectral_hammer.CooldownInSeconds was corrected from null to its default, 2.0. 
[03Jun2025 00:32:07.674] [Server thread/WARN] [net.minecraftforge.common.ForgeConfigSpec/CORE]: Incorrect key Spells.irons_spellbooks:spectral_hammer.AllowCrafting was corrected from null to its default, true. 
[03Jun2025 00:32:07.674] [Server thread/WARN] [net.minecraftforge.common.ForgeConfigSpec/CORE]: Incorrect key Spells.irons_spellbooks:slow was corrected from null to its default, SimpleCommentedConfig:{}. 
[03Jun2025 00:32:07.674] [Server thread/WARN] [net.minecraftforge.common.ForgeConfigSpec/CORE]: Incorrect key Spells.irons_spellbooks:slow.Enabled was corrected from null to its default, true. 
[03Jun2025 00:32:07.674] [Server thread/WARN] [net.minecraftforge.common.ForgeConfigSpec/CORE]: Incorrect key Spells.irons_spellbooks:slow.School was corrected from null to its default, irons_spellbooks:evocation. 
[03Jun2025 00:32:07.674] [Server thread/WARN] [net.minecraftforge.common.ForgeConfigSpec/CORE]: Incorrect key Spells.irons_spellbooks:slow.MaxLevel was corrected from null to its default, 4. 
[03Jun2025 00:32:07.674] [Server thread/WARN] [net.minecraftforge.common.ForgeConfigSpec/CORE]: Incorrect key Spells.irons_spellbooks:slow.MinRarity was corrected from null to its default, EPIC. 
[03Jun2025 00:32:07.674] [Server thread/WARN] [net.minecraftforge.common.ForgeConfigSpec/CORE]: Incorrect key Spells.irons_spellbooks:slow.ManaCostMultiplier was corrected from null to its default, 1.0. 
[03Jun2025 00:32:07.674] [Server thread/WARN] [net.minecraftforge.common.ForgeConfigSpec/CORE]: Incorrect key Spells.irons_spellbooks:slow.SpellPowerMultiplier was corrected from null to its default, 1.0. 
[03Jun2025 00:32:07.674] [Server thread/WARN] [net.minecraftforge.common.ForgeConfigSpec/CORE]: Incorrect key Spells.irons_spellbooks:slow.CooldownInSeconds was corrected from null to its default, 80.0. 
[03Jun2025 00:32:07.674] [Server thread/WARN] [net.minecraftforge.common.ForgeConfigSpec/CORE]: Incorrect key Spells.irons_spellbooks:slow.AllowCrafting was corrected from null to its default, true. 
[03Jun2025 00:32:07.674] [Server thread/WARN] [net.minecraftforge.common.ForgeConfigSpec/CORE]: Incorrect key Spells.irons_spellbooks:firecracker was corrected from null to its default, SimpleCommentedConfig:{}. 
[03Jun2025 00:32:07.675] [Server thread/WARN] [net.minecraftforge.common.ForgeConfigSpec/CORE]: Incorrect key Spells.irons_spellbooks:firecracker.Enabled was corrected from null to its default, true. 
[03Jun2025 00:32:07.675] [Server thread/WARN] [net.minecraftforge.common.ForgeConfigSpec/CORE]: Incorrect key Spells.irons_spellbooks:firecracker.School was corrected from null to its default, irons_spellbooks:evocation. 
[03Jun2025 00:32:07.675] [Server thread/WARN] [net.minecraftforge.common.ForgeConfigSpec/CORE]: Incorrect key Spells.irons_spellbooks:firecracker.MaxLevel was corrected from null to its default, 10. 
[03Jun2025 00:32:07.675] [Server thread/WARN] [net.minecraftforge.common.ForgeConfigSpec/CORE]: Incorrect key Spells.irons_spellbooks:firecracker.MinRarity was corrected from null to its default, COMMON. 
[03Jun2025 00:32:07.675] [Server thread/WARN] [net.minecraftforge.common.ForgeConfigSpec/CORE]: Incorrect key Spells.irons_spellbooks:firecracker.ManaCostMultiplier was corrected from null to its default, 1.0. 
[03Jun2025 00:32:07.675] [Server thread/WARN] [net.minecraftforge.common.ForgeConfigSpec/CORE]: Incorrect key Spells.irons_spellbooks:firecracker.SpellPowerMultiplier was corrected from null to its default, 1.0. 
[03Jun2025 00:32:07.675] [Server thread/WARN] [net.minecraftforge.common.ForgeConfigSpec/CORE]: Incorrect key Spells.irons_spellbooks:firecracker.CooldownInSeconds was corrected from null to its default, 1.5. 
[03Jun2025 00:32:07.675] [Server thread/WARN] [net.minecraftforge.common.ForgeConfigSpec/CORE]: Incorrect key Spells.irons_spellbooks:firecracker.AllowCrafting was corrected from null to its default, true. 
[03Jun2025 00:32:07.675] [Server thread/WARN] [net.minecraftforge.common.ForgeConfigSpec/CORE]: Incorrect key Spells.irons_spellbooks:portal was corrected from null to its default, SimpleCommentedConfig:{}. 
[03Jun2025 00:32:07.675] [Server thread/WARN] [net.minecraftforge.common.ForgeConfigSpec/CORE]: Incorrect key Spells.irons_spellbooks:portal.Enabled was corrected from null to its default, true. 
[03Jun2025 00:32:07.675] [Server thread/WARN] [net.minecraftforge.common.ForgeConfigSpec/CORE]: Incorrect key Spells.irons_spellbooks:portal.School was corrected from null to its default, irons_spellbooks:ender. 
[03Jun2025 00:32:07.676] [Server thread/WARN] [net.minecraftforge.common.ForgeConfigSpec/CORE]: Incorrect key Spells.irons_spellbooks:portal.MaxLevel was corrected from null to its default, 3. 
[03Jun2025 00:32:07.676] [Server thread/WARN] [net.minecraftforge.common.ForgeConfigSpec/CORE]: Incorrect key Spells.irons_spellbooks:portal.MinRarity was corrected from null to its default, UNCOMMON. 
[03Jun2025 00:32:07.676] [Server thread/WARN] [net.minecraftforge.common.ForgeConfigSpec/CORE]: Incorrect key Spells.irons_spellbooks:portal.ManaCostMultiplier was corrected from null to its default, 1.0. 
[03Jun2025 00:32:07.676] [Server thread/WARN] [net.minecraftforge.common.ForgeConfigSpec/CORE]: Incorrect key Spells.irons_spellbooks:portal.SpellPowerMultiplier was corrected from null to its default, 1.0. 
[03Jun2025 00:32:07.676] [Server thread/WARN] [net.minecraftforge.common.ForgeConfigSpec/CORE]: Incorrect key Spells.irons_spellbooks:portal.CooldownInSeconds was corrected from null to its default, 180.0. 
[03Jun2025 00:32:07.676] [Server thread/WARN] [net.minecraftforge.common.ForgeConfigSpec/CORE]: Incorrect key Spells.irons_spellbooks:portal.AllowCrafting was corrected from null to its default, true. 
[03Jun2025 00:32:07.676] [Server thread/WARN] [net.minecraftforge.common.ForgeConfigSpec/CORE]: Incorrect key Spells.irons_spellbooks:black_hole was corrected from null to its default, SimpleCommentedConfig:{}. 
[03Jun2025 00:32:07.676] [Server thread/WARN] [net.minecraftforge.common.ForgeConfigSpec/CORE]: Incorrect key Spells.irons_spellbooks:black_hole.Enabled was corrected from null to its default, true. 
[03Jun2025 00:32:07.676] [Server thread/WARN] [net.minecraftforge.common.ForgeConfigSpec/CORE]: Incorrect key Spells.irons_spellbooks:black_hole.School was corrected from null to its default, irons_spellbooks:ender. 
[03Jun2025 00:32:07.676] [Server thread/WARN] [net.minecraftforge.common.ForgeConfigSpec/CORE]: Incorrect key Spells.irons_spellbooks:black_hole.MaxLevel was corrected from null to its default, 6. 
[03Jun2025 00:32:07.676] [Server thread/WARN] [net.minecraftforge.common.ForgeConfigSpec/CORE]: Incorrect key Spells.irons_spellbooks:black_hole.MinRarity was corrected from null to its default, LEGENDARY. 
[03Jun2025 00:32:07.677] [Server thread/WARN] [net.minecraftforge.common.ForgeConfigSpec/CORE]: Incorrect key Spells.irons_spellbooks:black_hole.ManaCostMultiplier was corrected from null to its default, 1.0. 
[03Jun2025 00:32:07.677] [Server thread/WARN] [net.minecraftforge.common.ForgeConfigSpec/CORE]: Incorrect key Spells.irons_spellbooks:black_hole.SpellPowerMultiplier was corrected from null to its default, 1.0. 
[03Jun2025 00:32:07.677] [Server thread/WARN] [net.minecraftforge.common.ForgeConfigSpec/CORE]: Incorrect key Spells.irons_spellbooks:black_hole.CooldownInSeconds was corrected from null to its default, 120.0. 
[03Jun2025 00:32:07.677] [Server thread/WARN] [net.minecraftforge.common.ForgeConfigSpec/CORE]: Incorrect key Spells.irons_spellbooks:black_hole.AllowCrafting was corrected from null to its default, true. 
[03Jun2025 00:32:07.677] [Server thread/WARN] [net.minecraftforge.common.ForgeConfigSpec/CORE]: Incorrect key Spells.irons_spellbooks:evasion was corrected from null to its default, SimpleCommentedConfig:{}. 
[03Jun2025 00:32:07.677] [Server thread/WARN] [net.minecraftforge.common.ForgeConfigSpec/CORE]: Incorrect key Spells.irons_spellbooks:evasion.Enabled was corrected from null to its default, true. 
[03Jun2025 00:32:07.677] [Server thread/WARN] [net.minecraftforge.common.ForgeConfigSpec/CORE]: Incorrect key Spells.irons_spellbooks:evasion.School was corrected from null to its default, irons_spellbooks:ender. 
[03Jun2025 00:32:07.677] [Server thread/WARN] [net.minecraftforge.common.ForgeConfigSpec/CORE]: Incorrect key Spells.irons_spellbooks:evasion.MaxLevel was corrected from null to its default, 5. 
[03Jun2025 00:32:07.678] [Server thread/WARN] [net.minecraftforge.common.ForgeConfigSpec/CORE]: Incorrect key Spells.irons_spellbooks:evasion.MinRarity was corrected from null to its default, EPIC. 
[03Jun2025 00:32:07.678] [Server thread/WARN] [net.minecraftforge.common.ForgeConfigSpec/CORE]: Incorrect key Spells.irons_spellbooks:evasion.ManaCostMultiplier was corrected from null to its default, 1.0. 
[03Jun2025 00:32:07.678] [Server thread/WARN] [net.minecraftforge.common.ForgeConfigSpec/CORE]: Incorrect key Spells.irons_spellbooks:evasion.SpellPowerMultiplier was corrected from null to its default, 1.0. 
[03Jun2025 00:32:07.678] [Server thread/WARN] [net.minecraftforge.common.ForgeConfigSpec/CORE]: Incorrect key Spells.irons_spellbooks:evasion.CooldownInSeconds was corrected from null to its default, 180.0. 
[03Jun2025 00:32:07.678] [Server thread/WARN] [net.minecraftforge.common.ForgeConfigSpec/CORE]: Incorrect key Spells.irons_spellbooks:evasion.AllowCrafting was corrected from null to its default, true. 
[03Jun2025 00:32:07.678] [Server thread/WARN] [net.minecraftforge.common.ForgeConfigSpec/CORE]: Incorrect key Spells.irons_spellbooks:recall was corrected from null to its default, SimpleCommentedConfig:{}. 
[03Jun2025 00:32:07.678] [Server thread/WARN] [net.minecraftforge.common.ForgeConfigSpec/CORE]: Incorrect key Spells.irons_spellbooks:recall.Enabled was corrected from null to its default, true. 
[03Jun2025 00:32:07.678] [Server thread/WARN] [net.minecraftforge.common.ForgeConfigSpec/CORE]: Incorrect key Spells.irons_spellbooks:recall.School was corrected from null to its default, irons_spellbooks:ender. 
[03Jun2025 00:32:07.678] [Server thread/WARN] [net.minecraftforge.common.ForgeConfigSpec/CORE]: Incorrect key Spells.irons_spellbooks:recall.MaxLevel was corrected from null to its default, 1. 
[03Jun2025 00:32:07.678] [Server thread/WARN] [net.minecraftforge.common.ForgeConfigSpec/CORE]: Incorrect key Spells.irons_spellbooks:recall.MinRarity was corrected from null to its default, UNCOMMON. 
[03Jun2025 00:32:07.678] [Server thread/WARN] [net.minecraftforge.common.ForgeConfigSpec/CORE]: Incorrect key Spells.irons_spellbooks:recall.ManaCostMultiplier was corrected from null to its default, 1.0. 
[03Jun2025 00:32:07.679] [Server thread/WARN] [net.minecraftforge.common.ForgeConfigSpec/CORE]: Incorrect key Spells.irons_spellbooks:recall.SpellPowerMultiplier was corrected from null to its default, 1.0. 
[03Jun2025 00:32:07.679] [Server thread/WARN] [net.minecraftforge.common.ForgeConfigSpec/CORE]: Incorrect key Spells.irons_spellbooks:recall.CooldownInSeconds was corrected from null to its default, 300.0. 
[03Jun2025 00:32:07.679] [Server thread/WARN] [net.minecraftforge.common.ForgeConfigSpec/CORE]: Incorrect key Spells.irons_spellbooks:recall.AllowCrafting was corrected from null to its default, true. 
[03Jun2025 00:32:07.679] [Server thread/WARN] [net.minecraftforge.common.ForgeConfigSpec/CORE]: Incorrect key Spells.irons_spellbooks:magic_missile was corrected from null to its default, SimpleCommentedConfig:{}. 
[03Jun2025 00:32:07.679] [Server thread/WARN] [net.minecraftforge.common.ForgeConfigSpec/CORE]: Incorrect key Spells.irons_spellbooks:magic_missile.Enabled was corrected from null to its default, true. 
[03Jun2025 00:32:07.679] [Server thread/WARN] [net.minecraftforge.common.ForgeConfigSpec/CORE]: Incorrect key Spells.irons_spellbooks:magic_missile.School was corrected from null to its default, irons_spellbooks:ender. 
[03Jun2025 00:32:07.679] [Server thread/WARN] [net.minecraftforge.common.ForgeConfigSpec/CORE]: Incorrect key Spells.irons_spellbooks:magic_missile.MaxLevel was corrected from null to its default, 10. 
[03Jun2025 00:32:07.679] [Server thread/WARN] [net.minecraftforge.common.ForgeConfigSpec/CORE]: Incorrect key Spells.irons_spellbooks:magic_missile.MinRarity was corrected from null to its default, COMMON. 
[03Jun2025 00:32:07.679] [Server thread/WARN] [net.minecraftforge.common.ForgeConfigSpec/CORE]: Incorrect key Spells.irons_spellbooks:magic_missile.ManaCostMultiplier was corrected from null to its default, 1.0. 
[03Jun2025 00:32:07.679] [Server thread/WARN] [net.minecraftforge.common.ForgeConfigSpec/CORE]: Incorrect key Spells.irons_spellbooks:magic_missile.SpellPowerMultiplier was corrected from null to its default, 1.0. 
[03Jun2025 00:32:07.679] [Server thread/WARN] [net.minecraftforge.common.ForgeConfigSpec/CORE]: Incorrect key Spells.irons_spellbooks:magic_missile.CooldownInSeconds was corrected from null to its default, 1.0. 
[03Jun2025 00:32:07.680] [Server thread/WARN] [net.minecraftforge.common.ForgeConfigSpec/CORE]: Incorrect key Spells.irons_spellbooks:magic_missile.AllowCrafting was corrected from null to its default, true. 
[03Jun2025 00:32:07.680] [Server thread/WARN] [net.minecraftforge.common.ForgeConfigSpec/CORE]: Incorrect key Spells.irons_spellbooks:summon_ender_chest was corrected from null to its default, SimpleCommentedConfig:{}. 
[03Jun2025 00:32:07.680] [Server thread/WARN] [net.minecraftforge.common.ForgeConfigSpec/CORE]: Incorrect key Spells.irons_spellbooks:summon_ender_chest.Enabled was corrected from null to its default, true. 
[03Jun2025 00:32:07.680] [Server thread/WARN] [net.minecraftforge.common.ForgeConfigSpec/CORE]: Incorrect key Spells.irons_spellbooks:summon_ender_chest.School was corrected from null to its default, irons_spellbooks:ender. 
[03Jun2025 00:32:07.680] [Server thread/WARN] [net.minecraftforge.common.ForgeConfigSpec/CORE]: Incorrect key Spells.irons_spellbooks:summon_ender_chest.MaxLevel was corrected from null to its default, 1. 
[03Jun2025 00:32:07.680] [Server thread/WARN] [net.minecraftforge.common.ForgeConfigSpec/CORE]: Incorrect key Spells.irons_spellbooks:summon_ender_chest.MinRarity was corrected from null to its default, RARE. 
[03Jun2025 00:32:07.680] [Server thread/WARN] [net.minecraftforge.common.ForgeConfigSpec/CORE]: Incorrect key Spells.irons_spellbooks:summon_ender_chest.ManaCostMultiplier was corrected from null to its default, 1.0. 
[03Jun2025 00:32:07.680] [Server thread/WARN] [net.minecraftforge.common.ForgeConfigSpec/CORE]: Incorrect key Spells.irons_spellbooks:summon_ender_chest.SpellPowerMultiplier was corrected from null to its default, 1.0. 
[03Jun2025 00:32:07.680] [Server thread/WARN] [net.minecraftforge.common.ForgeConfigSpec/CORE]: Incorrect key Spells.irons_spellbooks:summon_ender_chest.CooldownInSeconds was corrected from null to its default, 5.0. 
[03Jun2025 00:32:07.681] [Server thread/WARN] [net.minecraftforge.common.ForgeConfigSpec/CORE]: Incorrect key Spells.irons_spellbooks:summon_ender_chest.AllowCrafting was corrected from null to its default, true. 
[03Jun2025 00:32:07.681] [Server thread/WARN] [net.minecraftforge.common.ForgeConfigSpec/CORE]: Incorrect key Spells.irons_spellbooks:magic_arrow was corrected from null to its default, SimpleCommentedConfig:{}. 
[03Jun2025 00:32:07.681] [Server thread/WARN] [net.minecraftforge.common.ForgeConfigSpec/CORE]: Incorrect key Spells.irons_spellbooks:magic_arrow.Enabled was corrected from null to its default, true. 
[03Jun2025 00:32:07.681] [Server thread/WARN] [net.minecraftforge.common.ForgeConfigSpec/CORE]: Incorrect key Spells.irons_spellbooks:magic_arrow.School was corrected from null to its default, irons_spellbooks:ender. 
[03Jun2025 00:32:07.681] [Server thread/WARN] [net.minecraftforge.common.ForgeConfigSpec/CORE]: Incorrect key Spells.irons_spellbooks:magic_arrow.MaxLevel was corrected from null to its default, 10. 
[03Jun2025 00:32:07.681] [Server thread/WARN] [net.minecraftforge.common.ForgeConfigSpec/CORE]: Incorrect key Spells.irons_spellbooks:magic_arrow.MinRarity was corrected from null to its default, RARE. 
[03Jun2025 00:32:07.681] [Server thread/WARN] [net.minecraftforge.common.ForgeConfigSpec/CORE]: Incorrect key Spells.irons_spellbooks:magic_arrow.ManaCostMultiplier was corrected from null to its default, 1.0. 
[03Jun2025 00:32:07.681] [Server thread/WARN] [net.minecraftforge.common.ForgeConfigSpec/CORE]: Incorrect key Spells.irons_spellbooks:magic_arrow.SpellPowerMultiplier was corrected from null to its default, 1.0. 
[03Jun2025 00:32:07.681] [Server thread/WARN] [net.minecraftforge.common.ForgeConfigSpec/CORE]: Incorrect key Spells.irons_spellbooks:magic_arrow.CooldownInSeconds was corrected from null to its default, 8.0. 
[03Jun2025 00:32:07.681] [Server thread/WARN] [net.minecraftforge.common.ForgeConfigSpec/CORE]: Incorrect key Spells.irons_spellbooks:magic_arrow.AllowCrafting was corrected from null to its default, true. 
[03Jun2025 00:32:07.682] [Server thread/WARN] [net.minecraftforge.common.ForgeConfigSpec/CORE]: Incorrect key Spells.irons_spellbooks:teleport was corrected from null to its default, SimpleCommentedConfig:{}. 
[03Jun2025 00:32:07.682] [Server thread/WARN] [net.minecraftforge.common.ForgeConfigSpec/CORE]: Incorrect key Spells.irons_spellbooks:teleport.Enabled was corrected from null to its default, true. 
[03Jun2025 00:32:07.682] [Server thread/WARN] [net.minecraftforge.common.ForgeConfigSpec/CORE]: Incorrect key Spells.irons_spellbooks:teleport.School was corrected from null to its default, irons_spellbooks:ender. 
[03Jun2025 00:32:07.682] [Server thread/WARN] [net.minecraftforge.common.ForgeConfigSpec/CORE]: Incorrect key Spells.irons_spellbooks:teleport.MaxLevel was corrected from null to its default, 5. 
[03Jun2025 00:32:07.682] [Server thread/WARN] [net.minecraftforge.common.ForgeConfigSpec/CORE]: Incorrect key Spells.irons_spellbooks:teleport.MinRarity was corrected from null to its default, UNCOMMON. 
[03Jun2025 00:32:07.682] [Server thread/WARN] [net.minecraftforge.common.ForgeConfigSpec/CORE]: Incorrect key Spells.irons_spellbooks:teleport.ManaCostMultiplier was corrected from null to its default, 1.0. 
[03Jun2025 00:32:07.682] [Server thread/WARN] [net.minecraftforge.common.ForgeConfigSpec/CORE]: Incorrect key Spells.irons_spellbooks:teleport.SpellPowerMultiplier was corrected from null to its default, 1.0. 
[03Jun2025 00:32:07.682] [Server thread/WARN] [net.minecraftforge.common.ForgeConfigSpec/CORE]: Incorrect key Spells.irons_spellbooks:teleport.CooldownInSeconds was corrected from null to its default, 3.0. 
[03Jun2025 00:32:07.682] [Server thread/WARN] [net.minecraftforge.common.ForgeConfigSpec/CORE]: Incorrect key Spells.irons_spellbooks:teleport.AllowCrafting was corrected from null to its default, true. 
[03Jun2025 00:32:07.682] [Server thread/WARN] [net.minecraftforge.common.ForgeConfigSpec/CORE]: Incorrect key Spells.irons_spellbooks:dragon_breath was corrected from null to its default, SimpleCommentedConfig:{}. 
[03Jun2025 00:32:07.682] [Server thread/WARN] [net.minecraftforge.common.ForgeConfigSpec/CORE]: Incorrect key Spells.irons_spellbooks:dragon_breath.Enabled was corrected from null to its default, true. 
[03Jun2025 00:32:07.683] [Server thread/WARN] [net.minecraftforge.common.ForgeConfigSpec/CORE]: Incorrect key Spells.irons_spellbooks:dragon_breath.School was corrected from null to its default, irons_spellbooks:ender. 
[03Jun2025 00:32:07.683] [Server thread/WARN] [net.minecraftforge.common.ForgeConfigSpec/CORE]: Incorrect key Spells.irons_spellbooks:dragon_breath.MaxLevel was corrected from null to its default, 10. 
[03Jun2025 00:32:07.683] [Server thread/WARN] [net.minecraftforge.common.ForgeConfigSpec/CORE]: Incorrect key Spells.irons_spellbooks:dragon_breath.MinRarity was corrected from null to its default, COMMON. 
[03Jun2025 00:32:07.683] [Server thread/WARN] [net.minecraftforge.common.ForgeConfigSpec/CORE]: Incorrect key Spells.irons_spellbooks:dragon_breath.ManaCostMultiplier was corrected from null to its default, 1.0. 
[03Jun2025 00:32:07.683] [Server thread/WARN] [net.minecraftforge.common.ForgeConfigSpec/CORE]: Incorrect key Spells.irons_spellbooks:dragon_breath.SpellPowerMultiplier was corrected from null to its default, 1.0. 
[03Jun2025 00:32:07.683] [Server thread/WARN] [net.minecraftforge.common.ForgeConfigSpec/CORE]: Incorrect key Spells.irons_spellbooks:dragon_breath.CooldownInSeconds was corrected from null to its default, 12.0. 
[03Jun2025 00:32:07.683] [Server thread/WARN] [net.minecraftforge.common.ForgeConfigSpec/CORE]: Incorrect key Spells.irons_spellbooks:dragon_breath.AllowCrafting was corrected from null to its default, true. 
[03Jun2025 00:32:07.683] [Server thread/WARN] [net.minecraftforge.common.ForgeConfigSpec/CORE]: Incorrect key Spells.irons_spellbooks:counterspell was corrected from null to its default, SimpleCommentedConfig:{}. 
[03Jun2025 00:32:07.683] [Server thread/WARN] [net.minecraftforge.common.ForgeConfigSpec/CORE]: Incorrect key Spells.irons_spellbooks:counterspell.Enabled was corrected from null to its default, true. 
[03Jun2025 00:32:07.683] [Server thread/WARN] [net.minecraftforge.common.ForgeConfigSpec/CORE]: Incorrect key Spells.irons_spellbooks:counterspell.School was corrected from null to its default, irons_spellbooks:ender. 
[03Jun2025 00:32:07.684] [Server thread/WARN] [net.minecraftforge.common.ForgeConfigSpec/CORE]: Incorrect key Spells.irons_spellbooks:counterspell.MaxLevel was corrected from null to its default, 1. 
[03Jun2025 00:32:07.684] [Server thread/WARN] [net.minecraftforge.common.ForgeConfigSpec/CORE]: Incorrect key Spells.irons_spellbooks:counterspell.MinRarity was corrected from null to its default, RARE. 
[03Jun2025 00:32:07.684] [Server thread/WARN] [net.minecraftforge.common.ForgeConfigSpec/CORE]: Incorrect key Spells.irons_spellbooks:counterspell.ManaCostMultiplier was corrected from null to its default, 1.0. 
[03Jun2025 00:32:07.684] [Server thread/WARN] [net.minecraftforge.common.ForgeConfigSpec/CORE]: Incorrect key Spells.irons_spellbooks:counterspell.SpellPowerMultiplier was corrected from null to its default, 1.0. 
[03Jun2025 00:32:07.684] [Server thread/WARN] [net.minecraftforge.common.ForgeConfigSpec/CORE]: Incorrect key Spells.irons_spellbooks:counterspell.CooldownInSeconds was corrected from null to its default, 10.0. 
[03Jun2025 00:32:07.684] [Server thread/WARN] [net.minecraftforge.common.ForgeConfigSpec/CORE]: Incorrect key Spells.irons_spellbooks:counterspell.AllowCrafting was corrected from null to its default, true. 
[03Jun2025 00:32:07.684] [Server thread/WARN] [net.minecraftforge.common.ForgeConfigSpec/CORE]: Incorrect key Spells.irons_spellbooks:echoing_strikes was corrected from null to its default, SimpleCommentedConfig:{}. 
[03Jun2025 00:32:07.684] [Server thread/WARN] [net.minecraftforge.common.ForgeConfigSpec/CORE]: Incorrect key Spells.irons_spellbooks:echoing_strikes.Enabled was corrected from null to its default, true. 
[03Jun2025 00:32:07.685] [Server thread/WARN] [net.minecraftforge.common.ForgeConfigSpec/CORE]: Incorrect key Spells.irons_spellbooks:echoing_strikes.School was corrected from null to its default, irons_spellbooks:ender. 
[03Jun2025 00:32:07.685] [Server thread/WARN] [net.minecraftforge.common.ForgeConfigSpec/CORE]: Incorrect key Spells.irons_spellbooks:echoing_strikes.MaxLevel was corrected from null to its default, 5. 
[03Jun2025 00:32:07.685] [Server thread/WARN] [net.minecraftforge.common.ForgeConfigSpec/CORE]: Incorrect key Spells.irons_spellbooks:echoing_strikes.MinRarity was corrected from null to its default, RARE. 
[03Jun2025 00:32:07.685] [Server thread/WARN] [net.minecraftforge.common.ForgeConfigSpec/CORE]: Incorrect key Spells.irons_spellbooks:echoing_strikes.ManaCostMultiplier was corrected from null to its default, 1.0. 
[03Jun2025 00:32:07.685] [Server thread/WARN] [net.minecraftforge.common.ForgeConfigSpec/CORE]: Incorrect key Spells.irons_spellbooks:echoing_strikes.SpellPowerMultiplier was corrected from null to its default, 1.0. 
[03Jun2025 00:32:07.685] [Server thread/WARN] [net.minecraftforge.common.ForgeConfigSpec/CORE]: Incorrect key Spells.irons_spellbooks:echoing_strikes.CooldownInSeconds was corrected from null to its default, 60.0. 
[03Jun2025 00:32:07.685] [Server thread/WARN] [net.minecraftforge.common.ForgeConfigSpec/CORE]: Incorrect key Spells.irons_spellbooks:echoing_strikes.AllowCrafting was corrected from null to its default, true. 
[03Jun2025 00:32:07.685] [Server thread/WARN] [net.minecraftforge.common.ForgeConfigSpec/CORE]: Incorrect key Spells.irons_spellbooks:starfall was corrected from null to its default, SimpleCommentedConfig:{}. 
[03Jun2025 00:32:07.685] [Server thread/WARN] [net.minecraftforge.common.ForgeConfigSpec/CORE]: Incorrect key Spells.irons_spellbooks:starfall.Enabled was corrected from null to its default, true. 
[03Jun2025 00:32:07.685] [Server thread/WARN] [net.minecraftforge.common.ForgeConfigSpec/CORE]: Incorrect key Spells.irons_spellbooks:starfall.School was corrected from null to its default, irons_spellbooks:ender. 
[03Jun2025 00:32:07.685] [Server thread/WARN] [net.minecraftforge.common.ForgeConfigSpec/CORE]: Incorrect key Spells.irons_spellbooks:starfall.MaxLevel was corrected from null to its default, 10. 
[03Jun2025 00:32:07.686] [Server thread/WARN] [net.minecraftforge.common.ForgeConfigSpec/CORE]: Incorrect key Spells.irons_spellbooks:starfall.MinRarity was corrected from null to its default, UNCOMMON. 
[03Jun2025 00:32:07.686] [Server thread/WARN] [net.minecraftforge.common.ForgeConfigSpec/CORE]: Incorrect key Spells.irons_spellbooks:starfall.ManaCostMultiplier was corrected from null to its default, 1.0. 
[03Jun2025 00:32:07.686] [Server thread/WARN] [net.minecraftforge.common.ForgeConfigSpec/CORE]: Incorrect key Spells.irons_spellbooks:starfall.SpellPowerMultiplier was corrected from null to its default, 1.0. 
[03Jun2025 00:32:07.686] [Server thread/WARN] [net.minecraftforge.common.ForgeConfigSpec/CORE]: Incorrect key Spells.irons_spellbooks:starfall.CooldownInSeconds was corrected from null to its default, 16.0. 
[03Jun2025 00:32:07.686] [Server thread/WARN] [net.minecraftforge.common.ForgeConfigSpec/CORE]: Incorrect key Spells.irons_spellbooks:starfall.AllowCrafting was corrected from null to its default, true. 
[03Jun2025 00:32:07.686] [Server thread/WARN] [net.minecraftforge.common.ForgeConfigSpec/CORE]: Incorrect key Spells.irons_spellbooks:sculk_tentacles was corrected from null to its default, SimpleCommentedConfig:{}. 
[03Jun2025 00:32:07.686] [Server thread/WARN] [net.minecraftforge.common.ForgeConfigSpec/CORE]: Incorrect key Spells.irons_spellbooks:sculk_tentacles.Enabled was corrected from null to its default, true. 
[03Jun2025 00:32:07.686] [Server thread/WARN] [net.minecraftforge.common.ForgeConfigSpec/CORE]: Incorrect key Spells.irons_spellbooks:sculk_tentacles.School was corrected from null to its default, irons_spellbooks:eldritch. 
[03Jun2025 00:32:07.686] [Server thread/WARN] [net.minecraftforge.common.ForgeConfigSpec/CORE]: Incorrect key Spells.irons_spellbooks:sculk_tentacles.MaxLevel was corrected from null to its default, 4. 
[03Jun2025 00:32:07.686] [Server thread/WARN] [net.minecraftforge.common.ForgeConfigSpec/CORE]: Incorrect key Spells.irons_spellbooks:sculk_tentacles.MinRarity was corrected from null to its default, LEGENDARY. 
[03Jun2025 00:32:07.686] [Server thread/WARN] [net.minecraftforge.common.ForgeConfigSpec/CORE]: Incorrect key Spells.irons_spellbooks:sculk_tentacles.ManaCostMultiplier was corrected from null to its default, 1.0. 
[03Jun2025 00:32:07.687] [Server thread/WARN] [net.minecraftforge.common.ForgeConfigSpec/CORE]: Incorrect key Spells.irons_spellbooks:sculk_tentacles.SpellPowerMultiplier was corrected from null to its default, 1.0. 
[03Jun2025 00:32:07.687] [Server thread/WARN] [net.minecraftforge.common.ForgeConfigSpec/CORE]: Incorrect key Spells.irons_spellbooks:sculk_tentacles.CooldownInSeconds was corrected from null to its default, 30.0. 
[03Jun2025 00:32:07.687] [Server thread/WARN] [net.minecraftforge.common.ForgeConfigSpec/CORE]: Incorrect key Spells.irons_spellbooks:sculk_tentacles.AllowCrafting was corrected from null to its default, true. 
[03Jun2025 00:32:07.687] [Server thread/WARN] [net.minecraftforge.common.ForgeConfigSpec/CORE]: Incorrect key Spells.irons_spellbooks:telekinesis was corrected from null to its default, SimpleCommentedConfig:{}. 
[03Jun2025 00:32:07.687] [Server thread/WARN] [net.minecraftforge.common.ForgeConfigSpec/CORE]: Incorrect key Spells.irons_spellbooks:telekinesis.Enabled was corrected from null to its default, true. 
[03Jun2025 00:32:07.687] [Server thread/WARN] [net.minecraftforge.common.ForgeConfigSpec/CORE]: Incorrect key Spells.irons_spellbooks:telekinesis.School was corrected from null to its default, irons_spellbooks:eldritch. 
[03Jun2025 00:32:07.687] [Server thread/WARN] [net.minecraftforge.common.ForgeConfigSpec/CORE]: Incorrect key Spells.irons_spellbooks:telekinesis.MaxLevel was corrected from null to its default, 5. 
[03Jun2025 00:32:07.687] [Server thread/WARN] [net.minecraftforge.common.ForgeConfigSpec/CORE]: Incorrect key Spells.irons_spellbooks:telekinesis.MinRarity was corrected from null to its default, LEGENDARY. 
[03Jun2025 00:32:07.687] [Server thread/WARN] [net.minecraftforge.common.ForgeConfigSpec/CORE]: Incorrect key Spells.irons_spellbooks:telekinesis.ManaCostMultiplier was corrected from null to its default, 1.0. 
[03Jun2025 00:32:07.687] [Server thread/WARN] [net.minecraftforge.common.ForgeConfigSpec/CORE]: Incorrect key Spells.irons_spellbooks:telekinesis.SpellPowerMultiplier was corrected from null to its default, 1.0. 
[03Jun2025 00:32:07.687] [Server thread/WARN] [net.minecraftforge.common.ForgeConfigSpec/CORE]: Incorrect key Spells.irons_spellbooks:telekinesis.CooldownInSeconds was corrected from null to its default, 35.0. 
[03Jun2025 00:32:07.688] [Server thread/WARN] [net.minecraftforge.common.ForgeConfigSpec/CORE]: Incorrect key Spells.irons_spellbooks:telekinesis.AllowCrafting was corrected from null to its default, true. 
[03Jun2025 00:32:07.688] [Server thread/WARN] [net.minecraftforge.common.ForgeConfigSpec/CORE]: Incorrect key Spells.irons_spellbooks:planar_sight was corrected from null to its default, SimpleCommentedConfig:{}. 
[03Jun2025 00:32:07.688] [Server thread/WARN] [net.minecraftforge.common.ForgeConfigSpec/CORE]: Incorrect key Spells.irons_spellbooks:planar_sight.Enabled was corrected from null to its default, true. 
[03Jun2025 00:32:07.688] [Server thread/WARN] [net.minecraftforge.common.ForgeConfigSpec/CORE]: Incorrect key Spells.irons_spellbooks:planar_sight.School was corrected from null to its default, irons_spellbooks:eldritch. 
[03Jun2025 00:32:07.688] [Server thread/WARN] [net.minecraftforge.common.ForgeConfigSpec/CORE]: Incorrect key Spells.irons_spellbooks:planar_sight.MaxLevel was corrected from null to its default, 3. 
[03Jun2025 00:32:07.688] [Server thread/WARN] [net.minecraftforge.common.ForgeConfigSpec/CORE]: Incorrect key Spells.irons_spellbooks:planar_sight.MinRarity was corrected from null to its default, LEGENDARY. 
[03Jun2025 00:32:07.688] [Server thread/WARN] [net.minecraftforge.common.ForgeConfigSpec/CORE]: Incorrect key Spells.irons_spellbooks:planar_sight.ManaCostMultiplier was corrected from null to its default, 1.0. 
[03Jun2025 00:32:07.688] [Server thread/WARN] [net.minecraftforge.common.ForgeConfigSpec/CORE]: Incorrect key Spells.irons_spellbooks:planar_sight.SpellPowerMultiplier was corrected from null to its default, 1.0. 
[03Jun2025 00:32:07.688] [Server thread/WARN] [net.minecraftforge.common.ForgeConfigSpec/CORE]: Incorrect key Spells.irons_spellbooks:planar_sight.CooldownInSeconds was corrected from null to its default, 200.0. 
[03Jun2025 00:32:07.688] [Server thread/WARN] [net.minecraftforge.common.ForgeConfigSpec/CORE]: Incorrect key Spells.irons_spellbooks:planar_sight.AllowCrafting was corrected from null to its default, true. 
[03Jun2025 00:32:07.688] [Server thread/WARN] [net.minecraftforge.common.ForgeConfigSpec/CORE]: Incorrect key Spells.irons_spellbooks:eldritch_blast was corrected from null to its default, SimpleCommentedConfig:{}. 
[03Jun2025 00:32:07.688] [Server thread/WARN] [net.minecraftforge.common.ForgeConfigSpec/CORE]: Incorrect key Spells.irons_spellbooks:eldritch_blast.Enabled was corrected from null to its default, true. 
[03Jun2025 00:32:07.689] [Server thread/WARN] [net.minecraftforge.common.ForgeConfigSpec/CORE]: Incorrect key Spells.irons_spellbooks:eldritch_blast.School was corrected from null to its default, irons_spellbooks:eldritch. 
[03Jun2025 00:32:07.689] [Server thread/WARN] [net.minecraftforge.common.ForgeConfigSpec/CORE]: Incorrect key Spells.irons_spellbooks:eldritch_blast.MaxLevel was corrected from null to its default, 5. 
[03Jun2025 00:32:07.689] [Server thread/WARN] [net.minecraftforge.common.ForgeConfigSpec/CORE]: Incorrect key Spells.irons_spellbooks:eldritch_blast.MinRarity was corrected from null to its default, LEGENDARY. 
[03Jun2025 00:32:07.689] [Server thread/WARN] [net.minecraftforge.common.ForgeConfigSpec/CORE]: Incorrect key Spells.irons_spellbooks:eldritch_blast.ManaCostMultiplier was corrected from null to its default, 1.0. 
[03Jun2025 00:32:07.689] [Server thread/WARN] [net.minecraftforge.common.ForgeConfigSpec/CORE]: Incorrect key Spells.irons_spellbooks:eldritch_blast.SpellPowerMultiplier was corrected from null to its default, 1.0. 
[03Jun2025 00:32:07.689] [Server thread/WARN] [net.minecraftforge.common.ForgeConfigSpec/CORE]: Incorrect key Spells.irons_spellbooks:eldritch_blast.CooldownInSeconds was corrected from null to its default, 15.0. 
[03Jun2025 00:32:07.689] [Server thread/WARN] [net.minecraftforge.common.ForgeConfigSpec/CORE]: Incorrect key Spells.irons_spellbooks:eldritch_blast.AllowCrafting was corrected from null to its default, true. 
[03Jun2025 00:32:07.689] [Server thread/WARN] [net.minecraftforge.common.ForgeConfigSpec/CORE]: Incorrect key Spells.irons_spellbooks:abyssal_shroud was corrected from null to its default, SimpleCommentedConfig:{}. 
[03Jun2025 00:32:07.690] [Server thread/WARN] [net.minecraftforge.common.ForgeConfigSpec/CORE]: Incorrect key Spells.irons_spellbooks:abyssal_shroud.Enabled was corrected from null to its default, true. 
[03Jun2025 00:32:07.690] [Server thread/WARN] [net.minecraftforge.common.ForgeConfigSpec/CORE]: Incorrect key Spells.irons_spellbooks:abyssal_shroud.School was corrected from null to its default, irons_spellbooks:eldritch. 
[03Jun2025 00:32:07.690] [Server thread/WARN] [net.minecraftforge.common.ForgeConfigSpec/CORE]: Incorrect key Spells.irons_spellbooks:abyssal_shroud.MaxLevel was corrected from null to its default, 3. 
[03Jun2025 00:32:07.690] [Server thread/WARN] [net.minecraftforge.common.ForgeConfigSpec/CORE]: Incorrect key Spells.irons_spellbooks:abyssal_shroud.MinRarity was corrected from null to its default, LEGENDARY. 
[03Jun2025 00:32:07.690] [Server thread/WARN] [net.minecraftforge.common.ForgeConfigSpec/CORE]: Incorrect key Spells.irons_spellbooks:abyssal_shroud.ManaCostMultiplier was corrected from null to its default, 1.0. 
[03Jun2025 00:32:07.690] [Server thread/WARN] [net.minecraftforge.common.ForgeConfigSpec/CORE]: Incorrect key Spells.irons_spellbooks:abyssal_shroud.SpellPowerMultiplier was corrected from null to its default, 1.0. 
[03Jun2025 00:32:07.690] [Server thread/WARN] [net.minecraftforge.common.ForgeConfigSpec/CORE]: Incorrect key Spells.irons_spellbooks:abyssal_shroud.CooldownInSeconds was corrected from null to its default, 200.0. 
[03Jun2025 00:32:07.690] [Server thread/WARN] [net.minecraftforge.common.ForgeConfigSpec/CORE]: Incorrect key Spells.irons_spellbooks:abyssal_shroud.AllowCrafting was corrected from null to its default, true. 
[03Jun2025 00:32:07.690] [Server thread/WARN] [net.minecraftforge.common.ForgeConfigSpec/CORE]: Incorrect key Spells.irons_spellbooks:sonic_boom was corrected from null to its default, SimpleCommentedConfig:{}. 
[03Jun2025 00:32:07.690] [Server thread/WARN] [net.minecraftforge.common.ForgeConfigSpec/CORE]: Incorrect key Spells.irons_spellbooks:sonic_boom.Enabled was corrected from null to its default, true. 
[03Jun2025 00:32:07.690] [Server thread/WARN] [net.minecraftforge.common.ForgeConfigSpec/CORE]: Incorrect key Spells.irons_spellbooks:sonic_boom.School was corrected from null to its default, irons_spellbooks:eldritch. 
[03Jun2025 00:32:07.691] [Server thread/WARN] [net.minecraftforge.common.ForgeConfigSpec/CORE]: Incorrect key Spells.irons_spellbooks:sonic_boom.MaxLevel was corrected from null to its default, 3. 
[03Jun2025 00:32:07.691] [Server thread/WARN] [net.minecraftforge.common.ForgeConfigSpec/CORE]: Incorrect key Spells.irons_spellbooks:sonic_boom.MinRarity was corrected from null to its default, LEGENDARY. 
[03Jun2025 00:32:07.691] [Server thread/WARN] [net.minecraftforge.common.ForgeConfigSpec/CORE]: Incorrect key Spells.irons_spellbooks:sonic_boom.ManaCostMultiplier was corrected from null to its default, 1.0. 
[03Jun2025 00:32:07.691] [Server thread/WARN] [net.minecraftforge.common.ForgeConfigSpec/CORE]: Incorrect key Spells.irons_spellbooks:sonic_boom.SpellPowerMultiplier was corrected from null to its default, 1.0. 
[03Jun2025 00:32:07.691] [Server thread/WARN] [net.minecraftforge.common.ForgeConfigSpec/CORE]: Incorrect key Spells.irons_spellbooks:sonic_boom.CooldownInSeconds was corrected from null to its default, 25.0. 
[03Jun2025 00:32:07.691] [Server thread/WARN] [net.minecraftforge.common.ForgeConfigSpec/CORE]: Incorrect key Spells.irons_spellbooks:sonic_boom.AllowCrafting was corrected from null to its default, true. 
[03Jun2025 00:32:07.691] [Server thread/WARN] [net.minecraftforge.common.ForgeConfigSpec/CORE]: Incorrect key Spells.irons_spellbooks:healing_circle was corrected from null to its default, SimpleCommentedConfig:{}. 
[03Jun2025 00:32:07.691] [Server thread/WARN] [net.minecraftforge.common.ForgeConfigSpec/CORE]: Incorrect key Spells.irons_spellbooks:healing_circle.Enabled was corrected from null to its default, true. 
[03Jun2025 00:32:07.691] [Server thread/WARN] [net.minecraftforge.common.ForgeConfigSpec/CORE]: Incorrect key Spells.irons_spellbooks:healing_circle.School was corrected from null to its default, irons_spellbooks:holy. 
[03Jun2025 00:32:07.691] [Server thread/WARN] [net.minecraftforge.common.ForgeConfigSpec/CORE]: Incorrect key Spells.irons_spellbooks:healing_circle.MaxLevel was corrected from null to its default, 10. 
[03Jun2025 00:32:07.691] [Server thread/WARN] [net.minecraftforge.common.ForgeConfigSpec/CORE]: Incorrect key Spells.irons_spellbooks:healing_circle.MinRarity was corrected from null to its default, COMMON. 
[03Jun2025 00:32:07.691] [Server thread/WARN] [net.minecraftforge.common.ForgeConfigSpec/CORE]: Incorrect key Spells.irons_spellbooks:healing_circle.ManaCostMultiplier was corrected from null to its default, 1.0. 
[03Jun2025 00:32:07.692] [Server thread/WARN] [net.minecraftforge.common.ForgeConfigSpec/CORE]: Incorrect key Spells.irons_spellbooks:healing_circle.SpellPowerMultiplier was corrected from null to its default, 1.0. 
[03Jun2025 00:32:07.692] [Server thread/WARN] [net.minecraftforge.common.ForgeConfigSpec/CORE]: Incorrect key Spells.irons_spellbooks:healing_circle.CooldownInSeconds was corrected from null to its default, 25.0. 
[03Jun2025 00:32:07.692] [Server thread/WARN] [net.minecraftforge.common.ForgeConfigSpec/CORE]: Incorrect key Spells.irons_spellbooks:healing_circle.AllowCrafting was corrected from null to its default, true. 
[03Jun2025 00:32:07.692] [Server thread/WARN] [net.minecraftforge.common.ForgeConfigSpec/CORE]: Incorrect key Spells.irons_spellbooks:blessing_of_life was corrected from null to its default, SimpleCommentedConfig:{}. 
[03Jun2025 00:32:07.692] [Server thread/WARN] [net.minecraftforge.common.ForgeConfigSpec/CORE]: Incorrect key Spells.irons_spellbooks:blessing_of_life.Enabled was corrected from null to its default, true. 
[03Jun2025 00:32:07.692] [Server thread/WARN] [net.minecraftforge.common.ForgeConfigSpec/CORE]: Incorrect key Spells.irons_spellbooks:blessing_of_life.School was corrected from null to its default, irons_spellbooks:holy. 
[03Jun2025 00:32:07.692] [Server thread/WARN] [net.minecraftforge.common.ForgeConfigSpec/CORE]: Incorrect key Spells.irons_spellbooks:blessing_of_life.MaxLevel was corrected from null to its default, 10. 
[03Jun2025 00:32:07.692] [Server thread/WARN] [net.minecraftforge.common.ForgeConfigSpec/CORE]: Incorrect key Spells.irons_spellbooks:blessing_of_life.MinRarity was corrected from null to its default, COMMON. 
[03Jun2025 00:32:07.692] [Server thread/WARN] [net.minecraftforge.common.ForgeConfigSpec/CORE]: Incorrect key Spells.irons_spellbooks:blessing_of_life.ManaCostMultiplier was corrected from null to its default, 1.0. 
[03Jun2025 00:32:07.692] [Server thread/WARN] [net.minecraftforge.common.ForgeConfigSpec/CORE]: Incorrect key Spells.irons_spellbooks:blessing_of_life.SpellPowerMultiplier was corrected from null to its default, 1.0. 
[03Jun2025 00:32:07.692] [Server thread/WARN] [net.minecraftforge.common.ForgeConfigSpec/CORE]: Incorrect key Spells.irons_spellbooks:blessing_of_life.CooldownInSeconds was corrected from null to its default, 10.0. 
[03Jun2025 00:32:07.693] [Server thread/WARN] [net.minecraftforge.common.ForgeConfigSpec/CORE]: Incorrect key Spells.irons_spellbooks:blessing_of_life.AllowCrafting was corrected from null to its default, true. 
[03Jun2025 00:32:07.693] [Server thread/WARN] [net.minecraftforge.common.ForgeConfigSpec/CORE]: Incorrect key Spells.irons_spellbooks:cleanse was corrected from null to its default, SimpleCommentedConfig:{}. 
[03Jun2025 00:32:07.693] [Server thread/WARN] [net.minecraftforge.common.ForgeConfigSpec/CORE]: Incorrect key Spells.irons_spellbooks:cleanse.Enabled was corrected from null to its default, true. 
[03Jun2025 00:32:07.693] [Server thread/WARN] [net.minecraftforge.common.ForgeConfigSpec/CORE]: Incorrect key Spells.irons_spellbooks:cleanse.School was corrected from null to its default, irons_spellbooks:holy. 
[03Jun2025 00:32:07.693] [Server thread/WARN] [net.minecraftforge.common.ForgeConfigSpec/CORE]: Incorrect key Spells.irons_spellbooks:cleanse.MaxLevel was corrected from null to its default, 1. 
[03Jun2025 00:32:07.693] [Server thread/WARN] [net.minecraftforge.common.ForgeConfigSpec/CORE]: Incorrect key Spells.irons_spellbooks:cleanse.MinRarity was corrected from null to its default, EPIC. 
[03Jun2025 00:32:07.693] [Server thread/WARN] [net.minecraftforge.common.ForgeConfigSpec/CORE]: Incorrect key Spells.irons_spellbooks:cleanse.ManaCostMultiplier was corrected from null to its default, 1.0. 
[03Jun2025 00:32:07.693] [Server thread/WARN] [net.minecraftforge.common.ForgeConfigSpec/CORE]: Incorrect key Spells.irons_spellbooks:cleanse.SpellPowerMultiplier was corrected from null to its default, 1.0. 
[03Jun2025 00:32:07.693] [Server thread/WARN] [net.minecraftforge.common.ForgeConfigSpec/CORE]: Incorrect key Spells.irons_spellbooks:cleanse.CooldownInSeconds was corrected from null to its default, 60.0. 
[03Jun2025 00:32:07.693] [Server thread/WARN] [net.minecraftforge.common.ForgeConfigSpec/CORE]: Incorrect key Spells.irons_spellbooks:cleanse.AllowCrafting was corrected from null to its default, true. 
[03Jun2025 00:32:07.694] [Server thread/WARN] [net.minecraftforge.common.ForgeConfigSpec/CORE]: Incorrect key Spells.irons_spellbooks:angel_wing was corrected from null to its default, SimpleCommentedConfig:{}. 
[03Jun2025 00:32:07.694] [Server thread/WARN] [net.minecraftforge.common.ForgeConfigSpec/CORE]: Incorrect key Spells.irons_spellbooks:angel_wing.Enabled was corrected from null to its default, true. 
[03Jun2025 00:32:07.694] [Server thread/WARN] [net.minecraftforge.common.ForgeConfigSpec/CORE]: Incorrect key Spells.irons_spellbooks:angel_wing.School was corrected from null to its default, irons_spellbooks:holy. 
[03Jun2025 00:32:07.694] [Server thread/WARN] [net.minecraftforge.common.ForgeConfigSpec/CORE]: Incorrect key Spells.irons_spellbooks:angel_wing.MaxLevel was corrected from null to its default, 5. 
[03Jun2025 00:32:07.694] [Server thread/WARN] [net.minecraftforge.common.ForgeConfigSpec/CORE]: Incorrect key Spells.irons_spellbooks:angel_wing.MinRarity was corrected from null to its default, EPIC. 
[03Jun2025 00:32:07.694] [Server thread/WARN] [net.minecraftforge.common.ForgeConfigSpec/CORE]: Incorrect key Spells.irons_spellbooks:angel_wing.ManaCostMultiplier was corrected from null to its default, 1.0. 
[03Jun2025 00:32:07.694] [Server thread/WARN] [net.minecraftforge.common.ForgeConfigSpec/CORE]: Incorrect key Spells.irons_spellbooks:angel_wing.SpellPowerMultiplier was corrected from null to its default, 1.0. 
[03Jun2025 00:32:07.694] [Server thread/WARN] [net.minecraftforge.common.ForgeConfigSpec/CORE]: Incorrect key Spells.irons_spellbooks:angel_wing.CooldownInSeconds was corrected from null to its default, 120.0. 
[03Jun2025 00:32:07.694] [Server thread/WARN] [net.minecraftforge.common.ForgeConfigSpec/CORE]: Incorrect key Spells.irons_spellbooks:angel_wing.AllowCrafting was corrected from null to its default, true. 
[03Jun2025 00:32:07.694] [Server thread/WARN] [net.minecraftforge.common.ForgeConfigSpec/CORE]: Incorrect key Spells.irons_spellbooks:sunbeam was corrected from null to its default, SimpleCommentedConfig:{}. 
[03Jun2025 00:32:07.695] [Server thread/WARN] [net.minecraftforge.common.ForgeConfigSpec/CORE]: Incorrect key Spells.irons_spellbooks:sunbeam.Enabled was corrected from null to its default, true. 
[03Jun2025 00:32:07.695] [Server thread/WARN] [net.minecraftforge.common.ForgeConfigSpec/CORE]: Incorrect key Spells.irons_spellbooks:sunbeam.School was corrected from null to its default, irons_spellbooks:holy. 
[03Jun2025 00:32:07.695] [Server thread/WARN] [net.minecraftforge.common.ForgeConfigSpec/CORE]: Incorrect key Spells.irons_spellbooks:sunbeam.MaxLevel was corrected from null to its default, 10. 
[03Jun2025 00:32:07.695] [Server thread/WARN] [net.minecraftforge.common.ForgeConfigSpec/CORE]: Incorrect key Spells.irons_spellbooks:sunbeam.MinRarity was corrected from null to its default, UNCOMMON. 
[03Jun2025 00:32:07.695] [Server thread/WARN] [net.minecraftforge.common.ForgeConfigSpec/CORE]: Incorrect key Spells.irons_spellbooks:sunbeam.ManaCostMultiplier was corrected from null to its default, 1.0. 
[03Jun2025 00:32:07.695] [Server thread/WARN] [net.minecraftforge.common.ForgeConfigSpec/CORE]: Incorrect key Spells.irons_spellbooks:sunbeam.SpellPowerMultiplier was corrected from null to its default, 1.0. 
[03Jun2025 00:32:07.695] [Server thread/WARN] [net.minecraftforge.common.ForgeConfigSpec/CORE]: Incorrect key Spells.irons_spellbooks:sunbeam.CooldownInSeconds was corrected from null to its default, 20.0. 
[03Jun2025 00:32:07.695] [Server thread/WARN] [net.minecraftforge.common.ForgeConfigSpec/CORE]: Incorrect key Spells.irons_spellbooks:sunbeam.AllowCrafting was corrected from null to its default, true. 
[03Jun2025 00:32:07.695] [Server thread/WARN] [net.minecraftforge.common.ForgeConfigSpec/CORE]: Incorrect key Spells.irons_spellbooks:fortify was corrected from null to its default, SimpleCommentedConfig:{}. 
[03Jun2025 00:32:07.695] [Server thread/WARN] [net.minecraftforge.common.ForgeConfigSpec/CORE]: Incorrect key Spells.irons_spellbooks:fortify.Enabled was corrected from null to its default, true. 
[03Jun2025 00:32:07.696] [Server thread/WARN] [net.minecraftforge.common.ForgeConfigSpec/CORE]: Incorrect key Spells.irons_spellbooks:fortify.School was corrected from null to its default, irons_spellbooks:holy. 
[03Jun2025 00:32:07.696] [Server thread/WARN] [net.minecraftforge.common.ForgeConfigSpec/CORE]: Incorrect key Spells.irons_spellbooks:fortify.MaxLevel was corrected from null to its default, 10. 
[03Jun2025 00:32:07.696] [Server thread/WARN] [net.minecraftforge.common.ForgeConfigSpec/CORE]: Incorrect key Spells.irons_spellbooks:fortify.MinRarity was corrected from null to its default, COMMON. 
[03Jun2025 00:32:07.696] [Server thread/WARN] [net.minecraftforge.common.ForgeConfigSpec/CORE]: Incorrect key Spells.irons_spellbooks:fortify.ManaCostMultiplier was corrected from null to its default, 1.0. 
[03Jun2025 00:32:07.696] [Server thread/WARN] [net.minecraftforge.common.ForgeConfigSpec/CORE]: Incorrect key Spells.irons_spellbooks:fortify.SpellPowerMultiplier was corrected from null to its default, 1.0. 
[03Jun2025 00:32:07.696] [Server thread/WARN] [net.minecraftforge.common.ForgeConfigSpec/CORE]: Incorrect key Spells.irons_spellbooks:fortify.CooldownInSeconds was corrected from null to its default, 35.0. 
[03Jun2025 00:32:07.696] [Server thread/WARN] [net.minecraftforge.common.ForgeConfigSpec/CORE]: Incorrect key Spells.irons_spellbooks:fortify.AllowCrafting was corrected from null to its default, true. 
[03Jun2025 00:32:07.696] [Server thread/WARN] [net.minecraftforge.common.ForgeConfigSpec/CORE]: Incorrect key Spells.irons_spellbooks:guiding_bolt was corrected from null to its default, SimpleCommentedConfig:{}. 
[03Jun2025 00:32:07.696] [Server thread/WARN] [net.minecraftforge.common.ForgeConfigSpec/CORE]: Incorrect key Spells.irons_spellbooks:guiding_bolt.Enabled was corrected from null to its default, true. 
[03Jun2025 00:32:07.696] [Server thread/WARN] [net.minecraftforge.common.ForgeConfigSpec/CORE]: Incorrect key Spells.irons_spellbooks:guiding_bolt.School was corrected from null to its default, irons_spellbooks:holy. 
[03Jun2025 00:32:07.697] [Server thread/WARN] [net.minecraftforge.common.ForgeConfigSpec/CORE]: Incorrect key Spells.irons_spellbooks:guiding_bolt.MaxLevel was corrected from null to its default, 10. 
[03Jun2025 00:32:07.697] [Server thread/WARN] [net.minecraftforge.common.ForgeConfigSpec/CORE]: Incorrect key Spells.irons_spellbooks:guiding_bolt.MinRarity was corrected from null to its default, COMMON. 
[03Jun2025 00:32:07.697] [Server thread/WARN] [net.minecraftforge.common.ForgeConfigSpec/CORE]: Incorrect key Spells.irons_spellbooks:guiding_bolt.ManaCostMultiplier was corrected from null to its default, 1.0. 
[03Jun2025 00:32:07.697] [Server thread/WARN] [net.minecraftforge.common.ForgeConfigSpec/CORE]: Incorrect key Spells.irons_spellbooks:guiding_bolt.SpellPowerMultiplier was corrected from null to its default, 1.0. 
[03Jun2025 00:32:07.697] [Server thread/WARN] [net.minecraftforge.common.ForgeConfigSpec/CORE]: Incorrect key Spells.irons_spellbooks:guiding_bolt.CooldownInSeconds was corrected from null to its default, 8.0. 
[03Jun2025 00:32:07.697] [Server thread/WARN] [net.minecraftforge.common.ForgeConfigSpec/CORE]: Incorrect key Spells.irons_spellbooks:guiding_bolt.AllowCrafting was corrected from null to its default, true. 
[03Jun2025 00:32:07.697] [Server thread/WARN] [net.minecraftforge.common.ForgeConfigSpec/CORE]: Incorrect key Spells.irons_spellbooks:heal was corrected from null to its default, SimpleCommentedConfig:{}. 
[03Jun2025 00:32:07.697] [Server thread/WARN] [net.minecraftforge.common.ForgeConfigSpec/CORE]: Incorrect key Spells.irons_spellbooks:heal.Enabled was corrected from null to its default, true. 
[03Jun2025 00:32:07.697] [Server thread/WARN] [net.minecraftforge.common.ForgeConfigSpec/CORE]: Incorrect key Spells.irons_spellbooks:heal.School was corrected from null to its default, irons_spellbooks:holy. 
[03Jun2025 00:32:07.697] [Server thread/WARN] [net.minecraftforge.common.ForgeConfigSpec/CORE]: Incorrect key Spells.irons_spellbooks:heal.MaxLevel was corrected from null to its default, 8. 
[03Jun2025 00:32:07.698] [Server thread/WARN] [net.minecraftforge.common.ForgeConfigSpec/CORE]: Incorrect key Spells.irons_spellbooks:heal.MinRarity was corrected from null to its default, UNCOMMON. 
[03Jun2025 00:32:07.698] [Server thread/WARN] [net.minecraftforge.common.ForgeConfigSpec/CORE]: Incorrect key Spells.irons_spellbooks:heal.ManaCostMultiplier was corrected from null to its default, 1.0. 
[03Jun2025 00:32:07.698] [Server thread/WARN] [net.minecraftforge.common.ForgeConfigSpec/CORE]: Incorrect key Spells.irons_spellbooks:heal.SpellPowerMultiplier was corrected from null to its default, 1.0. 
[03Jun2025 00:32:07.698] [Server thread/WARN] [net.minecraftforge.common.ForgeConfigSpec/CORE]: Incorrect key Spells.irons_spellbooks:heal.CooldownInSeconds was corrected from null to its default, 30.0. 
[03Jun2025 00:32:07.698] [Server thread/WARN] [net.minecraftforge.common.ForgeConfigSpec/CORE]: Incorrect key Spells.irons_spellbooks:heal.AllowCrafting was corrected from null to its default, true. 
[03Jun2025 00:32:07.698] [Server thread/WARN] [net.minecraftforge.common.ForgeConfigSpec/CORE]: Incorrect key Spells.irons_spellbooks:haste was corrected from null to its default, SimpleCommentedConfig:{}. 
[03Jun2025 00:32:07.698] [Server thread/WARN] [net.minecraftforge.common.ForgeConfigSpec/CORE]: Incorrect key Spells.irons_spellbooks:haste.Enabled was corrected from null to its default, true. 
[03Jun2025 00:32:07.698] [Server thread/WARN] [net.minecraftforge.common.ForgeConfigSpec/CORE]: Incorrect key Spells.irons_spellbooks:haste.School was corrected from null to its default, irons_spellbooks:holy. 
[03Jun2025 00:32:07.698] [Server thread/WARN] [net.minecraftforge.common.ForgeConfigSpec/CORE]: Incorrect key Spells.irons_spellbooks:haste.MaxLevel was corrected from null to its default, 4. 
[03Jun2025 00:32:07.698] [Server thread/WARN] [net.minecraftforge.common.ForgeConfigSpec/CORE]: Incorrect key Spells.irons_spellbooks:haste.MinRarity was corrected from null to its default, EPIC. 
[03Jun2025 00:32:07.699] [Server thread/WARN] [net.minecraftforge.common.ForgeConfigSpec/CORE]: Incorrect key Spells.irons_spellbooks:haste.ManaCostMultiplier was corrected from null to its default, 1.0. 
[03Jun2025 00:32:07.699] [Server thread/WARN] [net.minecraftforge.common.ForgeConfigSpec/CORE]: Incorrect key Spells.irons_spellbooks:haste.SpellPowerMultiplier was corrected from null to its default, 1.0. 
[03Jun2025 00:32:07.699] [Server thread/WARN] [net.minecraftforge.common.ForgeConfigSpec/CORE]: Incorrect key Spells.irons_spellbooks:haste.CooldownInSeconds was corrected from null to its default, 80.0. 
[03Jun2025 00:32:07.699] [Server thread/WARN] [net.minecraftforge.common.ForgeConfigSpec/CORE]: Incorrect key Spells.irons_spellbooks:haste.AllowCrafting was corrected from null to its default, true. 
[03Jun2025 00:32:07.699] [Server thread/WARN] [net.minecraftforge.common.ForgeConfigSpec/CORE]: Incorrect key Spells.irons_spellbooks:wisp was corrected from null to its default, SimpleCommentedConfig:{}. 
[03Jun2025 00:32:07.699] [Server thread/WARN] [net.minecraftforge.common.ForgeConfigSpec/CORE]: Incorrect key Spells.irons_spellbooks:wisp.Enabled was corrected from null to its default, true. 
[03Jun2025 00:32:07.699] [Server thread/WARN] [net.minecraftforge.common.ForgeConfigSpec/CORE]: Incorrect key Spells.irons_spellbooks:wisp.School was corrected from null to its default, irons_spellbooks:holy. 
[03Jun2025 00:32:07.699] [Server thread/WARN] [net.minecraftforge.common.ForgeConfigSpec/CORE]: Incorrect key Spells.irons_spellbooks:wisp.MaxLevel was corrected from null to its default, 10. 
[03Jun2025 00:32:07.699] [Server thread/WARN] [net.minecraftforge.common.ForgeConfigSpec/CORE]: Incorrect key Spells.irons_spellbooks:wisp.MinRarity was corrected from null to its default, COMMON. 
[03Jun2025 00:32:07.699] [Server thread/WARN] [net.minecraftforge.common.ForgeConfigSpec/CORE]: Incorrect key Spells.irons_spellbooks:wisp.ManaCostMultiplier was corrected from null to its default, 1.0. 
[03Jun2025 00:32:07.700] [Server thread/WARN] [net.minecraftforge.common.ForgeConfigSpec/CORE]: Incorrect key Spells.irons_spellbooks:wisp.SpellPowerMultiplier was corrected from null to its default, 1.0. 
[03Jun2025 00:32:07.700] [Server thread/WARN] [net.minecraftforge.common.ForgeConfigSpec/CORE]: Incorrect key Spells.irons_spellbooks:wisp.CooldownInSeconds was corrected from null to its default, 3.0. 
[03Jun2025 00:32:07.700] [Server thread/WARN] [net.minecraftforge.common.ForgeConfigSpec/CORE]: Incorrect key Spells.irons_spellbooks:wisp.AllowCrafting was corrected from null to its default, true. 
[03Jun2025 00:32:07.700] [Server thread/WARN] [net.minecraftforge.common.ForgeConfigSpec/CORE]: Incorrect key Spells.irons_spellbooks:divine_smite was corrected from null to its default, SimpleCommentedConfig:{}. 
[03Jun2025 00:32:07.700] [Server thread/WARN] [net.minecraftforge.common.ForgeConfigSpec/CORE]: Incorrect key Spells.irons_spellbooks:divine_smite.Enabled was corrected from null to its default, true. 
[03Jun2025 00:32:07.700] [Server thread/WARN] [net.minecraftforge.common.ForgeConfigSpec/CORE]: Incorrect key Spells.irons_spellbooks:divine_smite.School was corrected from null to its default, irons_spellbooks:holy. 
[03Jun2025 00:32:07.700] [Server thread/WARN] [net.minecraftforge.common.ForgeConfigSpec/CORE]: Incorrect key Spells.irons_spellbooks:divine_smite.MaxLevel was corrected from null to its default, 5. 
[03Jun2025 00:32:07.700] [Server thread/WARN] [net.minecraftforge.common.ForgeConfigSpec/CORE]: Incorrect key Spells.irons_spellbooks:divine_smite.MinRarity was corrected from null to its default, COMMON. 
[03Jun2025 00:32:07.700] [Server thread/WARN] [net.minecraftforge.common.ForgeConfigSpec/CORE]: Incorrect key Spells.irons_spellbooks:divine_smite.ManaCostMultiplier was corrected from null to its default, 1.0. 
[03Jun2025 00:32:07.700] [Server thread/WARN] [net.minecraftforge.common.ForgeConfigSpec/CORE]: Incorrect key Spells.irons_spellbooks:divine_smite.SpellPowerMultiplier was corrected from null to its default, 1.0. 
[03Jun2025 00:32:07.700] [Server thread/WARN] [net.minecraftforge.common.ForgeConfigSpec/CORE]: Incorrect key Spells.irons_spellbooks:divine_smite.CooldownInSeconds was corrected from null to its default, 15.0. 
[03Jun2025 00:32:07.701] [Server thread/WARN] [net.minecraftforge.common.ForgeConfigSpec/CORE]: Incorrect key Spells.irons_spellbooks:divine_smite.AllowCrafting was corrected from null to its default, true. 
[03Jun2025 00:32:07.701] [Server thread/WARN] [net.minecraftforge.common.ForgeConfigSpec/CORE]: Incorrect key Spells.irons_spellbooks:greater_heal was corrected from null to its default, SimpleCommentedConfig:{}. 
[03Jun2025 00:32:07.701] [Server thread/WARN] [net.minecraftforge.common.ForgeConfigSpec/CORE]: Incorrect key Spells.irons_spellbooks:greater_heal.Enabled was corrected from null to its default, true. 
[03Jun2025 00:32:07.701] [Server thread/WARN] [net.minecraftforge.common.ForgeConfigSpec/CORE]: Incorrect key Spells.irons_spellbooks:greater_heal.School was corrected from null to its default, irons_spellbooks:holy. 
[03Jun2025 00:32:07.701] [Server thread/WARN] [net.minecraftforge.common.ForgeConfigSpec/CORE]: Incorrect key Spells.irons_spellbooks:greater_heal.MaxLevel was corrected from null to its default, 1. 
[03Jun2025 00:32:07.701] [Server thread/WARN] [net.minecraftforge.common.ForgeConfigSpec/CORE]: Incorrect key Spells.irons_spellbooks:greater_heal.MinRarity was corrected from null to its default, RARE. 
[03Jun2025 00:32:07.701] [Server thread/WARN] [net.minecraftforge.common.ForgeConfigSpec/CORE]: Incorrect key Spells.irons_spellbooks:greater_heal.ManaCostMultiplier was corrected from null to its default, 1.0. 
[03Jun2025 00:32:07.701] [Server thread/WARN] [net.minecraftforge.common.ForgeConfigSpec/CORE]: Incorrect key Spells.irons_spellbooks:greater_heal.SpellPowerMultiplier was corrected from null to its default, 1.0. 
[03Jun2025 00:32:07.701] [Server thread/WARN] [net.minecraftforge.common.ForgeConfigSpec/CORE]: Incorrect key Spells.irons_spellbooks:greater_heal.CooldownInSeconds was corrected from null to its default, 45.0. 
[03Jun2025 00:32:07.701] [Server thread/WARN] [net.minecraftforge.common.ForgeConfigSpec/CORE]: Incorrect key Spells.irons_spellbooks:greater_heal.AllowCrafting was corrected from null to its default, true. 
[03Jun2025 00:32:07.702] [Server thread/WARN] [net.minecraftforge.common.ForgeConfigSpec/CORE]: Incorrect key Spells.irons_spellbooks:cloud_of_regeneration was corrected from null to its default, SimpleCommentedConfig:{}. 
[03Jun2025 00:32:07.702] [Server thread/WARN] [net.minecraftforge.common.ForgeConfigSpec/CORE]: Incorrect key Spells.irons_spellbooks:cloud_of_regeneration.Enabled was corrected from null to its default, false. 
[03Jun2025 00:32:07.702] [Server thread/WARN] [net.minecraftforge.common.ForgeConfigSpec/CORE]: Incorrect key Spells.irons_spellbooks:cloud_of_regeneration.School was corrected from null to its default, irons_spellbooks:holy. 
[03Jun2025 00:32:07.702] [Server thread/WARN] [net.minecraftforge.common.ForgeConfigSpec/CORE]: Incorrect key Spells.irons_spellbooks:cloud_of_regeneration.MaxLevel was corrected from null to its default, 5. 
[03Jun2025 00:32:07.702] [Server thread/WARN] [net.minecraftforge.common.ForgeConfigSpec/CORE]: Incorrect key Spells.irons_spellbooks:cloud_of_regeneration.MinRarity was corrected from null to its default, COMMON. 
[03Jun2025 00:32:07.702] [Server thread/WARN] [net.minecraftforge.common.ForgeConfigSpec/CORE]: Incorrect key Spells.irons_spellbooks:cloud_of_regeneration.ManaCostMultiplier was corrected from null to its default, 1.0. 
[03Jun2025 00:32:07.702] [Server thread/WARN] [net.minecraftforge.common.ForgeConfigSpec/CORE]: Incorrect key Spells.irons_spellbooks:cloud_of_regeneration.SpellPowerMultiplier was corrected from null to its default, 1.0. 
[03Jun2025 00:32:07.702] [Server thread/WARN] [net.minecraftforge.common.ForgeConfigSpec/CORE]: Incorrect key Spells.irons_spellbooks:cloud_of_regeneration.CooldownInSeconds was corrected from null to its default, 35.0. 
[03Jun2025 00:32:07.702] [Server thread/WARN] [net.minecraftforge.common.ForgeConfigSpec/CORE]: Incorrect key Spells.irons_spellbooks:cloud_of_regeneration.AllowCrafting was corrected from null to its default, true. 
[03Jun2025 00:32:07.702] [Server thread/WARN] [net.minecraftforge.common.ForgeConfigSpec/CORE]: Incorrect key Spells.irons_spellbooks:raise_dead was corrected from null to its default, SimpleCommentedConfig:{}. 
[03Jun2025 00:32:07.702] [Server thread/WARN] [net.minecraftforge.common.ForgeConfigSpec/CORE]: Incorrect key Spells.irons_spellbooks:raise_dead.Enabled was corrected from null to its default, true. 
[03Jun2025 00:32:07.703] [Server thread/WARN] [net.minecraftforge.common.ForgeConfigSpec/CORE]: Incorrect key Spells.irons_spellbooks:raise_dead.School was corrected from null to its default, irons_spellbooks:blood. 
[03Jun2025 00:32:07.703] [Server thread/WARN] [net.minecraftforge.common.ForgeConfigSpec/CORE]: Incorrect key Spells.irons_spellbooks:raise_dead.MaxLevel was corrected from null to its default, 6. 
[03Jun2025 00:32:07.703] [Server thread/WARN] [net.minecraftforge.common.ForgeConfigSpec/CORE]: Incorrect key Spells.irons_spellbooks:raise_dead.MinRarity was corrected from null to its default, UNCOMMON. 
[03Jun2025 00:32:07.703] [Server thread/WARN] [net.minecraftforge.common.ForgeConfigSpec/CORE]: Incorrect key Spells.irons_spellbooks:raise_dead.ManaCostMultiplier was corrected from null to its default, 1.0. 
[03Jun2025 00:32:07.703] [Server thread/WARN] [net.minecraftforge.common.ForgeConfigSpec/CORE]: Incorrect key Spells.irons_spellbooks:raise_dead.SpellPowerMultiplier was corrected from null to its default, 1.0. 
[03Jun2025 00:32:07.703] [Server thread/WARN] [net.minecraftforge.common.ForgeConfigSpec/CORE]: Incorrect key Spells.irons_spellbooks:raise_dead.CooldownInSeconds was corrected from null to its default, 150.0. 
[03Jun2025 00:32:07.703] [Server thread/WARN] [net.minecraftforge.common.ForgeConfigSpec/CORE]: Incorrect key Spells.irons_spellbooks:raise_dead.AllowCrafting was corrected from null to its default, true. 
[03Jun2025 00:32:07.703] [Server thread/WARN] [net.minecraftforge.common.ForgeConfigSpec/CORE]: Incorrect key Spells.irons_spellbooks:blood_slash was corrected from null to its default, SimpleCommentedConfig:{}. 
[03Jun2025 00:32:07.703] [Server thread/WARN] [net.minecraftforge.common.ForgeConfigSpec/CORE]: Incorrect key Spells.irons_spellbooks:blood_slash.Enabled was corrected from null to its default, true. 
[03Jun2025 00:32:07.703] [Server thread/WARN] [net.minecraftforge.common.ForgeConfigSpec/CORE]: Incorrect key Spells.irons_spellbooks:blood_slash.School was corrected from null to its default, irons_spellbooks:blood. 
[03Jun2025 00:32:07.704] [Server thread/WARN] [net.minecraftforge.common.ForgeConfigSpec/CORE]: Incorrect key Spells.irons_spellbooks:blood_slash.MaxLevel was corrected from null to its default, 5. 
[03Jun2025 00:32:07.704] [Server thread/WARN] [net.minecraftforge.common.ForgeConfigSpec/CORE]: Incorrect key Spells.irons_spellbooks:blood_slash.MinRarity was corrected from null to its default, RARE. 
[03Jun2025 00:32:07.704] [Server thread/WARN] [net.minecraftforge.common.ForgeConfigSpec/CORE]: Incorrect key Spells.irons_spellbooks:blood_slash.ManaCostMultiplier was corrected from null to its default, 1.0. 
[03Jun2025 00:32:07.704] [Server thread/WARN] [net.minecraftforge.common.ForgeConfigSpec/CORE]: Incorrect key Spells.irons_spellbooks:blood_slash.SpellPowerMultiplier was corrected from null to its default, 1.0. 
[03Jun2025 00:32:07.704] [Server thread/WARN] [net.minecraftforge.common.ForgeConfigSpec/CORE]: Incorrect key Spells.irons_spellbooks:blood_slash.CooldownInSeconds was corrected from null to its default, 10.0. 
[03Jun2025 00:32:07.704] [Server thread/WARN] [net.minecraftforge.common.ForgeConfigSpec/CORE]: Incorrect key Spells.irons_spellbooks:blood_slash.AllowCrafting was corrected from null to its default, true. 
[03Jun2025 00:32:07.704] [Server thread/WARN] [net.minecraftforge.common.ForgeConfigSpec/CORE]: Incorrect key Spells.irons_spellbooks:blood_step was corrected from null to its default, SimpleCommentedConfig:{}. 
[03Jun2025 00:32:07.704] [Server thread/WARN] [net.minecraftforge.common.ForgeConfigSpec/CORE]: Incorrect key Spells.irons_spellbooks:blood_step.Enabled was corrected from null to its default, true. 
[03Jun2025 00:32:07.704] [Server thread/WARN] [net.minecraftforge.common.ForgeConfigSpec/CORE]: Incorrect key Spells.irons_spellbooks:blood_step.School was corrected from null to its default, irons_spellbooks:blood. 
[03Jun2025 00:32:07.704] [Server thread/WARN] [net.minecraftforge.common.ForgeConfigSpec/CORE]: Incorrect key Spells.irons_spellbooks:blood_step.MaxLevel was corrected from null to its default, 5. 
[03Jun2025 00:32:07.704] [Server thread/WARN] [net.minecraftforge.common.ForgeConfigSpec/CORE]: Incorrect key Spells.irons_spellbooks:blood_step.MinRarity was corrected from null to its default, UNCOMMON. 
[03Jun2025 00:32:07.705] [Server thread/WARN] [net.minecraftforge.common.ForgeConfigSpec/CORE]: Incorrect key Spells.irons_spellbooks:blood_step.ManaCostMultiplier was corrected from null to its default, 1.0. 
[03Jun2025 00:32:07.705] [Server thread/WARN] [net.minecraftforge.common.ForgeConfigSpec/CORE]: Incorrect key Spells.irons_spellbooks:blood_step.SpellPowerMultiplier was corrected from null to its default, 1.0. 
[03Jun2025 00:32:07.705] [Server thread/WARN] [net.minecraftforge.common.ForgeConfigSpec/CORE]: Incorrect key Spells.irons_spellbooks:blood_step.CooldownInSeconds was corrected from null to its default, 5.0. 
[03Jun2025 00:32:07.705] [Server thread/WARN] [net.minecraftforge.common.ForgeConfigSpec/CORE]: Incorrect key Spells.irons_spellbooks:blood_step.AllowCrafting was corrected from null to its default, true. 
[03Jun2025 00:32:07.705] [Server thread/WARN] [net.minecraftforge.common.ForgeConfigSpec/CORE]: Incorrect key Spells.irons_spellbooks:acupuncture was corrected from null to its default, SimpleCommentedConfig:{}. 
[03Jun2025 00:32:07.705] [Server thread/WARN] [net.minecraftforge.common.ForgeConfigSpec/CORE]: Incorrect key Spells.irons_spellbooks:acupuncture.Enabled was corrected from null to its default, true. 
[03Jun2025 00:32:07.705] [Server thread/WARN] [net.minecraftforge.common.ForgeConfigSpec/CORE]: Incorrect key Spells.irons_spellbooks:acupuncture.School was corrected from null to its default, irons_spellbooks:blood. 
[03Jun2025 00:32:07.705] [Server thread/WARN] [net.minecraftforge.common.ForgeConfigSpec/CORE]: Incorrect key Spells.irons_spellbooks:acupuncture.MaxLevel was corrected from null to its default, 10. 
[03Jun2025 00:32:07.705] [Server thread/WARN] [net.minecraftforge.common.ForgeConfigSpec/CORE]: Incorrect key Spells.irons_spellbooks:acupuncture.MinRarity was corrected from null to its default, RARE. 
[03Jun2025 00:32:07.706] [Server thread/WARN] [net.minecraftforge.common.ForgeConfigSpec/CORE]: Incorrect key Spells.irons_spellbooks:acupuncture.ManaCostMultiplier was corrected from null to its default, 1.0. 
[03Jun2025 00:32:07.707] [Server thread/WARN] [net.minecraftforge.common.ForgeConfigSpec/CORE]: Incorrect key Spells.irons_spellbooks:acupuncture.SpellPowerMultiplier was corrected from null to its default, 1.0. 
[03Jun2025 00:32:07.707] [Server thread/WARN] [net.minecraftforge.common.ForgeConfigSpec/CORE]: Incorrect key Spells.irons_spellbooks:acupuncture.CooldownInSeconds was corrected from null to its default, 20.0. 
[03Jun2025 00:32:07.707] [Server thread/WARN] [net.minecraftforge.common.ForgeConfigSpec/CORE]: Incorrect key Spells.irons_spellbooks:acupuncture.AllowCrafting was corrected from null to its default, true. 
[03Jun2025 00:32:07.708] [Server thread/WARN] [net.minecraftforge.common.ForgeConfigSpec/CORE]: Incorrect key Spells.irons_spellbooks:ray_of_siphoning was corrected from null to its default, SimpleCommentedConfig:{}. 
[03Jun2025 00:32:07.708] [Server thread/WARN] [net.minecraftforge.common.ForgeConfigSpec/CORE]: Incorrect key Spells.irons_spellbooks:ray_of_siphoning.Enabled was corrected from null to its default, true. 
[03Jun2025 00:32:07.709] [Server thread/WARN] [net.minecraftforge.common.ForgeConfigSpec/CORE]: Incorrect key Spells.irons_spellbooks:ray_of_siphoning.School was corrected from null to its default, irons_spellbooks:blood. 
[03Jun2025 00:32:07.709] [Server thread/WARN] [net.minecraftforge.common.ForgeConfigSpec/CORE]: Incorrect key Spells.irons_spellbooks:ray_of_siphoning.MaxLevel was corrected from null to its default, 10. 
[03Jun2025 00:32:07.709] [Server thread/WARN] [net.minecraftforge.common.ForgeConfigSpec/CORE]: Incorrect key Spells.irons_spellbooks:ray_of_siphoning.MinRarity was corrected from null to its default, COMMON. 
[03Jun2025 00:32:07.709] [Server thread/WARN] [net.minecraftforge.common.ForgeConfigSpec/CORE]: Incorrect key Spells.irons_spellbooks:ray_of_siphoning.ManaCostMultiplier was corrected from null to its default, 1.0. 
[03Jun2025 00:32:07.710] [Server thread/WARN] [net.minecraftforge.common.ForgeConfigSpec/CORE]: Incorrect key Spells.irons_spellbooks:ray_of_siphoning.SpellPowerMultiplier was corrected from null to its default, 1.0. 
[03Jun2025 00:32:07.710] [Server thread/WARN] [net.minecraftforge.common.ForgeConfigSpec/CORE]: Incorrect key Spells.irons_spellbooks:ray_of_siphoning.CooldownInSeconds was corrected from null to its default, 15.0. 
[03Jun2025 00:32:07.710] [Server thread/WARN] [net.minecraftforge.common.ForgeConfigSpec/CORE]: Incorrect key Spells.irons_spellbooks:ray_of_siphoning.AllowCrafting was corrected from null to its default, true. 
[03Jun2025 00:32:07.710] [Server thread/WARN] [net.minecraftforge.common.ForgeConfigSpec/CORE]: Incorrect key Spells.irons_spellbooks:blood_needles was corrected from null to its default, SimpleCommentedConfig:{}. 
[03Jun2025 00:32:07.711] [Server thread/WARN] [net.minecraftforge.common.ForgeConfigSpec/CORE]: Incorrect key Spells.irons_spellbooks:blood_needles.Enabled was corrected from null to its default, true. 
[03Jun2025 00:32:07.711] [Server thread/WARN] [net.minecraftforge.common.ForgeConfigSpec/CORE]: Incorrect key Spells.irons_spellbooks:blood_needles.School was corrected from null to its default, irons_spellbooks:blood. 
[03Jun2025 00:32:07.711] [Server thread/WARN] [net.minecraftforge.common.ForgeConfigSpec/CORE]: Incorrect key Spells.irons_spellbooks:blood_needles.MaxLevel was corrected from null to its default, 10. 
[03Jun2025 00:32:07.711] [Server thread/WARN] [net.minecraftforge.common.ForgeConfigSpec/CORE]: Incorrect key Spells.irons_spellbooks:blood_needles.MinRarity was corrected from null to its default, UNCOMMON. 
[03Jun2025 00:32:07.712] [Server thread/WARN] [net.minecraftforge.common.ForgeConfigSpec/CORE]: Incorrect key Spells.irons_spellbooks:blood_needles.ManaCostMultiplier was corrected from null to its default, 1.0. 
[03Jun2025 00:32:07.712] [Server thread/WARN] [net.minecraftforge.common.ForgeConfigSpec/CORE]: Incorrect key Spells.irons_spellbooks:blood_needles.SpellPowerMultiplier was corrected from null to its default, 1.0. 
[03Jun2025 00:32:07.712] [Server thread/WARN] [net.minecraftforge.common.ForgeConfigSpec/CORE]: Incorrect key Spells.irons_spellbooks:blood_needles.CooldownInSeconds was corrected from null to its default, 10.0. 
[03Jun2025 00:32:07.713] [Server thread/WARN] [net.minecraftforge.common.ForgeConfigSpec/CORE]: Incorrect key Spells.irons_spellbooks:blood_needles.AllowCrafting was corrected from null to its default, true. 
[03Jun2025 00:32:07.713] [Server thread/WARN] [net.minecraftforge.common.ForgeConfigSpec/CORE]: Incorrect key Spells.irons_spellbooks:sacrifice was corrected from null to its default, SimpleCommentedConfig:{}. 
[03Jun2025 00:32:07.713] [Server thread/WARN] [net.minecraftforge.common.ForgeConfigSpec/CORE]: Incorrect key Spells.irons_spellbooks:sacrifice.Enabled was corrected from null to its default, true. 
[03Jun2025 00:32:07.714] [Server thread/WARN] [net.minecraftforge.common.ForgeConfigSpec/CORE]: Incorrect key Spells.irons_spellbooks:sacrifice.School was corrected from null to its default, irons_spellbooks:blood. 
[03Jun2025 00:32:07.716] [Server thread/WARN] [net.minecraftforge.common.ForgeConfigSpec/CORE]: Incorrect key Spells.irons_spellbooks:sacrifice.MaxLevel was corrected from null to its default, 5. 
[03Jun2025 00:32:07.716] [Server thread/WARN] [net.minecraftforge.common.ForgeConfigSpec/CORE]: Incorrect key Spells.irons_spellbooks:sacrifice.MinRarity was corrected from null to its default, RARE. 
[03Jun2025 00:32:07.716] [Server thread/WARN] [net.minecraftforge.common.ForgeConfigSpec/CORE]: Incorrect key Spells.irons_spellbooks:sacrifice.ManaCostMultiplier was corrected from null to its default, 1.0. 
[03Jun2025 00:32:07.717] [Server thread/WARN] [net.minecraftforge.common.ForgeConfigSpec/CORE]: Incorrect key Spells.irons_spellbooks:sacrifice.SpellPowerMultiplier was corrected from null to its default, 1.0. 
[03Jun2025 00:32:07.717] [Server thread/WARN] [net.minecraftforge.common.ForgeConfigSpec/CORE]: Incorrect key Spells.irons_spellbooks:sacrifice.CooldownInSeconds was corrected from null to its default, 1.0. 
[03Jun2025 00:32:07.717] [Server thread/WARN] [net.minecraftforge.common.ForgeConfigSpec/CORE]: Incorrect key Spells.irons_spellbooks:sacrifice.AllowCrafting was corrected from null to its default, true. 
[03Jun2025 00:32:07.718] [Server thread/WARN] [net.minecraftforge.common.ForgeConfigSpec/CORE]: Incorrect key Spells.irons_spellbooks:heartstop was corrected from null to its default, SimpleCommentedConfig:{}. 
[03Jun2025 00:32:07.718] [Server thread/WARN] [net.minecraftforge.common.ForgeConfigSpec/CORE]: Incorrect key Spells.irons_spellbooks:heartstop.Enabled was corrected from null to its default, true. 
[03Jun2025 00:32:07.718] [Server thread/WARN] [net.minecraftforge.common.ForgeConfigSpec/CORE]: Incorrect key Spells.irons_spellbooks:heartstop.School was corrected from null to its default, irons_spellbooks:blood. 
[03Jun2025 00:32:07.719] [Server thread/WARN] [net.minecraftforge.common.ForgeConfigSpec/CORE]: Incorrect key Spells.irons_spellbooks:heartstop.MaxLevel was corrected from null to its default, 10. 
[03Jun2025 00:32:07.719] [Server thread/WARN] [net.minecraftforge.common.ForgeConfigSpec/CORE]: Incorrect key Spells.irons_spellbooks:heartstop.MinRarity was corrected from null to its default, COMMON. 
[03Jun2025 00:32:07.719] [Server thread/WARN] [net.minecraftforge.common.ForgeConfigSpec/CORE]: Incorrect key Spells.irons_spellbooks:heartstop.ManaCostMultiplier was corrected from null to its default, 1.0. 
[03Jun2025 00:32:07.720] [Server thread/WARN] [net.minecraftforge.common.ForgeConfigSpec/CORE]: Incorrect key Spells.irons_spellbooks:heartstop.SpellPowerMultiplier was corrected from null to its default, 1.0. 
[03Jun2025 00:32:07.720] [Server thread/WARN] [net.minecraftforge.common.ForgeConfigSpec/CORE]: Incorrect key Spells.irons_spellbooks:heartstop.CooldownInSeconds was corrected from null to its default, 120.0. 
[03Jun2025 00:32:07.720] [Server thread/WARN] [net.minecraftforge.common.ForgeConfigSpec/CORE]: Incorrect key Spells.irons_spellbooks:heartstop.AllowCrafting was corrected from null to its default, true. 
[03Jun2025 00:32:07.720] [Server thread/WARN] [net.minecraftforge.common.ForgeConfigSpec/CORE]: Incorrect key Spells.irons_spellbooks:devour was corrected from null to its default, SimpleCommentedConfig:{}. 
[03Jun2025 00:32:07.720] [Server thread/WARN] [net.minecraftforge.common.ForgeConfigSpec/CORE]: Incorrect key Spells.irons_spellbooks:devour.Enabled was corrected from null to its default, true. 
[03Jun2025 00:32:07.720] [Server thread/WARN] [net.minecraftforge.common.ForgeConfigSpec/CORE]: Incorrect key Spells.irons_spellbooks:devour.School was corrected from null to its default, irons_spellbooks:blood. 
[03Jun2025 00:32:07.720] [Server thread/WARN] [net.minecraftforge.common.ForgeConfigSpec/CORE]: Incorrect key Spells.irons_spellbooks:devour.MaxLevel was corrected from null to its default, 10. 
[03Jun2025 00:32:07.721] [Server thread/WARN] [net.minecraftforge.common.ForgeConfigSpec/CORE]: Incorrect key Spells.irons_spellbooks:devour.MinRarity was corrected from null to its default, UNCOMMON. 
[03Jun2025 00:32:07.721] [Server thread/WARN] [net.minecraftforge.common.ForgeConfigSpec/CORE]: Incorrect key Spells.irons_spellbooks:devour.ManaCostMultiplier was corrected from null to its default, 1.0. 
[03Jun2025 00:32:07.721] [Server thread/WARN] [net.minecraftforge.common.ForgeConfigSpec/CORE]: Incorrect key Spells.irons_spellbooks:devour.SpellPowerMultiplier was corrected from null to its default, 1.0. 
[03Jun2025 00:32:07.721] [Server thread/WARN] [net.minecraftforge.common.ForgeConfigSpec/CORE]: Incorrect key Spells.irons_spellbooks:devour.CooldownInSeconds was corrected from null to its default, 20.0. 
[03Jun2025 00:32:07.721] [Server thread/WARN] [net.minecraftforge.common.ForgeConfigSpec/CORE]: Incorrect key Spells.irons_spellbooks:devour.AllowCrafting was corrected from null to its default, true. 
[03Jun2025 00:32:07.721] [Server thread/WARN] [net.minecraftforge.common.ForgeConfigSpec/CORE]: Incorrect key Spells.irons_spellbooks:wither_skull was corrected from null to its default, SimpleCommentedConfig:{}. 
[03Jun2025 00:32:07.722] [Server thread/WARN] [net.minecraftforge.common.ForgeConfigSpec/CORE]: Incorrect key Spells.irons_spellbooks:wither_skull.Enabled was corrected from null to its default, true. 
[03Jun2025 00:32:07.722] [Server thread/WARN] [net.minecraftforge.common.ForgeConfigSpec/CORE]: Incorrect key Spells.irons_spellbooks:wither_skull.School was corrected from null to its default, irons_spellbooks:blood. 
[03Jun2025 00:32:07.722] [Server thread/WARN] [net.minecraftforge.common.ForgeConfigSpec/CORE]: Incorrect key Spells.irons_spellbooks:wither_skull.MaxLevel was corrected from null to its default, 10. 
[03Jun2025 00:32:07.722] [Server thread/WARN] [net.minecraftforge.common.ForgeConfigSpec/CORE]: Incorrect key Spells.irons_spellbooks:wither_skull.MinRarity was corrected from null to its default, UNCOMMON. 
[03Jun2025 00:32:07.722] [Server thread/WARN] [net.minecraftforge.common.ForgeConfigSpec/CORE]: Incorrect key Spells.irons_spellbooks:wither_skull.ManaCostMultiplier was corrected from null to its default, 1.0. 
[03Jun2025 00:32:07.722] [Server thread/WARN] [net.minecraftforge.common.ForgeConfigSpec/CORE]: Incorrect key Spells.irons_spellbooks:wither_skull.SpellPowerMultiplier was corrected from null to its default, 1.0. 
[03Jun2025 00:32:07.722] [Server thread/WARN] [net.minecraftforge.common.ForgeConfigSpec/CORE]: Incorrect key Spells.irons_spellbooks:wither_skull.CooldownInSeconds was corrected from null to its default, 1.0. 
[03Jun2025 00:32:07.723] [Server thread/WARN] [net.minecraftforge.common.ForgeConfigSpec/CORE]: Incorrect key Spells.irons_spellbooks:wither_skull.AllowCrafting was corrected from null to its default, true. 
[03Jun2025 00:32:07.723] [Server thread/WARN] [net.minecraftforge.common.ForgeConfigSpec/CORE]: Incorrect key Spells.irons_spellbooks:thunder_step was corrected from null to its default, SimpleCommentedConfig:{}. 
[03Jun2025 00:32:07.723] [Server thread/WARN] [net.minecraftforge.common.ForgeConfigSpec/CORE]: Incorrect key Spells.irons_spellbooks:thunder_step.Enabled was corrected from null to its default, true. 
[03Jun2025 00:32:07.723] [Server thread/WARN] [net.minecraftforge.common.ForgeConfigSpec/CORE]: Incorrect key Spells.irons_spellbooks:thunder_step.School was corrected from null to its default, irons_spellbooks:lightning. 
[03Jun2025 00:32:07.723] [Server thread/WARN] [net.minecraftforge.common.ForgeConfigSpec/CORE]: Incorrect key Spells.irons_spellbooks:thunder_step.MaxLevel was corrected from null to its default, 5. 
[03Jun2025 00:32:07.723] [Server thread/WARN] [net.minecraftforge.common.ForgeConfigSpec/CORE]: Incorrect key Spells.irons_spellbooks:thunder_step.MinRarity was corrected from null to its default, UNCOMMON. 
[03Jun2025 00:32:07.723] [Server thread/WARN] [net.minecraftforge.common.ForgeConfigSpec/CORE]: Incorrect key Spells.irons_spellbooks:thunder_step.ManaCostMultiplier was corrected from null to its default, 1.0. 
[03Jun2025 00:32:07.723] [Server thread/WARN] [net.minecraftforge.common.ForgeConfigSpec/CORE]: Incorrect key Spells.irons_spellbooks:thunder_step.SpellPowerMultiplier was corrected from null to its default, 1.0. 
[03Jun2025 00:32:07.723] [Server thread/WARN] [net.minecraftforge.common.ForgeConfigSpec/CORE]: Incorrect key Spells.irons_spellbooks:thunder_step.CooldownInSeconds was corrected from null to its default, 8.0. 
[03Jun2025 00:32:07.724] [Server thread/WARN] [net.minecraftforge.common.ForgeConfigSpec/CORE]: Incorrect key Spells.irons_spellbooks:thunder_step.AllowCrafting was corrected from null to its default, true. 
[03Jun2025 00:32:07.724] [Server thread/WARN] [net.minecraftforge.common.ForgeConfigSpec/CORE]: Incorrect key Spells.irons_spellbooks:thunderstorm was corrected from null to its default, SimpleCommentedConfig:{}. 
[03Jun2025 00:32:07.724] [Server thread/WARN] [net.minecraftforge.common.ForgeConfigSpec/CORE]: Incorrect key Spells.irons_spellbooks:thunderstorm.Enabled was corrected from null to its default, true. 
[03Jun2025 00:32:07.724] [Server thread/WARN] [net.minecraftforge.common.ForgeConfigSpec/CORE]: Incorrect key Spells.irons_spellbooks:thunderstorm.School was corrected from null to its default, irons_spellbooks:lightning. 
[03Jun2025 00:32:07.725] [Server thread/WARN] [net.minecraftforge.common.ForgeConfigSpec/CORE]: Incorrect key Spells.irons_spellbooks:thunderstorm.MaxLevel was corrected from null to its default, 8. 
[03Jun2025 00:32:07.725] [Server thread/WARN] [net.minecraftforge.common.ForgeConfigSpec/CORE]: Incorrect key Spells.irons_spellbooks:thunderstorm.MinRarity was corrected from null to its default, RARE. 
[03Jun2025 00:32:07.725] [Server thread/WARN] [net.minecraftforge.common.ForgeConfigSpec/CORE]: Incorrect key Spells.irons_spellbooks:thunderstorm.ManaCostMultiplier was corrected from null to its default, 1.0. 
[03Jun2025 00:32:07.725] [Server thread/WARN] [net.minecraftforge.common.ForgeConfigSpec/CORE]: Incorrect key Spells.irons_spellbooks:thunderstorm.SpellPowerMultiplier was corrected from null to its default, 1.0. 
[03Jun2025 00:32:07.725] [Server thread/WARN] [net.minecraftforge.common.ForgeConfigSpec/CORE]: Incorrect key Spells.irons_spellbooks:thunderstorm.CooldownInSeconds was corrected from null to its default, 120.0. 
[03Jun2025 00:32:07.726] [Server thread/WARN] [net.minecraftforge.common.ForgeConfigSpec/CORE]: Incorrect key Spells.irons_spellbooks:thunderstorm.AllowCrafting was corrected from null to its default, true. 
[03Jun2025 00:32:07.726] [Server thread/WARN] [net.minecraftforge.common.ForgeConfigSpec/CORE]: Incorrect key Spells.irons_spellbooks:ascension was corrected from null to its default, SimpleCommentedConfig:{}. 
[03Jun2025 00:32:07.726] [Server thread/WARN] [net.minecraftforge.common.ForgeConfigSpec/CORE]: Incorrect key Spells.irons_spellbooks:ascension.Enabled was corrected from null to its default, true. 
[03Jun2025 00:32:07.726] [Server thread/WARN] [net.minecraftforge.common.ForgeConfigSpec/CORE]: Incorrect key Spells.irons_spellbooks:ascension.School was corrected from null to its default, irons_spellbooks:lightning. 
[03Jun2025 00:32:07.726] [Server thread/WARN] [net.minecraftforge.common.ForgeConfigSpec/CORE]: Incorrect key Spells.irons_spellbooks:ascension.MaxLevel was corrected from null to its default, 10. 
[03Jun2025 00:32:07.726] [Server thread/WARN] [net.minecraftforge.common.ForgeConfigSpec/CORE]: Incorrect key Spells.irons_spellbooks:ascension.MinRarity was corrected from null to its default, RARE. 
[03Jun2025 00:32:07.727] [Server thread/WARN] [net.minecraftforge.common.ForgeConfigSpec/CORE]: Incorrect key Spells.irons_spellbooks:ascension.ManaCostMultiplier was corrected from null to its default, 1.0. 
[03Jun2025 00:32:07.727] [Server thread/WARN] [net.minecraftforge.common.ForgeConfigSpec/CORE]: Incorrect key Spells.irons_spellbooks:ascension.SpellPowerMultiplier was corrected from null to its default, 1.0. 
[03Jun2025 00:32:07.727] [Server thread/WARN] [net.minecraftforge.common.ForgeConfigSpec/CORE]: Incorrect key Spells.irons_spellbooks:ascension.CooldownInSeconds was corrected from null to its default, 15.0. 
[03Jun2025 00:32:07.727] [Server thread/WARN] [net.minecraftforge.common.ForgeConfigSpec/CORE]: Incorrect key Spells.irons_spellbooks:ascension.AllowCrafting was corrected from null to its default, true. 
[03Jun2025 00:32:07.727] [Server thread/WARN] [net.minecraftforge.common.ForgeConfigSpec/CORE]: Incorrect key Spells.irons_spellbooks:lightning_lance was corrected from null to its default, SimpleCommentedConfig:{}. 
[03Jun2025 00:32:07.727] [Server thread/WARN] [net.minecraftforge.common.ForgeConfigSpec/CORE]: Incorrect key Spells.irons_spellbooks:lightning_lance.Enabled was corrected from null to its default, true. 
[03Jun2025 00:32:07.728] [Server thread/WARN] [net.minecraftforge.common.ForgeConfigSpec/CORE]: Incorrect key Spells.irons_spellbooks:lightning_lance.School was corrected from null to its default, irons_spellbooks:lightning. 
[03Jun2025 00:32:07.728] [Server thread/WARN] [net.minecraftforge.common.ForgeConfigSpec/CORE]: Incorrect key Spells.irons_spellbooks:lightning_lance.MaxLevel was corrected from null to its default, 10. 
[03Jun2025 00:32:07.728] [Server thread/WARN] [net.minecraftforge.common.ForgeConfigSpec/CORE]: Incorrect key Spells.irons_spellbooks:lightning_lance.MinRarity was corrected from null to its default, UNCOMMON. 
[03Jun2025 00:32:07.728] [Server thread/WARN] [net.minecraftforge.common.ForgeConfigSpec/CORE]: Incorrect key Spells.irons_spellbooks:lightning_lance.ManaCostMultiplier was corrected from null to its default, 1.0. 
[03Jun2025 00:32:07.728] [Server thread/WARN] [net.minecraftforge.common.ForgeConfigSpec/CORE]: Incorrect key Spells.irons_spellbooks:lightning_lance.SpellPowerMultiplier was corrected from null to its default, 1.0. 
[03Jun2025 00:32:07.728] [Server thread/WARN] [net.minecraftforge.common.ForgeConfigSpec/CORE]: Incorrect key Spells.irons_spellbooks:lightning_lance.CooldownInSeconds was corrected from null to its default, 8.0. 
[03Jun2025 00:32:07.728] [Server thread/WARN] [net.minecraftforge.common.ForgeConfigSpec/CORE]: Incorrect key Spells.irons_spellbooks:lightning_lance.AllowCrafting was corrected from null to its default, true. 
[03Jun2025 00:32:07.729] [Server thread/WARN] [net.minecraftforge.common.ForgeConfigSpec/CORE]: Incorrect key Spells.irons_spellbooks:shockwave was corrected from null to its default, SimpleCommentedConfig:{}. 
[03Jun2025 00:32:07.729] [Server thread/WARN] [net.minecraftforge.common.ForgeConfigSpec/CORE]: Incorrect key Spells.irons_spellbooks:shockwave.Enabled was corrected from null to its default, true. 
[03Jun2025 00:32:07.729] [Server thread/WARN] [net.minecraftforge.common.ForgeConfigSpec/CORE]: Incorrect key Spells.irons_spellbooks:shockwave.School was corrected from null to its default, irons_spellbooks:lightning. 
[03Jun2025 00:32:07.729] [Server thread/WARN] [net.minecraftforge.common.ForgeConfigSpec/CORE]: Incorrect key Spells.irons_spellbooks:shockwave.MaxLevel was corrected from null to its default, 8. 
[03Jun2025 00:32:07.729] [Server thread/WARN] [net.minecraftforge.common.ForgeConfigSpec/CORE]: Incorrect key Spells.irons_spellbooks:shockwave.MinRarity was corrected from null to its default, COMMON. 
[03Jun2025 00:32:07.729] [Server thread/WARN] [net.minecraftforge.common.ForgeConfigSpec/CORE]: Incorrect key Spells.irons_spellbooks:shockwave.ManaCostMultiplier was corrected from null to its default, 1.0. 
[03Jun2025 00:32:07.729] [Server thread/WARN] [net.minecraftforge.common.ForgeConfigSpec/CORE]: Incorrect key Spells.irons_spellbooks:shockwave.SpellPowerMultiplier was corrected from null to its default, 1.0. 
[03Jun2025 00:32:07.730] [Server thread/WARN] [net.minecraftforge.common.ForgeConfigSpec/CORE]: Incorrect key Spells.irons_spellbooks:shockwave.CooldownInSeconds was corrected from null to its default, 30.0. 
[03Jun2025 00:32:07.730] [Server thread/WARN] [net.minecraftforge.common.ForgeConfigSpec/CORE]: Incorrect key Spells.irons_spellbooks:shockwave.AllowCrafting was corrected from null to its default, true. 
[03Jun2025 00:32:07.730] [Server thread/WARN] [net.minecraftforge.common.ForgeConfigSpec/CORE]: Incorrect key Spells.irons_spellbooks:electrocute was corrected from null to its default, SimpleCommentedConfig:{}. 
[03Jun2025 00:32:07.730] [Server thread/WARN] [net.minecraftforge.common.ForgeConfigSpec/CORE]: Incorrect key Spells.irons_spellbooks:electrocute.Enabled was corrected from null to its default, true. 
[03Jun2025 00:32:07.730] [Server thread/WARN] [net.minecraftforge.common.ForgeConfigSpec/CORE]: Incorrect key Spells.irons_spellbooks:electrocute.School was corrected from null to its default, irons_spellbooks:lightning. 
[03Jun2025 00:32:07.730] [Server thread/WARN] [net.minecraftforge.common.ForgeConfigSpec/CORE]: Incorrect key Spells.irons_spellbooks:electrocute.MaxLevel was corrected from null to its default, 10. 
[03Jun2025 00:32:07.730] [Server thread/WARN] [net.minecraftforge.common.ForgeConfigSpec/CORE]: Incorrect key Spells.irons_spellbooks:electrocute.MinRarity was corrected from null to its default, COMMON. 
[03Jun2025 00:32:07.731] [Server thread/WARN] [net.minecraftforge.common.ForgeConfigSpec/CORE]: Incorrect key Spells.irons_spellbooks:electrocute.ManaCostMultiplier was corrected from null to its default, 1.0. 
[03Jun2025 00:32:07.731] [Server thread/WARN] [net.minecraftforge.common.ForgeConfigSpec/CORE]: Incorrect key Spells.irons_spellbooks:electrocute.SpellPowerMultiplier was corrected from null to its default, 1.0. 
[03Jun2025 00:32:07.731] [Server thread/WARN] [net.minecraftforge.common.ForgeConfigSpec/CORE]: Incorrect key Spells.irons_spellbooks:electrocute.CooldownInSeconds was corrected from null to its default, 12.0. 
[03Jun2025 00:32:07.731] [Server thread/WARN] [net.minecraftforge.common.ForgeConfigSpec/CORE]: Incorrect key Spells.irons_spellbooks:electrocute.AllowCrafting was corrected from null to its default, true. 
[03Jun2025 00:32:07.731] [Server thread/WARN] [net.minecraftforge.common.ForgeConfigSpec/CORE]: Incorrect key Spells.irons_spellbooks:lightning_bolt was corrected from null to its default, SimpleCommentedConfig:{}. 
[03Jun2025 00:32:07.731] [Server thread/WARN] [net.minecraftforge.common.ForgeConfigSpec/CORE]: Incorrect key Spells.irons_spellbooks:lightning_bolt.Enabled was corrected from null to its default, true. 
[03Jun2025 00:32:07.731] [Server thread/WARN] [net.minecraftforge.common.ForgeConfigSpec/CORE]: Incorrect key Spells.irons_spellbooks:lightning_bolt.School was corrected from null to its default, irons_spellbooks:lightning. 
[03Jun2025 00:32:07.731] [Server thread/WARN] [net.minecraftforge.common.ForgeConfigSpec/CORE]: Incorrect key Spells.irons_spellbooks:lightning_bolt.MaxLevel was corrected from null to its default, 10. 
[03Jun2025 00:32:07.732] [Server thread/WARN] [net.minecraftforge.common.ForgeConfigSpec/CORE]: Incorrect key Spells.irons_spellbooks:lightning_bolt.MinRarity was corrected from null to its default, EPIC. 
[03Jun2025 00:32:07.732] [Server thread/WARN] [net.minecraftforge.common.ForgeConfigSpec/CORE]: Incorrect key Spells.irons_spellbooks:lightning_bolt.ManaCostMultiplier was corrected from null to its default, 1.0. 
[03Jun2025 00:32:07.732] [Server thread/WARN] [net.minecraftforge.common.ForgeConfigSpec/CORE]: Incorrect key Spells.irons_spellbooks:lightning_bolt.SpellPowerMultiplier was corrected from null to its default, 1.0. 
[03Jun2025 00:32:07.732] [Server thread/WARN] [net.minecraftforge.common.ForgeConfigSpec/CORE]: Incorrect key Spells.irons_spellbooks:lightning_bolt.CooldownInSeconds was corrected from null to its default, 25.0. 
[03Jun2025 00:32:07.732] [Server thread/WARN] [net.minecraftforge.common.ForgeConfigSpec/CORE]: Incorrect key Spells.irons_spellbooks:lightning_bolt.AllowCrafting was corrected from null to its default, true. 
[03Jun2025 00:32:07.951] [Server thread/WARN] [net.minecraftforge.common.ForgeConfigSpec/CORE]: Incorrect key Spells.irons_spellbooks:ball_lightning was corrected from null to its default, SimpleCommentedConfig:{}. 
[03Jun2025 00:32:07.952] [Server thread/WARN] [net.minecraftforge.common.ForgeConfigSpec/CORE]: Incorrect key Spells.irons_spellbooks:ball_lightning.Enabled was corrected from null to its default, true. 
[03Jun2025 00:32:07.952] [Server thread/WARN] [net.minecraftforge.common.ForgeConfigSpec/CORE]: Incorrect key Spells.irons_spellbooks:ball_lightning.School was corrected from null to its default, irons_spellbooks:lightning. 
[03Jun2025 00:32:07.952] [Server thread/WARN] [net.minecraftforge.common.ForgeConfigSpec/CORE]: Incorrect key Spells.irons_spellbooks:ball_lightning.MaxLevel was corrected from null to its default, 10. 
[03Jun2025 00:32:07.952] [Server thread/WARN] [net.minecraftforge.common.ForgeConfigSpec/CORE]: Incorrect key Spells.irons_spellbooks:ball_lightning.MinRarity was corrected from null to its default, COMMON. 
[03Jun2025 00:32:07.952] [Server thread/WARN] [net.minecraftforge.common.ForgeConfigSpec/CORE]: Incorrect key Spells.irons_spellbooks:ball_lightning.ManaCostMultiplier was corrected from null to its default, 1.0. 
[03Jun2025 00:32:07.952] [Server thread/WARN] [net.minecraftforge.common.ForgeConfigSpec/CORE]: Incorrect key Spells.irons_spellbooks:ball_lightning.SpellPowerMultiplier was corrected from null to its default, 1.0. 
[03Jun2025 00:32:07.952] [Server thread/WARN] [net.minecraftforge.common.ForgeConfigSpec/CORE]: Incorrect key Spells.irons_spellbooks:ball_lightning.CooldownInSeconds was corrected from null to its default, 1.0. 
[03Jun2025 00:32:07.952] [Server thread/WARN] [net.minecraftforge.common.ForgeConfigSpec/CORE]: Incorrect key Spells.irons_spellbooks:ball_lightning.AllowCrafting was corrected from null to its default, true. 
[03Jun2025 00:32:07.952] [Server thread/WARN] [net.minecraftforge.common.ForgeConfigSpec/CORE]: Incorrect key Spells.irons_spellbooks:charge was corrected from null to its default, SimpleCommentedConfig:{}. 
[03Jun2025 00:32:07.953] [Server thread/WARN] [net.minecraftforge.common.ForgeConfigSpec/CORE]: Incorrect key Spells.irons_spellbooks:charge.Enabled was corrected from null to its default, true. 
[03Jun2025 00:32:07.953] [Server thread/WARN] [net.minecraftforge.common.ForgeConfigSpec/CORE]: Incorrect key Spells.irons_spellbooks:charge.School was corrected from null to its default, irons_spellbooks:lightning. 
[03Jun2025 00:32:07.953] [Server thread/WARN] [net.minecraftforge.common.ForgeConfigSpec/CORE]: Incorrect key Spells.irons_spellbooks:charge.MaxLevel was corrected from null to its default, 3. 
[03Jun2025 00:32:07.953] [Server thread/WARN] [net.minecraftforge.common.ForgeConfigSpec/CORE]: Incorrect key Spells.irons_spellbooks:charge.MinRarity was corrected from null to its default, RARE. 
[03Jun2025 00:32:07.953] [Server thread/WARN] [net.minecraftforge.common.ForgeConfigSpec/CORE]: Incorrect key Spells.irons_spellbooks:charge.ManaCostMultiplier was corrected from null to its default, 1.0. 
[03Jun2025 00:32:07.953] [Server thread/WARN] [net.minecraftforge.common.ForgeConfigSpec/CORE]: Incorrect key Spells.irons_spellbooks:charge.SpellPowerMultiplier was corrected from null to its default, 1.0. 
[03Jun2025 00:32:07.953] [Server thread/WARN] [net.minecraftforge.common.ForgeConfigSpec/CORE]: Incorrect key Spells.irons_spellbooks:charge.CooldownInSeconds was corrected from null to its default, 40.0. 
[03Jun2025 00:32:07.953] [Server thread/WARN] [net.minecraftforge.common.ForgeConfigSpec/CORE]: Incorrect key Spells.irons_spellbooks:charge.AllowCrafting was corrected from null to its default, true. 
[03Jun2025 00:32:07.953] [Server thread/WARN] [net.minecraftforge.common.ForgeConfigSpec/CORE]: Incorrect key Spells.irons_spellbooks:chain_lightning was corrected from null to its default, SimpleCommentedConfig:{}. 
[03Jun2025 00:32:07.953] [Server thread/WARN] [net.minecraftforge.common.ForgeConfigSpec/CORE]: Incorrect key Spells.irons_spellbooks:chain_lightning.Enabled was corrected from null to its default, true. 
[03Jun2025 00:32:07.953] [Server thread/WARN] [net.minecraftforge.common.ForgeConfigSpec/CORE]: Incorrect key Spells.irons_spellbooks:chain_lightning.School was corrected from null to its default, irons_spellbooks:lightning. 
[03Jun2025 00:32:07.953] [Server thread/WARN] [net.minecraftforge.common.ForgeConfigSpec/CORE]: Incorrect key Spells.irons_spellbooks:chain_lightning.MaxLevel was corrected from null to its default, 10. 
[03Jun2025 00:32:07.954] [Server thread/WARN] [net.minecraftforge.common.ForgeConfigSpec/CORE]: Incorrect key Spells.irons_spellbooks:chain_lightning.MinRarity was corrected from null to its default, UNCOMMON. 
[03Jun2025 00:32:07.954] [Server thread/WARN] [net.minecraftforge.common.ForgeConfigSpec/CORE]: Incorrect key Spells.irons_spellbooks:chain_lightning.ManaCostMultiplier was corrected from null to its default, 1.0. 
[03Jun2025 00:32:07.954] [Server thread/WARN] [net.minecraftforge.common.ForgeConfigSpec/CORE]: Incorrect key Spells.irons_spellbooks:chain_lightning.SpellPowerMultiplier was corrected from null to its default, 1.0. 
[03Jun2025 00:32:07.954] [Server thread/WARN] [net.minecraftforge.common.ForgeConfigSpec/CORE]: Incorrect key Spells.irons_spellbooks:chain_lightning.CooldownInSeconds was corrected from null to its default, 20.0. 
[03Jun2025 00:32:07.954] [Server thread/WARN] [net.minecraftforge.common.ForgeConfigSpec/CORE]: Incorrect key Spells.irons_spellbooks:chain_lightning.AllowCrafting was corrected from null to its default, true. 
[03Jun2025 00:32:07.959] [Server thread/WARN] [net.minecraftforge.common.ForgeConfigSpec/CORE]: Configuration file ./world/serverconfig/create-server.toml is not correct. Correcting
[03Jun2025 00:32:07.959] [Server thread/WARN] [net.minecraftforge.common.ForgeConfigSpec/CORE]: Incorrect key infrastructure was corrected from null to its default, SimpleCommentedConfig:{}. 
[03Jun2025 00:32:07.959] [Server thread/WARN] [net.minecraftforge.common.ForgeConfigSpec/CORE]: Incorrect key infrastructure.tickrateSyncTimer was corrected from null to its default, 20. 
[03Jun2025 00:32:07.961] [Server thread/WARN] [net.minecraftforge.common.ForgeConfigSpec/CORE]: Incorrect key recipes was corrected from null to its default, SimpleCommentedConfig:{}. 
[03Jun2025 00:32:07.961] [Server thread/WARN] [net.minecraftforge.common.ForgeConfigSpec/CORE]: Incorrect key recipes.bulkPressing was corrected from null to its default, false. 
[03Jun2025 00:32:07.961] [Server thread/WARN] [net.minecraftforge.common.ForgeConfigSpec/CORE]: Incorrect key recipes.bulkCutting was corrected from null to its default, false. 
[03Jun2025 00:32:07.961] [Server thread/WARN] [net.minecraftforge.common.ForgeConfigSpec/CORE]: Incorrect key recipes.allowBrewingInMixer was corrected from null to its default, true. 
[03Jun2025 00:32:07.961] [Server thread/WARN] [net.minecraftforge.common.ForgeConfigSpec/CORE]: Incorrect key recipes.allowShapelessInMixer was corrected from null to its default, true. 
[03Jun2025 00:32:07.961] [Server thread/WARN] [net.minecraftforge.common.ForgeConfigSpec/CORE]: Incorrect key recipes.allowShapedSquareInPress was corrected from null to its default, true. 
[03Jun2025 00:32:07.962] [Server thread/WARN] [net.minecraftforge.common.ForgeConfigSpec/CORE]: Incorrect key recipes.allowRegularCraftingInCrafter was corrected from null to its default, true. 
[03Jun2025 00:32:07.962] [Server thread/WARN] [net.minecraftforge.common.ForgeConfigSpec/CORE]: Incorrect key recipes.maxFireworkIngredientsInCrafter was corrected from null to its default, 9. 
[03Jun2025 00:32:07.962] [Server thread/WARN] [net.minecraftforge.common.ForgeConfigSpec/CORE]: Incorrect key recipes.allowStonecuttingOnSaw was corrected from null to its default, true. 
[03Jun2025 00:32:07.962] [Server thread/WARN] [net.minecraftforge.common.ForgeConfigSpec/CORE]: Incorrect key recipes.allowCastingBySpout was corrected from null to its default, true. 
[03Jun2025 00:32:07.963] [Server thread/WARN] [net.minecraftforge.common.ForgeConfigSpec/CORE]: Incorrect key recipes.displayLogStrippingRecipes was corrected from null to its default, true. 
[03Jun2025 00:32:07.963] [Server thread/WARN] [net.minecraftforge.common.ForgeConfigSpec/CORE]: Incorrect key recipes.lightSourceCountForRefinedRadiance was corrected from null to its default, 10. 
[03Jun2025 00:32:07.963] [Server thread/WARN] [net.minecraftforge.common.ForgeConfigSpec/CORE]: Incorrect key recipes.enableRefinedRadianceRecipe was corrected from null to its default, true. 
[03Jun2025 00:32:07.963] [Server thread/WARN] [net.minecraftforge.common.ForgeConfigSpec/CORE]: Incorrect key recipes.enableShadowSteelRecipe was corrected from null to its default, true. 
[03Jun2025 00:32:07.964] [Server thread/WARN] [net.minecraftforge.common.ForgeConfigSpec/CORE]: Incorrect key kinetics was corrected from null to its default, SimpleCommentedConfig:{}. 
[03Jun2025 00:32:07.964] [Server thread/WARN] [net.minecraftforge.common.ForgeConfigSpec/CORE]: Incorrect key kinetics.disableStress was corrected from null to its default, false. 
[03Jun2025 00:32:07.966] [Server thread/WARN] [net.minecraftforge.common.ForgeConfigSpec/CORE]: Incorrect key kinetics.maxBeltLength was corrected from null to its default, 20. 
[03Jun2025 00:32:07.966] [Server thread/WARN] [net.minecraftforge.common.ForgeConfigSpec/CORE]: Incorrect key kinetics.maxChainConveyorLength was corrected from null to its default, 32. 
[03Jun2025 00:32:07.967] [Server thread/WARN] [net.minecraftforge.common.ForgeConfigSpec/CORE]: Incorrect key kinetics.maxChainConveyorConnections was corrected from null to its default, 4. 
[03Jun2025 00:32:07.967] [Server thread/WARN] [net.minecraftforge.common.ForgeConfigSpec/CORE]: Incorrect key kinetics.crushingDamage was corrected from null to its default, 4. 
[03Jun2025 00:32:07.967] [Server thread/WARN] [net.minecraftforge.common.ForgeConfigSpec/CORE]: Incorrect key kinetics.maxRotationSpeed was corrected from null to its default, 256. 
[03Jun2025 00:32:07.967] [Server thread/WARN] [net.minecraftforge.common.ForgeConfigSpec/CORE]: Incorrect key kinetics.ignoreDeployerAttacks was corrected from null to its default, CREEPERS. 
[03Jun2025 00:32:07.968] [Server thread/WARN] [net.minecraftforge.common.ForgeConfigSpec/CORE]: Incorrect key kinetics.kineticValidationFrequency was corrected from null to its default, 60. 
[03Jun2025 00:32:07.968] [Server thread/WARN] [net.minecraftforge.common.ForgeConfigSpec/CORE]: Incorrect key kinetics.crankHungerMultiplier was corrected from null to its default, 0.009999999776482582. 
[03Jun2025 00:32:07.968] [Server thread/WARN] [net.minecraftforge.common.ForgeConfigSpec/CORE]: Incorrect key kinetics.minimumWindmillSails was corrected from null to its default, 8. 
[03Jun2025 00:32:07.968] [Server thread/WARN] [net.minecraftforge.common.ForgeConfigSpec/CORE]: Incorrect key kinetics.windmillSailsPerRPM was corrected from null to its default, 8. 
[03Jun2025 00:32:07.968] [Server thread/WARN] [net.minecraftforge.common.ForgeConfigSpec/CORE]: Incorrect key kinetics.maxEjectorDistance was corrected from null to its default, 32. 
[03Jun2025 00:32:07.969] [Server thread/WARN] [net.minecraftforge.common.ForgeConfigSpec/CORE]: Incorrect key kinetics.ejectorScanInterval was corrected from null to its default, 120. 
[03Jun2025 00:32:07.969] [Server thread/WARN] [net.minecraftforge.common.ForgeConfigSpec/CORE]: Incorrect key kinetics.encasedFan was corrected from null to its default, SimpleCommentedConfig:{}. 
[03Jun2025 00:32:07.969] [Server thread/WARN] [net.minecraftforge.common.ForgeConfigSpec/CORE]: Incorrect key kinetics.encasedFan.fanPushDistance was corrected from null to its default, 20. 
[03Jun2025 00:32:07.969] [Server thread/WARN] [net.minecraftforge.common.ForgeConfigSpec/CORE]: Incorrect key kinetics.encasedFan.fanPullDistance was corrected from null to its default, 20. 
[03Jun2025 00:32:07.970] [Server thread/WARN] [net.minecraftforge.common.ForgeConfigSpec/CORE]: Incorrect key kinetics.encasedFan.fanBlockCheckRate was corrected from null to its default, 30. 
[03Jun2025 00:32:07.970] [Server thread/WARN] [net.minecraftforge.common.ForgeConfigSpec/CORE]: Incorrect key kinetics.encasedFan.fanRotationArgmax was corrected from null to its default, 256. 
[03Jun2025 00:32:07.970] [Server thread/WARN] [net.minecraftforge.common.ForgeConfigSpec/CORE]: Incorrect key kinetics.encasedFan.fanProcessingTime was corrected from null to its default, 150. 
[03Jun2025 00:32:07.971] [Server thread/WARN] [net.minecraftforge.common.ForgeConfigSpec/CORE]: Incorrect key kinetics.contraptions was corrected from null to its default, SimpleCommentedConfig:{}. 
[03Jun2025 00:32:07.971] [Server thread/WARN] [net.minecraftforge.common.ForgeConfigSpec/CORE]: Incorrect key kinetics.contraptions.maxBlocksMoved was corrected from null to its default, 2048. 
[03Jun2025 00:32:07.971] [Server thread/WARN] [net.minecraftforge.common.ForgeConfigSpec/CORE]: Incorrect key kinetics.contraptions.maxChassisRange was corrected from null to its default, 16. 
[03Jun2025 00:32:07.971] [Server thread/WARN] [net.minecraftforge.common.ForgeConfigSpec/CORE]: Incorrect key kinetics.contraptions.maxPistonPoles was corrected from null to its default, 64. 
[03Jun2025 00:32:07.972] [Server thread/WARN] [net.minecraftforge.common.ForgeConfigSpec/CORE]: Incorrect key kinetics.contraptions.maxRopeLength was corrected from null to its default, 384. 
[03Jun2025 00:32:07.972] [Server thread/WARN] [net.minecraftforge.common.ForgeConfigSpec/CORE]: Incorrect key kinetics.contraptions.maxCartCouplingLength was corrected from null to its default, 32. 
[03Jun2025 00:32:07.972] [Server thread/WARN] [net.minecraftforge.common.ForgeConfigSpec/CORE]: Incorrect key kinetics.contraptions.rollerFillDepth was corrected from null to its default, 12. 
[03Jun2025 00:32:07.972] [Server thread/WARN] [net.minecraftforge.common.ForgeConfigSpec/CORE]: Incorrect key kinetics.contraptions.survivalContraptionPickup was corrected from null to its default, true. 
[03Jun2025 00:32:07.972] [Server thread/WARN] [net.minecraftforge.common.ForgeConfigSpec/CORE]: Incorrect key kinetics.contraptions.movableSpawners was corrected from null to its default, NO_PICKUP. 
[03Jun2025 00:32:07.973] [Server thread/WARN] [net.minecraftforge.common.ForgeConfigSpec/CORE]: Incorrect key kinetics.contraptions.amethystMovement was corrected from null to its default, NO_PICKUP. 
[03Jun2025 00:32:07.973] [Server thread/WARN] [net.minecraftforge.common.ForgeConfigSpec/CORE]: Incorrect key kinetics.contraptions.movableObsidian was corrected from null to its default, UNMOVABLE. 
[03Jun2025 00:32:07.973] [Server thread/WARN] [net.minecraftforge.common.ForgeConfigSpec/CORE]: Incorrect key kinetics.contraptions.movableReinforcedDeepslate was corrected from null to its default, UNMOVABLE. 
[03Jun2025 00:32:07.974] [Server thread/WARN] [net.minecraftforge.common.ForgeConfigSpec/CORE]: Incorrect key kinetics.contraptions.moveItemsToStorage was corrected from null to its default, true. 
[03Jun2025 00:32:07.974] [Server thread/WARN] [net.minecraftforge.common.ForgeConfigSpec/CORE]: Incorrect key kinetics.contraptions.harvestPartiallyGrown was corrected from null to its default, false. 
[03Jun2025 00:32:07.974] [Server thread/WARN] [net.minecraftforge.common.ForgeConfigSpec/CORE]: Incorrect key kinetics.contraptions.harvesterReplants was corrected from null to its default, true. 
[03Jun2025 00:32:07.974] [Server thread/WARN] [net.minecraftforge.common.ForgeConfigSpec/CORE]: Incorrect key kinetics.contraptions.minecartContraptionInContainers was corrected from null to its default, false. 
[03Jun2025 00:32:07.974] [Server thread/WARN] [net.minecraftforge.common.ForgeConfigSpec/CORE]: Incorrect key kinetics.contraptions.stabiliseStableContraptions was corrected from null to its default, false. 
[03Jun2025 00:32:07.975] [Server thread/WARN] [net.minecraftforge.common.ForgeConfigSpec/CORE]: Incorrect key kinetics.contraptions.syncPlayerPickupHitboxWithContraptionHitbox was corrected from null to its default, false. 
[03Jun2025 00:32:07.975] [Server thread/WARN] [net.minecraftforge.common.ForgeConfigSpec/CORE]: Incorrect key kinetics.stats was corrected from null to its default, SimpleCommentedConfig:{}. 
[03Jun2025 00:32:07.975] [Server thread/WARN] [net.minecraftforge.common.ForgeConfigSpec/CORE]: Incorrect key kinetics.stats.mediumSpeed was corrected from null to its default, 30.0. 
[03Jun2025 00:32:07.975] [Server thread/WARN] [net.minecraftforge.common.ForgeConfigSpec/CORE]: Incorrect key kinetics.stats.fastSpeed was corrected from null to its default, 100.0. 
[03Jun2025 00:32:07.976] [Server thread/WARN] [net.minecraftforge.common.ForgeConfigSpec/CORE]: Incorrect key kinetics.stats.mediumStressImpact was corrected from null to its default, 4.0. 
[03Jun2025 00:32:07.976] [Server thread/WARN] [net.minecraftforge.common.ForgeConfigSpec/CORE]: Incorrect key kinetics.stats.highStressImpact was corrected from null to its default, 8.0. 
[03Jun2025 00:32:07.976] [Server thread/WARN] [net.minecraftforge.common.ForgeConfigSpec/CORE]: Incorrect key kinetics.stats.mediumCapacity was corrected from null to its default, 256.0. 
[03Jun2025 00:32:07.976] [Server thread/WARN] [net.minecraftforge.common.ForgeConfigSpec/CORE]: Incorrect key kinetics.stats.highCapacity was corrected from null to its default, 1024.0. 
[03Jun2025 00:32:07.977] [Server thread/WARN] [net.minecraftforge.common.ForgeConfigSpec/CORE]: Incorrect key kinetics.stressValues was corrected from null to its default, SimpleCommentedConfig:{}. 
[03Jun2025 00:32:07.977] [Server thread/WARN] [net.minecraftforge.common.ForgeConfigSpec/CORE]: Incorrect key kinetics.stressValues.v2 was corrected from null to its default, SimpleCommentedConfig:{}. 
[03Jun2025 00:32:07.977] [Server thread/WARN] [net.minecraftforge.common.ForgeConfigSpec/CORE]: Incorrect key kinetics.stressValues.v2.impact was corrected from null to its default, SimpleCommentedConfig:{}. 
[03Jun2025 00:32:07.978] [Server thread/WARN] [net.minecraftforge.common.ForgeConfigSpec/CORE]: Incorrect key kinetics.stressValues.v2.impact.brass_encased_shaft was corrected from null to its default, 0.0. 
[03Jun2025 00:32:07.978] [Server thread/WARN] [net.minecraftforge.common.ForgeConfigSpec/CORE]: Incorrect key kinetics.stressValues.v2.impact.turntable was corrected from null to its default, 4.0. 
[03Jun2025 00:32:07.978] [Server thread/WARN] [net.minecraftforge.common.ForgeConfigSpec/CORE]: Incorrect key kinetics.stressValues.v2.impact.clutch was corrected from null to its default, 0.0. 
[03Jun2025 00:32:07.978] [Server thread/WARN] [net.minecraftforge.common.ForgeConfigSpec/CORE]: Incorrect key kinetics.stressValues.v2.impact.mechanical_mixer was corrected from null to its default, 4.0. 
[03Jun2025 00:32:07.978] [Server thread/WARN] [net.minecraftforge.common.ForgeConfigSpec/CORE]: Incorrect key kinetics.stressValues.v2.impact.gearbox was corrected from null to its default, 0.0. 
[03Jun2025 00:32:07.979] [Server thread/WARN] [net.minecraftforge.common.ForgeConfigSpec/CORE]: Incorrect key kinetics.stressValues.v2.impact.mechanical_bearing was corrected from null to its default, 4.0. 
[03Jun2025 00:32:07.979] [Server thread/WARN] [net.minecraftforge.common.ForgeConfigSpec/CORE]: Incorrect key kinetics.stressValues.v2.impact.copper_backtank was corrected from null to its default, 4.0. 
[03Jun2025 00:32:07.979] [Server thread/WARN] [net.minecraftforge.common.ForgeConfigSpec/CORE]: Incorrect key kinetics.stressValues.v2.impact.hose_pulley was corrected from null to its default, 4.0. 
[03Jun2025 00:32:07.979] [Server thread/WARN] [net.minecraftforge.common.ForgeConfigSpec/CORE]: Incorrect key kinetics.stressValues.v2.impact.display_board was corrected from null to its default, 0.0. 
[03Jun2025 00:32:07.980] [Server thread/WARN] [net.minecraftforge.common.ForgeConfigSpec/CORE]: Incorrect key kinetics.stressValues.v2.impact.crushing_wheel was corrected from null to its default, 8.0. 
[03Jun2025 00:32:07.980] [Server thread/WARN] [net.minecraftforge.common.ForgeConfigSpec/CORE]: Incorrect key kinetics.stressValues.v2.impact.adjustable_chain_gearshift was corrected from null to its default, 0.0. 
[03Jun2025 00:32:07.980] [Server thread/WARN] [net.minecraftforge.common.ForgeConfigSpec/CORE]: Incorrect key kinetics.stressValues.v2.impact.millstone was corrected from null to its default, 4.0. 
[03Jun2025 00:32:07.980] [Server thread/WARN] [net.minecraftforge.common.ForgeConfigSpec/CORE]: Incorrect key kinetics.stressValues.v2.impact.rotation_speed_controller was corrected from null to its default, 0.0. 
[03Jun2025 00:32:07.980] [Server thread/WARN] [net.minecraftforge.common.ForgeConfigSpec/CORE]: Incorrect key kinetics.stressValues.v2.impact.sticky_mechanical_piston was corrected from null to its default, 4.0. 
[03Jun2025 00:32:07.980] [Server thread/WARN] [net.minecraftforge.common.ForgeConfigSpec/CORE]: Incorrect key kinetics.stressValues.v2.impact.mechanical_crafter was corrected from null to its default, 2.0. 
[03Jun2025 00:32:07.981] [Server thread/WARN] [net.minecraftforge.common.ForgeConfigSpec/CORE]: Incorrect key kinetics.stressValues.v2.impact.deployer was corrected from null to its default, 4.0. 
[03Jun2025 00:32:07.981] [Server thread/WARN] [net.minecraftforge.common.ForgeConfigSpec/CORE]: Incorrect key kinetics.stressValues.v2.impact.elevator_pulley was corrected from null to its default, 4.0. 
[03Jun2025 00:32:07.981] [Server thread/WARN] [net.minecraftforge.common.ForgeConfigSpec/CORE]: Incorrect key kinetics.stressValues.v2.impact.stressometer was corrected from null to its default, 0.0. 
[03Jun2025 00:32:07.981] [Server thread/WARN] [net.minecraftforge.common.ForgeConfigSpec/CORE]: Incorrect key kinetics.stressValues.v2.impact.cogwheel was corrected from null to its default, 0.0. 
[03Jun2025 00:32:07.981] [Server thread/WARN] [net.minecraftforge.common.ForgeConfigSpec/CORE]: Incorrect key kinetics.stressValues.v2.impact.encased_chain_drive was corrected from null to its default, 0.0. 
[03Jun2025 00:32:07.981] [Server thread/WARN] [net.minecraftforge.common.ForgeConfigSpec/CORE]: Incorrect key kinetics.stressValues.v2.impact.belt was corrected from null to its default, 0.0. 
[03Jun2025 00:32:07.981] [Server thread/WARN] [net.minecraftforge.common.ForgeConfigSpec/CORE]: Incorrect key kinetics.stressValues.v2.impact.brass_encased_large_cogwheel was corrected from null to its default, 0.0. 
[03Jun2025 00:32:07.981] [Server thread/WARN] [net.minecraftforge.common.ForgeConfigSpec/CORE]: Incorrect key kinetics.stressValues.v2.impact.weighted_ejector was corrected from null to its default, 2.0. 
[03Jun2025 00:32:07.982] [Server thread/WARN] [net.minecraftforge.common.ForgeConfigSpec/CORE]: Incorrect key kinetics.stressValues.v2.impact.chain_conveyor was corrected from null to its default, 1.0. 
[03Jun2025 00:32:07.982] [Server thread/WARN] [net.minecraftforge.common.ForgeConfigSpec/CORE]: Incorrect key kinetics.stressValues.v2.impact.mechanical_saw was corrected from null to its default, 4.0. 
[03Jun2025 00:32:07.982] [Server thread/WARN] [net.minecraftforge.common.ForgeConfigSpec/CORE]: Incorrect key kinetics.stressValues.v2.impact.flywheel was corrected from null to its default, 0.0. 
[03Jun2025 00:32:07.982] [Server thread/WARN] [net.minecraftforge.common.ForgeConfigSpec/CORE]: Incorrect key kinetics.stressValues.v2.impact.mechanical_piston was corrected from null to its default, 4.0. 
[03Jun2025 00:32:07.982] [Server thread/WARN] [net.minecraftforge.common.ForgeConfigSpec/CORE]: Incorrect key kinetics.stressValues.v2.impact.speedometer was corrected from null to its default, 0.0. 
[03Jun2025 00:32:07.982] [Server thread/WARN] [net.minecraftforge.common.ForgeConfigSpec/CORE]: Incorrect key kinetics.stressValues.v2.impact.brass_encased_cogwheel was corrected from null to its default, 0.0. 
[03Jun2025 00:32:07.982] [Server thread/WARN] [net.minecraftforge.common.ForgeConfigSpec/CORE]: Incorrect key kinetics.stressValues.v2.impact.clockwork_bearing was corrected from null to its default, 4.0. 
[03Jun2025 00:32:07.982] [Server thread/WARN] [net.minecraftforge.common.ForgeConfigSpec/CORE]: Incorrect key kinetics.stressValues.v2.impact.mechanical_press was corrected from null to its default, 8.0. 
[03Jun2025 00:32:07.982] [Server thread/WARN] [net.minecraftforge.common.ForgeConfigSpec/CORE]: Incorrect key kinetics.stressValues.v2.impact.mechanical_drill was corrected from null to its default, 4.0. 
[03Jun2025 00:32:07.982] [Server thread/WARN] [net.minecraftforge.common.ForgeConfigSpec/CORE]: Incorrect key kinetics.stressValues.v2.impact.andesite_encased_shaft was corrected from null to its default, 0.0. 
[03Jun2025 00:32:07.982] [Server thread/WARN] [net.minecraftforge.common.ForgeConfigSpec/CORE]: Incorrect key kinetics.stressValues.v2.impact.netherite_backtank was corrected from null to its default, 4.0. 
[03Jun2025 00:32:07.983] [Server thread/WARN] [net.minecraftforge.common.ForgeConfigSpec/CORE]: Incorrect key kinetics.stressValues.v2.impact.mechanical_arm was corrected from null to its default, 2.0. 
[03Jun2025 00:32:07.983] [Server thread/WARN] [net.minecraftforge.common.ForgeConfigSpec/CORE]: Incorrect key kinetics.stressValues.v2.impact.sequenced_gearshift was corrected from null to its default, 0.0. 
[03Jun2025 00:32:07.983] [Server thread/WARN] [net.minecraftforge.common.ForgeConfigSpec/CORE]: Incorrect key kinetics.stressValues.v2.impact.andesite_encased_large_cogwheel was corrected from null to its default, 0.0. 
[03Jun2025 00:32:07.983] [Server thread/WARN] [net.minecraftforge.common.ForgeConfigSpec/CORE]: Incorrect key kinetics.stressValues.v2.impact.shaft was corrected from null to its default, 0.0. 
[03Jun2025 00:32:07.983] [Server thread/WARN] [net.minecraftforge.common.ForgeConfigSpec/CORE]: Incorrect key kinetics.stressValues.v2.impact.cuckoo_clock was corrected from null to its default, 1.0. 
[03Jun2025 00:32:07.983] [Server thread/WARN] [net.minecraftforge.common.ForgeConfigSpec/CORE]: Incorrect key kinetics.stressValues.v2.impact.gearshift was corrected from null to its default, 0.0. 
[03Jun2025 00:32:07.983] [Server thread/WARN] [net.minecraftforge.common.ForgeConfigSpec/CORE]: Incorrect key kinetics.stressValues.v2.impact.rope_pulley was corrected from null to its default, 4.0. 
[03Jun2025 00:32:07.983] [Server thread/WARN] [net.minecraftforge.common.ForgeConfigSpec/CORE]: Incorrect key kinetics.stressValues.v2.impact.andesite_encased_cogwheel was corrected from null to its default, 0.0. 
[03Jun2025 00:32:07.983] [Server thread/WARN] [net.minecraftforge.common.ForgeConfigSpec/CORE]: Incorrect key kinetics.stressValues.v2.impact.large_cogwheel was corrected from null to its default, 0.0. 
[03Jun2025 00:32:07.983] [Server thread/WARN] [net.minecraftforge.common.ForgeConfigSpec/CORE]: Incorrect key kinetics.stressValues.v2.impact.encased_fan was corrected from null to its default, 2.0. 
[03Jun2025 00:32:07.983] [Server thread/WARN] [net.minecraftforge.common.ForgeConfigSpec/CORE]: Incorrect key kinetics.stressValues.v2.impact.mysterious_cuckoo_clock was corrected from null to its default, 1.0. 
[03Jun2025 00:32:07.984] [Server thread/WARN] [net.minecraftforge.common.ForgeConfigSpec/CORE]: Incorrect key kinetics.stressValues.v2.impact.gantry_shaft was corrected from null to its default, 0.0. 
[03Jun2025 00:32:07.984] [Server thread/WARN] [net.minecraftforge.common.ForgeConfigSpec/CORE]: Incorrect key kinetics.stressValues.v2.impact.mechanical_pump was corrected from null to its default, 4.0. 
[03Jun2025 00:32:07.984] [Server thread/WARN] [net.minecraftforge.common.ForgeConfigSpec/CORE]: Incorrect key kinetics.stressValues.v2.capacity was corrected from null to its default, SimpleCommentedConfig:{}. 
[03Jun2025 00:32:07.984] [Server thread/WARN] [net.minecraftforge.common.ForgeConfigSpec/CORE]: Incorrect key kinetics.stressValues.v2.capacity.steam_engine was corrected from null to its default, 1024.0. 
[03Jun2025 00:32:07.984] [Server thread/WARN] [net.minecraftforge.common.ForgeConfigSpec/CORE]: Incorrect key kinetics.stressValues.v2.capacity.water_wheel was corrected from null to its default, 32.0. 
[03Jun2025 00:32:07.984] [Server thread/WARN] [net.minecraftforge.common.ForgeConfigSpec/CORE]: Incorrect key kinetics.stressValues.v2.capacity.copper_valve_handle was corrected from null to its default, 8.0. 
[03Jun2025 00:32:07.984] [Server thread/WARN] [net.minecraftforge.common.ForgeConfigSpec/CORE]: Incorrect key kinetics.stressValues.v2.capacity.hand_crank was corrected from null to its default, 8.0. 
[03Jun2025 00:32:07.984] [Server thread/WARN] [net.minecraftforge.common.ForgeConfigSpec/CORE]: Incorrect key kinetics.stressValues.v2.capacity.creative_motor was corrected from null to its default, 16384.0. 
[03Jun2025 00:32:07.984] [Server thread/WARN] [net.minecraftforge.common.ForgeConfigSpec/CORE]: Incorrect key kinetics.stressValues.v2.capacity.large_water_wheel was corrected from null to its default, 128.0. 
[03Jun2025 00:32:07.985] [Server thread/WARN] [net.minecraftforge.common.ForgeConfigSpec/CORE]: Incorrect key kinetics.stressValues.v2.capacity.windmill_bearing was corrected from null to its default, 512.0. 
[03Jun2025 00:32:07.986] [Server thread/WARN] [net.minecraftforge.common.ForgeConfigSpec/CORE]: Incorrect key fluids was corrected from null to its default, SimpleCommentedConfig:{}. 
[03Jun2025 00:32:07.986] [Server thread/WARN] [net.minecraftforge.common.ForgeConfigSpec/CORE]: Incorrect key fluids.fluidTankCapacity was corrected from null to its default, 8. 
[03Jun2025 00:32:07.986] [Server thread/WARN] [net.minecraftforge.common.ForgeConfigSpec/CORE]: Incorrect key fluids.fluidTankMaxHeight was corrected from null to its default, 32. 
[03Jun2025 00:32:07.986] [Server thread/WARN] [net.minecraftforge.common.ForgeConfigSpec/CORE]: Incorrect key fluids.mechanicalPumpRange was corrected from null to its default, 16. 
[03Jun2025 00:32:07.986] [Server thread/WARN] [net.minecraftforge.common.ForgeConfigSpec/CORE]: Incorrect key fluids.hosePulleyRange was corrected from null to its default, 128. 
[03Jun2025 00:32:07.986] [Server thread/WARN] [net.minecraftforge.common.ForgeConfigSpec/CORE]: Incorrect key fluids.hosePulleyBlockThreshold was corrected from null to its default, 10000. 
[03Jun2025 00:32:07.986] [Server thread/WARN] [net.minecraftforge.common.ForgeConfigSpec/CORE]: Incorrect key fluids.fillInfinite was corrected from null to its default, false. 
[03Jun2025 00:32:07.986] [Server thread/WARN] [net.minecraftforge.common.ForgeConfigSpec/CORE]: Incorrect key fluids.bottomlessFluidMode was corrected from null to its default, ALLOW_BY_TAG. 
[03Jun2025 00:32:07.986] [Server thread/WARN] [net.minecraftforge.common.ForgeConfigSpec/CORE]: Incorrect key fluids.fluidFillPlaceFluidSourceBlocks was corrected from null to its default, true. 
[03Jun2025 00:32:07.987] [Server thread/WARN] [net.minecraftforge.common.ForgeConfigSpec/CORE]: Incorrect key fluids.pipesPlaceFluidSourceBlocks was corrected from null to its default, true. 
[03Jun2025 00:32:07.987] [Server thread/WARN] [net.minecraftforge.common.ForgeConfigSpec/CORE]: Incorrect key logistics was corrected from null to its default, SimpleCommentedConfig:{}. 
[03Jun2025 00:32:07.988] [Server thread/WARN] [net.minecraftforge.common.ForgeConfigSpec/CORE]: Incorrect key logistics.defaultExtractionTimer was corrected from null to its default, 8. 
[03Jun2025 00:32:07.988] [Server thread/WARN] [net.minecraftforge.common.ForgeConfigSpec/CORE]: Incorrect key logistics.psiTimeout was corrected from null to its default, 60. 
[03Jun2025 00:32:07.988] [Server thread/WARN] [net.minecraftforge.common.ForgeConfigSpec/CORE]: Incorrect key logistics.mechanicalArmRange was corrected from null to its default, 5. 
[03Jun2025 00:32:07.988] [Server thread/WARN] [net.minecraftforge.common.ForgeConfigSpec/CORE]: Incorrect key logistics.packagePortRange was corrected from null to its default, 5. 
[03Jun2025 00:32:07.988] [Server thread/WARN] [net.minecraftforge.common.ForgeConfigSpec/CORE]: Incorrect key logistics.linkRange was corrected from null to its default, 256. 
[03Jun2025 00:32:07.988] [Server thread/WARN] [net.minecraftforge.common.ForgeConfigSpec/CORE]: Incorrect key logistics.displayLinkRange was corrected from null to its default, 64. 
[03Jun2025 00:32:07.989] [Server thread/WARN] [net.minecraftforge.common.ForgeConfigSpec/CORE]: Incorrect key logistics.vaultCapacity was corrected from null to its default, 20. 
[03Jun2025 00:32:07.989] [Server thread/WARN] [net.minecraftforge.common.ForgeConfigSpec/CORE]: Incorrect key logistics.chainConveyorCapacity was corrected from null to its default, 20. 
[03Jun2025 00:32:07.989] [Server thread/WARN] [net.minecraftforge.common.ForgeConfigSpec/CORE]: Incorrect key logistics.brassTunnelTimer was corrected from null to its default, 10. 
[03Jun2025 00:32:07.990] [Server thread/WARN] [net.minecraftforge.common.ForgeConfigSpec/CORE]: Incorrect key logistics.factoryGaugeTimer was corrected from null to its default, 100. 
[03Jun2025 00:32:07.990] [Server thread/WARN] [net.minecraftforge.common.ForgeConfigSpec/CORE]: Incorrect key logistics.seatHostileMobs was corrected from null to its default, true. 
[03Jun2025 00:32:07.992] [Server thread/WARN] [net.minecraftforge.common.ForgeConfigSpec/CORE]: Incorrect key schematics was corrected from null to its default, SimpleCommentedConfig:{}. 
[03Jun2025 00:32:07.992] [Server thread/WARN] [net.minecraftforge.common.ForgeConfigSpec/CORE]: Incorrect key schematics.creativePrintIncludesAir was corrected from null to its default, false. 
[03Jun2025 00:32:07.992] [Server thread/WARN] [net.minecraftforge.common.ForgeConfigSpec/CORE]: Incorrect key schematics.maxSchematics was corrected from null to its default, 10. 
[03Jun2025 00:32:07.992] [Server thread/WARN] [net.minecraftforge.common.ForgeConfigSpec/CORE]: Incorrect key schematics.maxTotalSchematicSize was corrected from null to its default, 256. 
[03Jun2025 00:32:07.992] [Server thread/WARN] [net.minecraftforge.common.ForgeConfigSpec/CORE]: Incorrect key schematics.maxSchematicPacketSize was corrected from null to its default, 1024. 
[03Jun2025 00:32:07.992] [Server thread/WARN] [net.minecraftforge.common.ForgeConfigSpec/CORE]: Incorrect key schematics.schematicIdleTimeout was corrected from null to its default, 600. 
[03Jun2025 00:32:07.992] [Server thread/WARN] [net.minecraftforge.common.ForgeConfigSpec/CORE]: Incorrect key schematics.schematicannon was corrected from null to its default, SimpleCommentedConfig:{}. 
[03Jun2025 00:32:07.992] [Server thread/WARN] [net.minecraftforge.common.ForgeConfigSpec/CORE]: Incorrect key schematics.schematicannon.schematicannonDelay was corrected from null to its default, 10. 
[03Jun2025 00:32:07.992] [Server thread/WARN] [net.minecraftforge.common.ForgeConfigSpec/CORE]: Incorrect key schematics.schematicannon.schematicannonShotsPerGunpowder was corrected from null to its default, 400. 
[03Jun2025 00:32:07.994] [Server thread/WARN] [net.minecraftforge.common.ForgeConfigSpec/CORE]: Incorrect key equipment was corrected from null to its default, SimpleCommentedConfig:{}. 
[03Jun2025 00:32:07.994] [Server thread/WARN] [net.minecraftforge.common.ForgeConfigSpec/CORE]: Incorrect key equipment.maxSymmetryWandRange was corrected from null to its default, 50. 
[03Jun2025 00:32:07.994] [Server thread/WARN] [net.minecraftforge.common.ForgeConfigSpec/CORE]: Incorrect key equipment.placementAssistRange was corrected from null to its default, 12. 
[03Jun2025 00:32:07.994] [Server thread/WARN] [net.minecraftforge.common.ForgeConfigSpec/CORE]: Incorrect key equipment.toolboxRange was corrected from null to its default, 10. 
[03Jun2025 00:32:07.994] [Server thread/WARN] [net.minecraftforge.common.ForgeConfigSpec/CORE]: Incorrect key equipment.airInBacktank was corrected from null to its default, 900. 
[03Jun2025 00:32:07.995] [Server thread/WARN] [net.minecraftforge.common.ForgeConfigSpec/CORE]: Incorrect key equipment.enchantedBacktankCapacity was corrected from null to its default, 300. 
[03Jun2025 00:32:07.995] [Server thread/WARN] [net.minecraftforge.common.ForgeConfigSpec/CORE]: Incorrect key equipment.maxExtendoGripActions was corrected from null to its default, 1000. 
[03Jun2025 00:32:07.995] [Server thread/WARN] [net.minecraftforge.common.ForgeConfigSpec/CORE]: Incorrect key equipment.maxPotatoCannonShots was corrected from null to its default, 200. 
[03Jun2025 00:32:07.996] [Server thread/WARN] [net.minecraftforge.common.ForgeConfigSpec/CORE]: Incorrect key trains was corrected from null to its default, SimpleCommentedConfig:{}. 
[03Jun2025 00:32:07.999] [Server thread/WARN] [net.minecraftforge.common.ForgeConfigSpec/CORE]: Incorrect key trains.trainsCauseDamage was corrected from null to its default, true. 
[03Jun2025 00:32:07.999] [Server thread/WARN] [net.minecraftforge.common.ForgeConfigSpec/CORE]: Incorrect key trains.maxTrackPlacementLength was corrected from null to its default, 32. 
[03Jun2025 00:32:07.999] [Server thread/WARN] [net.minecraftforge.common.ForgeConfigSpec/CORE]: Incorrect key trains.maxAssemblyLength was corrected from null to its default, 128. 
[03Jun2025 00:32:08.000] [Server thread/WARN] [net.minecraftforge.common.ForgeConfigSpec/CORE]: Incorrect key trains.maxBogeyCount was corrected from null to its default, 20. 
[03Jun2025 00:32:08.001] [Server thread/WARN] [net.minecraftforge.common.ForgeConfigSpec/CORE]: Incorrect key trains.manualTrainSpeedModifier was corrected from null to its default, 0.75. 
[03Jun2025 00:32:08.002] [Server thread/WARN] [net.minecraftforge.common.ForgeConfigSpec/CORE]: Incorrect key trains.trainStats was corrected from null to its default, SimpleCommentedConfig:{}. 
[03Jun2025 00:32:08.002] [Server thread/WARN] [net.minecraftforge.common.ForgeConfigSpec/CORE]: Incorrect key trains.trainStats.trainTopSpeed was corrected from null to its default, 28.0. 
[03Jun2025 00:32:08.003] [Server thread/WARN] [net.minecraftforge.common.ForgeConfigSpec/CORE]: Incorrect key trains.trainStats.trainTurningTopSpeed was corrected from null to its default, 14.0. 
[03Jun2025 00:32:08.003] [Server thread/WARN] [net.minecraftforge.common.ForgeConfigSpec/CORE]: Incorrect key trains.trainStats.trainAcceleration was corrected from null to its default, 3.0. 
[03Jun2025 00:32:08.004] [Server thread/WARN] [net.minecraftforge.common.ForgeConfigSpec/CORE]: Incorrect key trains.poweredTrainStats was corrected from null to its default, SimpleCommentedConfig:{}. 
[03Jun2025 00:32:08.004] [Server thread/WARN] [net.minecraftforge.common.ForgeConfigSpec/CORE]: Incorrect key trains.poweredTrainStats.poweredTrainTopSpeed was corrected from null to its default, 40.0. 
[03Jun2025 00:32:08.004] [Server thread/WARN] [net.minecraftforge.common.ForgeConfigSpec/CORE]: Incorrect key trains.poweredTrainStats.poweredTrainTurningTopSpeed was corrected from null to its default, 20.0. 
[03Jun2025 00:32:08.005] [Server thread/WARN] [net.minecraftforge.common.ForgeConfigSpec/CORE]: Incorrect key trains.poweredTrainStats.poweredTrainAcceleration was corrected from null to its default, 3.0. 
[03Jun2025 00:32:08.014] [Server thread/WARN] [net.minecraftforge.common.ForgeConfigSpec/CORE]: Configuration file ./world/serverconfig/BioForge.toml is not correct. Correcting
[03Jun2025 00:32:08.015] [Server thread/WARN] [net.minecraftforge.common.ForgeConfigSpec/CORE]: Incorrect key Virus was corrected from null to its default, SimpleCommentedConfig:{}. 
[03Jun2025 00:32:08.015] [Server thread/WARN] [net.minecraftforge.common.ForgeConfigSpec/CORE]: Incorrect key Virus.Infectivity First Level Armor Damage was corrected from null to its default, 1.0. 
[03Jun2025 00:32:08.016] [Server thread/WARN] [net.minecraftforge.common.ForgeConfigSpec/CORE]: Incorrect key Virus.Infectivity Second Level Armor Damage was corrected from null to its default, 2.0. 
[03Jun2025 00:32:08.016] [Server thread/WARN] [net.minecraftforge.common.ForgeConfigSpec/CORE]: Incorrect key Virus.Infectivity Third Level Armor Damage was corrected from null to its default, 3.0. 
[03Jun2025 00:32:08.016] [Server thread/WARN] [net.minecraftforge.common.ForgeConfigSpec/CORE]: Incorrect key Virus.Infection Rate First level was corrected from null to its default, 300.0. 
[03Jun2025 00:32:08.017] [Server thread/WARN] [net.minecraftforge.common.ForgeConfigSpec/CORE]: Incorrect key Virus.Infection Rate Second level was corrected from null to its default, 200.0. 
[03Jun2025 00:32:08.017] [Server thread/WARN] [net.minecraftforge.common.ForgeConfigSpec/CORE]: Incorrect key Virus.Infection Rate Third level was corrected from null to its default, 100.0. 
[03Jun2025 00:32:08.017] [Server thread/WARN] [net.minecraftforge.common.ForgeConfigSpec/CORE]: Incorrect key Virus.Spread Radius First level was corrected from null to its default, 2.0. 
[03Jun2025 00:32:08.017] [Server thread/WARN] [net.minecraftforge.common.ForgeConfigSpec/CORE]: Incorrect key Virus.Spread Radius Second level was corrected from null to its default, 4.0. 
[03Jun2025 00:32:08.018] [Server thread/WARN] [net.minecraftforge.common.ForgeConfigSpec/CORE]: Incorrect key Virus.Spread Radius Third level was corrected from null to its default, 6.0. 
[03Jun2025 00:32:08.018] [Server thread/WARN] [net.minecraftforge.common.ForgeConfigSpec/CORE]: Incorrect key Virus.Survivability First Level was corrected from null to its default, 36000.0. 
[03Jun2025 00:32:08.018] [Server thread/WARN] [net.minecraftforge.common.ForgeConfigSpec/CORE]: Incorrect key Virus.Survivability Second Level was corrected from null to its default, 72000.0. 
[03Jun2025 00:32:08.019] [Server thread/WARN] [net.minecraftforge.common.ForgeConfigSpec/CORE]: Incorrect key Virus.Survivability Third Level was corrected from null to its default, 108000.0. 
[03Jun2025 00:32:08.019] [Server thread/WARN] [net.minecraftforge.common.ForgeConfigSpec/CORE]: Incorrect key Virus.Heat/Cold Deviding amount was corrected from null to its default, 2.0. 
[03Jun2025 00:32:08.020] [Server thread/WARN] [net.minecraftforge.common.ForgeConfigSpec/CORE]: Incorrect key Virus.Temperature Sensitive deviding amount was corrected from null to its default, 4.0. 
[03Jun2025 00:32:08.020] [Server thread/WARN] [net.minecraftforge.common.ForgeConfigSpec/CORE]: Incorrect key Virus.Wrong Resistance deviding amount was corrected from null to its default, 3.0. 
[03Jun2025 00:32:08.020] [Server thread/WARN] [net.minecraftforge.common.ForgeConfigSpec/CORE]: Incorrect key Virus.Adaptation speed First level was corrected from null to its default, 500.0. 
[03Jun2025 00:32:08.020] [Server thread/WARN] [net.minecraftforge.common.ForgeConfigSpec/CORE]: Incorrect key Virus.Adaptation speed Second level was corrected from null to its default, 300.0. 
[03Jun2025 00:32:08.021] [Server thread/WARN] [net.minecraftforge.common.ForgeConfigSpec/CORE]: Incorrect key Virus.Adaptation speed Third level was corrected from null to its default, 150.0. 
[03Jun2025 00:32:08.021] [Server thread/WARN] [net.minecraftforge.common.ForgeConfigSpec/CORE]: Incorrect key Virus.Point's needed to adapt Cold resistance was corrected from null to its default, 10.0. 
[03Jun2025 00:32:08.021] [Server thread/WARN] [net.minecraftforge.common.ForgeConfigSpec/CORE]: Incorrect key Virus.Point's needed to adapt Heat resistance was corrected from null to its default, 10.0. 
[03Jun2025 00:32:08.022] [Server thread/WARN] [net.minecraftforge.common.ForgeConfigSpec/CORE]: Incorrect key Virus.Point's needed to adapt Temperature Unsensitive was corrected from null to its default, 10.0. 
[03Jun2025 00:32:08.022] [Server thread/WARN] [net.minecraftforge.common.ForgeConfigSpec/CORE]: Incorrect key Virus.Max Adaptation points survivability boost was corrected from null to its default, 9.0. 
[03Jun2025 00:32:08.023] [Server thread/WARN] [net.minecraftforge.common.ForgeConfigSpec/CORE]: Incorrect key Virus.Adaptation point's multiplier was corrected from null to its default, 1000.0. 
[03Jun2025 00:32:08.023] [Server thread/WARN] [net.minecraftforge.common.ForgeConfigSpec/CORE]: Incorrect key Virus.Self-Destruction Factor Speed was corrected from null to its default, 200.0. 
[03Jun2025 00:32:08.023] [Server thread/WARN] [net.minecraftforge.common.ForgeConfigSpec/CORE]: Incorrect key Virus.Mutation Speed First Level was corrected from null to its default, 600.0. 
[03Jun2025 00:32:08.023] [Server thread/WARN] [net.minecraftforge.common.ForgeConfigSpec/CORE]: Incorrect key Virus.Mutation Speed Second Level was corrected from null to its default, 300.0. 
[03Jun2025 00:32:08.024] [Server thread/WARN] [net.minecraftforge.common.ForgeConfigSpec/CORE]: Incorrect key Virus.Mutation Speed Third Level was corrected from null to its default, 150.0. 
[03Jun2025 00:32:08.024] [Server thread/WARN] [net.minecraftforge.common.ForgeConfigSpec/CORE]: Incorrect key Virus.Mutation Cooldown was corrected from null to its default, 2800.0. 
[03Jun2025 00:32:08.024] [Server thread/WARN] [net.minecraftforge.common.ForgeConfigSpec/CORE]: Incorrect key Virus.Cough Radius First Level was corrected from null to its default, 2.0. 
[03Jun2025 00:32:08.024] [Server thread/WARN] [net.minecraftforge.common.ForgeConfigSpec/CORE]: Incorrect key Virus.Cough Radius Second Level was corrected from null to its default, 4.0. 
[03Jun2025 00:32:08.024] [Server thread/WARN] [net.minecraftforge.common.ForgeConfigSpec/CORE]: Incorrect key Virus.Cough Radius Third Level was corrected from null to its default, 6.0. 
[03Jun2025 00:32:08.024] [Server thread/WARN] [net.minecraftforge.common.ForgeConfigSpec/CORE]: Incorrect key Virus.Sneeze Radius First Level was corrected from null to its default, 4.0. 
[03Jun2025 00:32:08.024] [Server thread/WARN] [net.minecraftforge.common.ForgeConfigSpec/CORE]: Incorrect key Virus.Sneeze Radius Second Level was corrected from null to its default, 6.0. 
[03Jun2025 00:32:08.026] [Server thread/WARN] [net.minecraftforge.common.ForgeConfigSpec/CORE]: Incorrect key Virus.Sneeze Radius Third Level was corrected from null to its default, 8.0. 
[03Jun2025 00:32:08.026] [Server thread/WARN] [net.minecraftforge.common.ForgeConfigSpec/CORE]: Incorrect key Virus.Min Fever Temperature was corrected from null to its default, 37.5. 
[03Jun2025 00:32:08.026] [Server thread/WARN] [net.minecraftforge.common.ForgeConfigSpec/CORE]: Incorrect key Virus.Max Fever Temperature was corrected from null to its default, 40.0. 
[03Jun2025 00:32:08.026] [Server thread/WARN] [net.minecraftforge.common.ForgeConfigSpec/CORE]: Incorrect key Virus.Fire damage Temperature was corrected from null to its default, 38.5. 
[03Jun2025 00:32:08.026] [Server thread/WARN] [net.minecraftforge.common.ForgeConfigSpec/CORE]: Incorrect key Virus.Fire Damage Rate was corrected from null to its default, 100.0. 
[03Jun2025 00:32:08.026] [Server thread/WARN] [net.minecraftforge.common.ForgeConfigSpec/CORE]: Incorrect key Virus.Fire Damage was corrected from null to its default, 2.0. 
[03Jun2025 00:32:08.026] [Server thread/WARN] [net.minecraftforge.common.ForgeConfigSpec/CORE]: Incorrect key Virus.Normal Entity Temperature was corrected from null to its default, 36.6. 
[03Jun2025 00:32:08.027] [Server thread/WARN] [net.minecraftforge.common.ForgeConfigSpec/CORE]: Incorrect key Virus.Incubation Time First Level was corrected from null to its default, 1200.0. 
[03Jun2025 00:32:08.027] [Server thread/WARN] [net.minecraftforge.common.ForgeConfigSpec/CORE]: Incorrect key Virus.Incubation Time Second Level was corrected from null to its default, 6000.0. 
[03Jun2025 00:32:08.027] [Server thread/WARN] [net.minecraftforge.common.ForgeConfigSpec/CORE]: Incorrect key Virus.Incubation Time Third Level was corrected from null to its default, 12000.0. 
[03Jun2025 00:32:08.027] [Server thread/WARN] [net.minecraftforge.common.ForgeConfigSpec/CORE]: Incorrect key Virus.Flesh Craving Time was corrected from null to its default, 6000.0. 
[03Jun2025 00:32:08.027] [Server thread/WARN] [net.minecraftforge.common.ForgeConfigSpec/CORE]: Incorrect key Virus.Pollination Dependency Flowers give time was corrected from null to its default, 6000.0. 
[03Jun2025 00:32:08.028] [Server thread/WARN] [net.minecraftforge.common.ForgeConfigSpec/CORE]: Incorrect key Mutations was corrected from null to its default, SimpleCommentedConfig:{}. 
[03Jun2025 00:32:08.028] [Server thread/WARN] [net.minecraftforge.common.ForgeConfigSpec/CORE]: Incorrect key Mutations.Light Sensitive  was corrected from null to its default, 40.0. 
[03Jun2025 00:32:08.028] [Server thread/WARN] [net.minecraftforge.common.ForgeConfigSpec/CORE]: Incorrect key Mutations.Grass Eater Time was corrected from null to its default, 80.0. 
[03Jun2025 00:32:08.028] [Server thread/WARN] [net.minecraftforge.common.ForgeConfigSpec/CORE]: Incorrect key Mutations.Grass Dependency Time was corrected from null to its default, 6000.0. 
[03Jun2025 00:32:08.028] [Server thread/WARN] [net.minecraftforge.common.ForgeConfigSpec/CORE]: Incorrect key Mutations.Hay Infusion/Allergy Time was corrected from null to its default, 600.0. 
[03Jun2025 00:32:08.030] [Server thread/WARN] [net.minecraftforge.common.ForgeConfigSpec/CORE]: Incorrect key Item's was corrected from null to its default, SimpleCommentedConfig:{}. 
[03Jun2025 00:32:08.031] [Server thread/WARN] [net.minecraftforge.common.ForgeConfigSpec/CORE]: Incorrect key Item's.Honey Cough Pervention Duration was corrected from null to its default, 6000.0. 
[03Jun2025 00:32:08.031] [Server thread/WARN] [net.minecraftforge.common.ForgeConfigSpec/CORE]: Incorrect key Item's.Drunk time was corrected from null to its default, 2400.0. 
[03Jun2025 00:32:08.031] [Server thread/WARN] [net.minecraftforge.common.ForgeConfigSpec/CORE]: Incorrect key Item's.Max Drunkness level was corrected from null to its default, 5.0. 
[03Jun2025 00:32:08.031] [Server thread/WARN] [net.minecraftforge.common.ForgeConfigSpec/CORE]: Incorrect key Item's.Drunkness kick in was corrected from null to its default, 3.0. 
[03Jun2025 00:32:08.032] [Server thread/WARN] [net.minecraftforge.common.ForgeConfigSpec/CORE]: Incorrect key Item's.Antiviral Drugs Time was corrected from null to its default, 6000.0. 
[03Jun2025 00:32:08.032] [Server thread/WARN] [net.minecraftforge.common.ForgeConfigSpec/CORE]: Incorrect key Item's.Anti Paranoia Time was corrected from null to its default, 6000.0. 
[03Jun2025 00:32:08.033] [Server thread/WARN] [net.minecraftforge.common.ForgeConfigSpec/CORE]: Incorrect key Entitie was corrected from null to its default, SimpleCommentedConfig:{}. 
[03Jun2025 00:32:08.033] [Server thread/WARN] [net.minecraftforge.common.ForgeConfigSpec/CORE]: Incorrect key Entitie.Blood Level Regen was corrected from null to its default, 200.0. 
[03Jun2025 00:32:08.034] [Server thread/WARN] [net.minecraftforge.common.ForgeConfigSpec/CORE]: Incorrect key Entitie.Max blood level was corrected from null to its default, 50.0. 
[03Jun2025 00:32:08.034] [Server thread/WARN] [net.minecraftforge.common.ForgeConfigSpec/CORE]: Incorrect key Entitie.Low blood level was corrected from null to its default, 40.0. 
[03Jun2025 00:32:08.037] [Server thread/WARN] [net.minecraftforge.common.ForgeConfigSpec/CORE]: Incorrect key Blocks was corrected from null to its default, SimpleCommentedConfig:{}. 
[03Jun2025 00:32:08.037] [Server thread/WARN] [net.minecraftforge.common.ForgeConfigSpec/CORE]: Incorrect key Blocks.Centrifuge Ticks Recipies was corrected from null to its default, 175.0. 
[03Jun2025 00:32:08.038] [Server thread/WARN] [net.minecraftforge.common.ForgeConfigSpec/CORE]: Incorrect key Blocks.Barrel Press Ticks Recipies was corrected from null to its default, 3000.0. 
[03Jun2025 00:32:08.039] [Server thread/WARN] [net.minecraftforge.common.ForgeConfigSpec/CORE]: Incorrect key Blocks.Virus Analyzer analyzation speed was corrected from null to its default, 1200.0. 
[03Jun2025 00:32:08.039] [Server thread/WARN] [net.minecraftforge.common.ForgeConfigSpec/CORE]: Incorrect key Blocks.Sterilization Chamber sterilization time was corrected from null to its default, 600.0. 
[03Jun2025 00:32:08.040] [Server thread/WARN] [net.minecraftforge.common.ForgeConfigSpec/CORE]: Incorrect key Blocks.Incubat time needs was corrected from null to its default, 2400.0. 
[03Jun2025 00:32:08.040] [Server thread/WARN] [net.minecraftforge.common.ForgeConfigSpec/CORE]: Incorrect key Blocks.Virus Testing Chamber Check Time was corrected from null to its default, 1600.0. 
[03Jun2025 00:32:08.041] [Server thread/WARN] [net.minecraftforge.common.ForgeConfigSpec/CORE]: Incorrect key Blocks.Floor Viral Scanner Redstone signal ticks was corrected from null to its default, 120.0. 
[03Jun2025 00:32:08.043] [Server thread/WARN] [net.minecraftforge.common.ForgeConfigSpec/CORE]: Incorrect key Checkings was corrected from null to its default, SimpleCommentedConfig:{}. 
[03Jun2025 00:32:08.043] [Server thread/WARN] [net.minecraftforge.common.ForgeConfigSpec/CORE]: Incorrect key Checkings.Primary Symptom Check Amount was corrected from null to its default, 8.0. 
[03Jun2025 00:32:08.044] [Server thread/WARN] [net.minecraftforge.common.ForgeConfigSpec/CORE]: Incorrect key Checkings.Debuff Effects Check Amount was corrected from null to its default, 7.0. 
[03Jun2025 00:32:08.045] [Server thread/WARN] [net.minecraftforge.common.ForgeConfigSpec/CORE]: Incorrect key Checkings.Bad Mutations Check Amount was corrected from null to its default, 13.0. 
[03Jun2025 00:32:08.045] [Server thread/WARN] [net.minecraftforge.common.ForgeConfigSpec/CORE]: Incorrect key Checkings.Good Mutations Check Amount was corrected from null to its default, 16.0. 
[03Jun2025 00:32:08.046] [Server thread/WARN] [net.minecraftforge.common.ForgeConfigSpec/CORE]: Incorrect key Checkings.Check and Give Virus to Mobs was corrected from null to its default, 1.0. 
[03Jun2025 00:32:08.047] [Server thread/WARN] [net.minecraftforge.common.ForgeConfigSpec/CORE]: Incorrect key Addons Creation Checks was corrected from null to its default, SimpleCommentedConfig:{}. 
[03Jun2025 00:32:08.048] [Server thread/WARN] [net.minecraftforge.common.ForgeConfigSpec/CORE]: Incorrect key Addons Creation Checks.Turn On/Off Addons was corrected from null to its default, false. 
[03Jun2025 00:32:08.048] [Server thread/WARN] [net.minecraftforge.common.ForgeConfigSpec/CORE]: Incorrect key Addons Creation Checks.Custom Primary Symptoms Number was corrected from null to its default, 0.0. 
[03Jun2025 00:32:08.048] [Server thread/WARN] [net.minecraftforge.common.ForgeConfigSpec/CORE]: Incorrect key Addons Creation Checks.Custom Debuffs Number was corrected from null to its default, 0.0. 
[03Jun2025 00:32:08.049] [Server thread/WARN] [net.minecraftforge.common.ForgeConfigSpec/CORE]: Incorrect key Addons Creation Checks.Custom Bad Mutations Number was corrected from null to its default, 0.0. 
[03Jun2025 00:32:08.049] [Server thread/WARN] [net.minecraftforge.common.ForgeConfigSpec/CORE]: Incorrect key Addons Creation Checks.Custom Good Mutations Number was corrected from null to its default, 0.0. 
[03Jun2025 00:32:08.050] [Server thread/WARN] [net.minecraftforge.common.ForgeConfigSpec/CORE]: Incorrect key Addons Creation Checks.Custom Check and Give Virus to Mobs was corrected from null to its default, 0.0. 
[03Jun2025 00:32:08.050] [Server thread/WARN] [net.minecraftforge.common.ForgeConfigSpec/CORE]: Incorrect key Addons Creation Checks.Syringe Mobs Attributes Check was corrected from null to its default, 0.0. 
[03Jun2025 00:32:08.051] [Server thread/WARN] [net.minecraftforge.common.ForgeConfigSpec/CORE]: Incorrect key Addons Creation Checks.Centrifuge Custom Crafts was corrected from null to its default, 0.0. 
[03Jun2025 00:32:08.051] [Server thread/WARN] [net.minecraftforge.common.ForgeConfigSpec/CORE]: Incorrect key Addons Creation Checks.Barrel Press Custom Crafts was corrected from null to its default, 0.0. 
[03Jun2025 00:32:08.052] [Server thread/WARN] [net.minecraftforge.common.ForgeConfigSpec/CORE]: Incorrect key Addons Creation Checks.Sterilization Chamber Custom Crafts was corrected from null to its default, 0.0. 
[03Jun2025 00:32:08.052] [Server thread/WARN] [net.minecraftforge.common.ForgeConfigSpec/CORE]: Incorrect key Addons Creation Checks.Chemical Synthesizer Custom Crafts was corrected from null to its default, 0.0. 
[03Jun2025 00:32:08.052] [Server thread/WARN] [net.minecraftforge.common.ForgeConfigSpec/CORE]: Incorrect key Addons Creation Checks.Custom Chemical Synthesizer Buckets was corrected from null to its default, 0.0. 
[03Jun2025 00:32:08.053] [Server thread/WARN] [net.minecraftforge.common.ForgeConfigSpec/CORE]: Incorrect key Addons Creation Checks.Pharma Mixer Custom Crafts was corrected from null to its default, 0.0. 
[03Jun2025 00:32:08.053] [Server thread/WARN] [net.minecraftforge.common.ForgeConfigSpec/CORE]: Incorrect key Addons Creation Checks.Custom Pharma Mixer Buckets was corrected from null to its default, 0.0. 
[03Jun2025 00:32:08.054] [Server thread/WARN] [net.minecraftforge.common.ForgeConfigSpec/CORE]: Incorrect key Addons Creation Checks.Immuno Synthesizer Custom Crafts was corrected from null to its default, 0.0. 
[03Jun2025 00:32:08.058] [Server thread/WARN] [net.minecraftforge.common.ForgeConfigSpec/CORE]: Configuration file ./world/serverconfig/BioForge - Virus Traits.toml is not correct. Correcting
[03Jun2025 00:32:08.058] [Server thread/WARN] [net.minecraftforge.common.ForgeConfigSpec/CORE]: Incorrect key Primary Symptoms was corrected from null to its default, SimpleCommentedConfig:{}. 
[03Jun2025 00:32:08.059] [Server thread/WARN] [net.minecraftforge.common.ForgeConfigSpec/CORE]: Incorrect key Primary Symptoms.Slowness was corrected from null to its default, true. 
[03Jun2025 00:32:08.059] [Server thread/WARN] [net.minecraftforge.common.ForgeConfigSpec/CORE]: Incorrect key Primary Symptoms.Nausea was corrected from null to its default, true. 
[03Jun2025 00:32:08.059] [Server thread/WARN] [net.minecraftforge.common.ForgeConfigSpec/CORE]: Incorrect key Primary Symptoms.Weakness was corrected from null to its default, true. 
[03Jun2025 00:32:08.059] [Server thread/WARN] [net.minecraftforge.common.ForgeConfigSpec/CORE]: Incorrect key Primary Symptoms.FleshCravings was corrected from null to its default, true. 
[03Jun2025 00:32:08.059] [Server thread/WARN] [net.minecraftforge.common.ForgeConfigSpec/CORE]: Incorrect key Primary Symptoms.Sneeze was corrected from null to its default, true. 
[03Jun2025 00:32:08.059] [Server thread/WARN] [net.minecraftforge.common.ForgeConfigSpec/CORE]: Incorrect key Primary Symptoms.Cough was corrected from null to its default, true. 
[03Jun2025 00:32:08.060] [Server thread/WARN] [net.minecraftforge.common.ForgeConfigSpec/CORE]: Incorrect key Primary Symptoms.Fever was corrected from null to its default, true. 
[03Jun2025 00:32:08.060] [Server thread/WARN] [net.minecraftforge.common.ForgeConfigSpec/CORE]: Incorrect key Debuff Effects was corrected from null to its default, SimpleCommentedConfig:{}. 
[03Jun2025 00:32:08.061] [Server thread/WARN] [net.minecraftforge.common.ForgeConfigSpec/CORE]: Incorrect key Debuff Effects.Blindness was corrected from null to its default, true. 
[03Jun2025 00:32:08.061] [Server thread/WARN] [net.minecraftforge.common.ForgeConfigSpec/CORE]: Incorrect key Debuff Effects.Poison was corrected from null to its default, true. 
[03Jun2025 00:32:08.061] [Server thread/WARN] [net.minecraftforge.common.ForgeConfigSpec/CORE]: Incorrect key Debuff Effects.Health Down was corrected from null to its default, true. 
[03Jun2025 00:32:08.061] [Server thread/WARN] [net.minecraftforge.common.ForgeConfigSpec/CORE]: Incorrect key Debuff Effects.Hunger was corrected from null to its default, true. 
[03Jun2025 00:32:08.061] [Server thread/WARN] [net.minecraftforge.common.ForgeConfigSpec/CORE]: Incorrect key Debuff Effects.Amphibious Fatigue was corrected from null to its default, true. 
[03Jun2025 00:32:08.061] [Server thread/WARN] [net.minecraftforge.common.ForgeConfigSpec/CORE]: Incorrect key Debuff Effects.Pollination Dependency was corrected from null to its default, true. 
[03Jun2025 00:32:08.061] [Server thread/WARN] [net.minecraftforge.common.ForgeConfigSpec/CORE]: Incorrect key Debuff Effects.Hay Allergy was corrected from null to its default, true. 
[03Jun2025 00:32:08.061] [Server thread/WARN] [net.minecraftforge.common.ForgeConfigSpec/CORE]: Incorrect key Good Mutations was corrected from null to its default, SimpleCommentedConfig:{}. 
[03Jun2025 00:32:08.062] [Server thread/WARN] [net.minecraftforge.common.ForgeConfigSpec/CORE]: Incorrect key Good Mutations.Fast Regen was corrected from null to its default, true. 
[03Jun2025 00:32:08.062] [Server thread/WARN] [net.minecraftforge.common.ForgeConfigSpec/CORE]: Incorrect key Good Mutations.Speed Boost was corrected from null to its default, true. 
[03Jun2025 00:32:08.062] [Server thread/WARN] [net.minecraftforge.common.ForgeConfigSpec/CORE]: Incorrect key Good Mutations.Poison resistance was corrected from null to its default, true. 
[03Jun2025 00:32:08.062] [Server thread/WARN] [net.minecraftforge.common.ForgeConfigSpec/CORE]: Incorrect key Good Mutations.Blindness resistance was corrected from null to its default, true. 
[03Jun2025 00:32:08.063] [Server thread/WARN] [net.minecraftforge.common.ForgeConfigSpec/CORE]: Incorrect key Good Mutations.Self respiration was corrected from null to its default, true. 
[03Jun2025 00:32:08.063] [Server thread/WARN] [net.minecraftforge.common.ForgeConfigSpec/CORE]: Incorrect key Good Mutations.Strong skin was corrected from null to its default, true. 
[03Jun2025 00:32:08.063] [Server thread/WARN] [net.minecraftforge.common.ForgeConfigSpec/CORE]: Incorrect key Good Mutations.Climbing was corrected from null to its default, true. 
[03Jun2025 00:32:08.064] [Server thread/WARN] [net.minecraftforge.common.ForgeConfigSpec/CORE]: Incorrect key Good Mutations.Strenght was corrected from null to its default, true. 
[03Jun2025 00:32:08.064] [Server thread/WARN] [net.minecraftforge.common.ForgeConfigSpec/CORE]: Incorrect key Good Mutations.Night vision was corrected from null to its default, true. 
[03Jun2025 00:32:08.064] [Server thread/WARN] [net.minecraftforge.common.ForgeConfigSpec/CORE]: Incorrect key Good Mutations.Chameleon was corrected from null to its default, true. 
[03Jun2025 00:32:08.064] [Server thread/WARN] [net.minecraftforge.common.ForgeConfigSpec/CORE]: Incorrect key Good Mutations.Grass Eater was corrected from null to its default, true. 
[03Jun2025 00:32:08.064] [Server thread/WARN] [net.minecraftforge.common.ForgeConfigSpec/CORE]: Incorrect key Good Mutations.Water Camouflage was corrected from null to its default, true. 
[03Jun2025 00:32:08.064] [Server thread/WARN] [net.minecraftforge.common.ForgeConfigSpec/CORE]: Incorrect key Good Mutations.Bartering Instinct was corrected from null to its default, true. 
[03Jun2025 00:32:08.065] [Server thread/WARN] [net.minecraftforge.common.ForgeConfigSpec/CORE]: Incorrect key Good Mutations.Pollinator’s Grace was corrected from null to its default, true. 
[03Jun2025 00:32:08.066] [Server thread/WARN] [net.minecraftforge.common.ForgeConfigSpec/CORE]: Incorrect key Good Mutations.Hay Infusion was corrected from null to its default, true. 
[03Jun2025 00:32:08.066] [Server thread/WARN] [net.minecraftforge.common.ForgeConfigSpec/CORE]: Incorrect key Bad Mutations was corrected from null to its default, SimpleCommentedConfig:{}. 
[03Jun2025 00:32:08.066] [Server thread/WARN] [net.minecraftforge.common.ForgeConfigSpec/CORE]: Incorrect key Bad Mutations.Speed Bursts was corrected from null to its default, true. 
[03Jun2025 00:32:08.066] [Server thread/WARN] [net.minecraftforge.common.ForgeConfigSpec/CORE]: Incorrect key Bad Mutations.Water Allergy was corrected from null to its default, true. 
[03Jun2025 00:32:08.066] [Server thread/WARN] [net.minecraftforge.common.ForgeConfigSpec/CORE]: Incorrect key Bad Mutations.Light sensitive was corrected from null to its default, true. 
[03Jun2025 00:32:08.066] [Server thread/WARN] [net.minecraftforge.common.ForgeConfigSpec/CORE]: Incorrect key Bad Mutations.Fatigue was corrected from null to its default, true. 
[03Jun2025 00:32:08.067] [Server thread/WARN] [net.minecraftforge.common.ForgeConfigSpec/CORE]: Incorrect key Bad Mutations.Weak grip was corrected from null to its default, true. 
[03Jun2025 00:32:08.067] [Server thread/WARN] [net.minecraftforge.common.ForgeConfigSpec/CORE]: Incorrect key Bad Mutations.Night blindness was corrected from null to its default, true. 
[03Jun2025 00:32:08.067] [Server thread/WARN] [net.minecraftforge.common.ForgeConfigSpec/CORE]: Incorrect key Bad Mutations.Hyper metabolism was corrected from null to its default, true. 
[03Jun2025 00:32:08.067] [Server thread/WARN] [net.minecraftforge.common.ForgeConfigSpec/CORE]: Incorrect key Bad Mutations.Panic Attacks was corrected from null to its default, true. 
[03Jun2025 00:32:08.067] [Server thread/WARN] [net.minecraftforge.common.ForgeConfigSpec/CORE]: Incorrect key Bad Mutations.Paranoia was corrected from null to its default, true. 
[03Jun2025 00:32:08.067] [Server thread/WARN] [net.minecraftforge.common.ForgeConfigSpec/CORE]: Incorrect key Bad Mutations.Grass Dependency was corrected from null to its default, true. 
[03Jun2025 00:32:08.068] [Server thread/WARN] [net.minecraftforge.common.ForgeConfigSpec/CORE]: Incorrect key Bad Mutations.Emerald Fumes was corrected from null to its default, true. 
[03Jun2025 00:32:08.068] [Server thread/WARN] [net.minecraftforge.common.ForgeConfigSpec/CORE]: Incorrect key Bad Mutations.Honey D_P_C was corrected from null to its default, true. 
[03Jun2025 00:32:08.069] [Server thread/WARN] [net.minecraftforge.common.ForgeConfigSpec/CORE]: Incorrect key Transmission Types was corrected from null to its default, SimpleCommentedConfig:{}. 
[03Jun2025 00:32:08.069] [Server thread/WARN] [net.minecraftforge.common.ForgeConfigSpec/CORE]: Incorrect key Transmission Types.FoodBorne was corrected from null to its default, true. 
[03Jun2025 00:32:08.070] [Server thread/WARN] [net.minecraftforge.common.ForgeConfigSpec/CORE]: Incorrect key Transmission Types.WaterBorne was corrected from null to its default, true. 
[03Jun2025 00:32:08.070] [Server thread/WARN] [net.minecraftforge.common.ForgeConfigSpec/CORE]: Incorrect key Transmission Types.Contact-based was corrected from null to its default, true. 
[03Jun2025 00:32:08.070] [Server thread/WARN] [net.minecraftforge.common.ForgeConfigSpec/CORE]: Incorrect key Transmission Types.AirBorne was corrected from null to its default, true. 
[03Jun2025 00:32:08.366] [Server thread/INFO] [Framework/]: Loading server configs...
[03Jun2025 00:32:08.388] [Server thread/INFO] [zeta/]: Server starting, accepting filewatcher changes for zeta's config
[03Jun2025 00:32:08.390] [Server thread/INFO] [quark-zeta/]: Server starting, accepting filewatcher changes for quark's config
[03Jun2025 00:32:08.401] [Server thread/INFO] [net.minecraft.server.dedicated.DedicatedServer/]: Preparing level "world"
[03Jun2025 00:32:10.491] [Server thread/WARN] [net.minecraft.network.syncher.SynchedEntityData/]: defineId called for: class com.alexander.rootoffear.entities.Wilted from class com.alexander.rootoffear.entities.LightExtinguisher
[03Jun2025 00:32:10.492] [Server thread/WARN] [net.minecraft.network.syncher.SynchedEntityData/]: defineId called for: class com.alexander.rootoffear.entities.Wilted from class com.alexander.rootoffear.entities.LightExtinguisher
[03Jun2025 00:32:10.492] [Server thread/WARN] [net.minecraft.network.syncher.SynchedEntityData/]: defineId called for: class com.alexander.rootoffear.entities.Wilted from class com.alexander.rootoffear.entities.LightExtinguisher
[03Jun2025 00:32:22.798] [Server thread/INFO] [net.minecraft.server.MinecraftServer/]: Preparing start region for dimension minecraft:overworld
[03Jun2025 00:32:22.799] [Server thread/INFO] [KubeJS Server/]: Server resource reload complete!
[03Jun2025 00:32:23.253] [Worker-Main-3/INFO] [net.minecraft.server.level.progress.LoggerChunkProgressListener/]: Preparing spawn area: 0%
[03Jun2025 00:32:23.570] [Worker-Main-1/INFO] [net.minecraft.server.level.progress.LoggerChunkProgressListener/]: Preparing spawn area: 0%
[03Jun2025 00:32:23.889] [Worker-Main-2/INFO] [net.minecraft.server.level.progress.LoggerChunkProgressListener/]: Preparing spawn area: 0%
[03Jun2025 00:32:24.360] [Worker-Main-1/INFO] [net.minecraft.server.level.progress.LoggerChunkProgressListener/]: Preparing spawn area: 0%
[03Jun2025 00:32:24.841] [Worker-Main-2/INFO] [net.minecraft.server.level.progress.LoggerChunkProgressListener/]: Preparing spawn area: 0%
[03Jun2025 00:32:25.373] [Worker-Main-2/INFO] [net.minecraft.server.level.progress.LoggerChunkProgressListener/]: Preparing spawn area: 0%
[03Jun2025 00:32:25.819] [Worker-Main-2/INFO] [net.minecraft.server.level.progress.LoggerChunkProgressListener/]: Preparing spawn area: 0%
[03Jun2025 00:32:26.336] [Worker-Main-2/INFO] [net.minecraft.server.level.progress.LoggerChunkProgressListener/]: Preparing spawn area: 0%
[03Jun2025 00:32:26.806] [Worker-Main-1/INFO] [net.minecraft.server.level.progress.LoggerChunkProgressListener/]: Preparing spawn area: 0%
[03Jun2025 00:32:27.334] [Worker-Main-2/INFO] [net.minecraft.server.level.progress.LoggerChunkProgressListener/]: Preparing spawn area: 1%
[03Jun2025 00:32:27.833] [Worker-Main-1/INFO] [net.minecraft.server.level.progress.LoggerChunkProgressListener/]: Preparing spawn area: 1%
[03Jun2025 00:32:28.314] [Worker-Main-1/INFO] [net.minecraft.server.level.progress.LoggerChunkProgressListener/]: Preparing spawn area: 1%
[03Jun2025 00:32:28.818] [Worker-Main-2/INFO] [net.minecraft.server.level.progress.LoggerChunkProgressListener/]: Preparing spawn area: 2%
[03Jun2025 00:32:29.302] [Worker-Main-2/INFO] [net.minecraft.server.level.progress.LoggerChunkProgressListener/]: Preparing spawn area: 3%
[03Jun2025 00:32:29.807] [Worker-Main-1/INFO] [net.minecraft.server.level.progress.LoggerChunkProgressListener/]: Preparing spawn area: 3%
[03Jun2025 00:32:30.439] [Worker-Main-2/INFO] [net.minecraft.server.level.progress.LoggerChunkProgressListener/]: Preparing spawn area: 4%
[03Jun2025 00:32:30.806] [Worker-Main-2/INFO] [net.minecraft.server.level.progress.LoggerChunkProgressListener/]: Preparing spawn area: 4%
[03Jun2025 00:32:31.309] [Worker-Main-2/INFO] [net.minecraft.server.level.progress.LoggerChunkProgressListener/]: Preparing spawn area: 5%
[03Jun2025 00:32:31.801] [Worker-Main-2/INFO] [net.minecraft.server.level.progress.LoggerChunkProgressListener/]: Preparing spawn area: 6%
[03Jun2025 00:32:32.310] [Worker-Main-2/INFO] [net.minecraft.server.level.progress.LoggerChunkProgressListener/]: Preparing spawn area: 6%
[03Jun2025 00:32:32.806] [Worker-Main-1/INFO] [net.minecraft.server.level.progress.LoggerChunkProgressListener/]: Preparing spawn area: 7%
[03Jun2025 00:32:33.302] [Worker-Main-3/INFO] [net.minecraft.server.level.progress.LoggerChunkProgressListener/]: Preparing spawn area: 8%
[03Jun2025 00:32:34.003] [Worker-Main-3/INFO] [net.minecraft.server.level.progress.LoggerChunkProgressListener/]: Preparing spawn area: 9%
[03Jun2025 00:32:34.311] [Worker-Main-2/INFO] [net.minecraft.server.level.progress.LoggerChunkProgressListener/]: Preparing spawn area: 9%
[03Jun2025 00:32:34.800] [Worker-Main-3/INFO] [net.minecraft.server.level.progress.LoggerChunkProgressListener/]: Preparing spawn area: 10%
[03Jun2025 00:32:35.318] [Worker-Main-1/INFO] [net.minecraft.server.level.progress.LoggerChunkProgressListener/]: Preparing spawn area: 11%
[03Jun2025 00:32:35.799] [Worker-Main-3/INFO] [net.minecraft.server.level.progress.LoggerChunkProgressListener/]: Preparing spawn area: 11%
[03Jun2025 00:32:36.317] [Worker-Main-3/INFO] [net.minecraft.server.level.progress.LoggerChunkProgressListener/]: Preparing spawn area: 12%
[03Jun2025 00:32:36.807] [Worker-Main-3/INFO] [net.minecraft.server.level.progress.LoggerChunkProgressListener/]: Preparing spawn area: 13%
[03Jun2025 00:32:37.357] [Worker-Main-2/INFO] [net.minecraft.server.level.progress.LoggerChunkProgressListener/]: Preparing spawn area: 15%
[03Jun2025 00:32:37.810] [Worker-Main-2/INFO] [net.minecraft.server.level.progress.LoggerChunkProgressListener/]: Preparing spawn area: 15%
[03Jun2025 00:32:38.341] [Worker-Main-2/INFO] [net.minecraft.server.level.progress.LoggerChunkProgressListener/]: Preparing spawn area: 16%
[03Jun2025 00:32:38.824] [Worker-Main-3/INFO] [net.minecraft.server.level.progress.LoggerChunkProgressListener/]: Preparing spawn area: 17%
[03Jun2025 00:32:39.307] [Worker-Main-3/INFO] [net.minecraft.server.level.progress.LoggerChunkProgressListener/]: Preparing spawn area: 18%
[03Jun2025 00:32:39.808] [Worker-Main-2/INFO] [net.minecraft.server.level.progress.LoggerChunkProgressListener/]: Preparing spawn area: 19%
[03Jun2025 00:32:40.310] [Worker-Main-3/INFO] [net.minecraft.server.level.progress.LoggerChunkProgressListener/]: Preparing spawn area: 20%
[03Jun2025 00:32:40.806] [Worker-Main-3/INFO] [net.minecraft.server.level.progress.LoggerChunkProgressListener/]: Preparing spawn area: 21%
[03Jun2025 00:32:41.317] [Worker-Main-3/INFO] [net.minecraft.server.level.progress.LoggerChunkProgressListener/]: Preparing spawn area: 22%
[03Jun2025 00:32:41.822] [Worker-Main-2/INFO] [net.minecraft.server.level.progress.LoggerChunkProgressListener/]: Preparing spawn area: 23%
[03Jun2025 00:32:42.341] [Worker-Main-2/INFO] [net.minecraft.server.level.progress.LoggerChunkProgressListener/]: Preparing spawn area: 24%
[03Jun2025 00:32:42.429] [Server thread/INFO] [dev.corgitaco.enhancedcelestials.EnhancedCelestials/]: Possible lunar events for dimension "minecraft:overworld" are [enhancedcelestials:blood_moon, enhancedcelestials:super_moon, enhancedcelestials:super_harvest_moon, enhancedcelestials:super_blue_moon, enhancedcelestials:harvest_moon, enhancedcelestials:super_blood_moon, enhancedcelestials:blue_moon].
[03Jun2025 00:32:42.805] [Worker-Main-2/INFO] [net.minecraft.server.level.progress.LoggerChunkProgressListener/]: Preparing spawn area: 25%
[03Jun2025 00:32:43.311] [Worker-Main-1/INFO] [net.minecraft.server.level.progress.LoggerChunkProgressListener/]: Preparing spawn area: 27%
[03Jun2025 00:32:43.814] [Worker-Main-3/INFO] [net.minecraft.server.level.progress.LoggerChunkProgressListener/]: Preparing spawn area: 28%
[03Jun2025 00:32:44.306] [Worker-Main-3/INFO] [net.minecraft.server.level.progress.LoggerChunkProgressListener/]: Preparing spawn area: 29%
[03Jun2025 00:32:44.799] [Worker-Main-2/INFO] [net.minecraft.server.level.progress.LoggerChunkProgressListener/]: Preparing spawn area: 30%
[03Jun2025 00:32:45.304] [Worker-Main-1/INFO] [net.minecraft.server.level.progress.LoggerChunkProgressListener/]: Preparing spawn area: 31%
[03Jun2025 00:32:45.809] [Worker-Main-3/INFO] [net.minecraft.server.level.progress.LoggerChunkProgressListener/]: Preparing spawn area: 32%
[03Jun2025 00:32:46.315] [Worker-Main-3/INFO] [net.minecraft.server.level.progress.LoggerChunkProgressListener/]: Preparing spawn area: 32%
[03Jun2025 00:32:46.799] [Worker-Main-3/INFO] [net.minecraft.server.level.progress.LoggerChunkProgressListener/]: Preparing spawn area: 33%
[03Jun2025 00:32:47.349] [Worker-Main-3/INFO] [net.minecraft.server.level.progress.LoggerChunkProgressListener/]: Preparing spawn area: 34%
[03Jun2025 00:32:47.802] [Worker-Main-3/INFO] [net.minecraft.server.level.progress.LoggerChunkProgressListener/]: Preparing spawn area: 35%
[03Jun2025 00:32:48.305] [Worker-Main-3/INFO] [net.minecraft.server.level.progress.LoggerChunkProgressListener/]: Preparing spawn area: 37%
[03Jun2025 00:32:48.799] [Worker-Main-1/INFO] [net.minecraft.server.level.progress.LoggerChunkProgressListener/]: Preparing spawn area: 38%
[03Jun2025 00:32:49.308] [Worker-Main-1/INFO] [net.minecraft.server.level.progress.LoggerChunkProgressListener/]: Preparing spawn area: 39%
[03Jun2025 00:32:49.812] [Worker-Main-2/INFO] [net.minecraft.server.level.progress.LoggerChunkProgressListener/]: Preparing spawn area: 40%
[03Jun2025 00:32:50.313] [Worker-Main-3/INFO] [net.minecraft.server.level.progress.LoggerChunkProgressListener/]: Preparing spawn area: 42%
[03Jun2025 00:32:50.800] [Worker-Main-3/INFO] [net.minecraft.server.level.progress.LoggerChunkProgressListener/]: Preparing spawn area: 42%
[03Jun2025 00:32:51.300] [Worker-Main-2/INFO] [net.minecraft.server.level.progress.LoggerChunkProgressListener/]: Preparing spawn area: 43%
[03Jun2025 00:32:51.806] [Worker-Main-3/INFO] [net.minecraft.server.level.progress.LoggerChunkProgressListener/]: Preparing spawn area: 44%
[03Jun2025 00:32:52.345] [Worker-Main-2/INFO] [net.minecraft.server.level.progress.LoggerChunkProgressListener/]: Preparing spawn area: 45%
[03Jun2025 00:32:52.823] [Worker-Main-1/INFO] [net.minecraft.server.level.progress.LoggerChunkProgressListener/]: Preparing spawn area: 46%
[03Jun2025 00:32:53.307] [Worker-Main-3/INFO] [net.minecraft.server.level.progress.LoggerChunkProgressListener/]: Preparing spawn area: 47%
[03Jun2025 00:32:53.850] [Worker-Main-1/INFO] [net.minecraft.server.level.progress.LoggerChunkProgressListener/]: Preparing spawn area: 49%
[03Jun2025 00:32:54.313] [Worker-Main-1/INFO] [net.minecraft.server.level.progress.LoggerChunkProgressListener/]: Preparing spawn area: 50%
[03Jun2025 00:32:54.799] [Worker-Main-1/INFO] [net.minecraft.server.level.progress.LoggerChunkProgressListener/]: Preparing spawn area: 51%
[03Jun2025 00:32:55.315] [Worker-Main-2/INFO] [net.minecraft.server.level.progress.LoggerChunkProgressListener/]: Preparing spawn area: 52%
[03Jun2025 00:32:55.809] [Worker-Main-1/INFO] [net.minecraft.server.level.progress.LoggerChunkProgressListener/]: Preparing spawn area: 54%
[03Jun2025 00:32:56.316] [Worker-Main-2/INFO] [net.minecraft.server.level.progress.LoggerChunkProgressListener/]: Preparing spawn area: 54%
[03Jun2025 00:32:56.801] [Worker-Main-3/INFO] [net.minecraft.server.level.progress.LoggerChunkProgressListener/]: Preparing spawn area: 56%
[03Jun2025 00:32:57.299] [Worker-Main-3/INFO] [net.minecraft.server.level.progress.LoggerChunkProgressListener/]: Preparing spawn area: 56%
[03Jun2025 00:32:57.813] [Worker-Main-3/INFO] [net.minecraft.server.level.progress.LoggerChunkProgressListener/]: Preparing spawn area: 57%
[03Jun2025 00:32:58.349] [Worker-Main-1/INFO] [net.minecraft.server.level.progress.LoggerChunkProgressListener/]: Preparing spawn area: 59%
[03Jun2025 00:32:58.808] [Worker-Main-1/INFO] [net.minecraft.server.level.progress.LoggerChunkProgressListener/]: Preparing spawn area: 60%
[03Jun2025 00:32:59.307] [Worker-Main-2/INFO] [net.minecraft.server.level.progress.LoggerChunkProgressListener/]: Preparing spawn area: 62%
[03Jun2025 00:32:59.806] [Worker-Main-2/INFO] [net.minecraft.server.level.progress.LoggerChunkProgressListener/]: Preparing spawn area: 63%
[03Jun2025 00:33:00.302] [Worker-Main-3/INFO] [net.minecraft.server.level.progress.LoggerChunkProgressListener/]: Preparing spawn area: 65%
[03Jun2025 00:33:00.802] [Worker-Main-2/INFO] [net.minecraft.server.level.progress.LoggerChunkProgressListener/]: Preparing spawn area: 66%
[03Jun2025 00:33:01.314] [Worker-Main-1/INFO] [net.minecraft.server.level.progress.LoggerChunkProgressListener/]: Preparing spawn area: 68%
[03Jun2025 00:33:01.824] [Worker-Main-1/INFO] [net.minecraft.server.level.progress.LoggerChunkProgressListener/]: Preparing spawn area: 68%
[03Jun2025 00:33:02.304] [Worker-Main-1/INFO] [net.minecraft.server.level.progress.LoggerChunkProgressListener/]: Preparing spawn area: 69%
[03Jun2025 00:33:02.804] [Worker-Main-1/INFO] [net.minecraft.server.level.progress.LoggerChunkProgressListener/]: Preparing spawn area: 69%
[03Jun2025 00:33:03.351] [Worker-Main-3/INFO] [net.minecraft.server.level.progress.LoggerChunkProgressListener/]: Preparing spawn area: 71%
[03Jun2025 00:33:03.877] [Worker-Main-3/INFO] [net.minecraft.server.level.progress.LoggerChunkProgressListener/]: Preparing spawn area: 72%
[03Jun2025 00:33:04.333] [Worker-Main-1/INFO] [net.minecraft.server.level.progress.LoggerChunkProgressListener/]: Preparing spawn area: 73%
[03Jun2025 00:33:04.799] [Worker-Main-2/INFO] [net.minecraft.server.level.progress.LoggerChunkProgressListener/]: Preparing spawn area: 75%
[03Jun2025 00:33:05.303] [Worker-Main-2/INFO] [net.minecraft.server.level.progress.LoggerChunkProgressListener/]: Preparing spawn area: 76%
[03Jun2025 00:33:05.806] [Worker-Main-3/INFO] [net.minecraft.server.level.progress.LoggerChunkProgressListener/]: Preparing spawn area: 78%
[03Jun2025 00:33:06.315] [Worker-Main-3/INFO] [net.minecraft.server.level.progress.LoggerChunkProgressListener/]: Preparing spawn area: 79%
[03Jun2025 00:33:06.807] [Worker-Main-2/INFO] [net.minecraft.server.level.progress.LoggerChunkProgressListener/]: Preparing spawn area: 81%
[03Jun2025 00:33:07.299] [Worker-Main-2/INFO] [net.minecraft.server.level.progress.LoggerChunkProgressListener/]: Preparing spawn area: 83%
[03Jun2025 00:33:07.804] [Worker-Main-3/INFO] [net.minecraft.server.level.progress.LoggerChunkProgressListener/]: Preparing spawn area: 83%
[03Jun2025 00:33:08.304] [Worker-Main-1/INFO] [net.minecraft.server.level.progress.LoggerChunkProgressListener/]: Preparing spawn area: 84%
[03Jun2025 00:33:08.821] [Worker-Main-1/INFO] [net.minecraft.server.level.progress.LoggerChunkProgressListener/]: Preparing spawn area: 86%
[03Jun2025 00:33:09.311] [Worker-Main-3/INFO] [net.minecraft.server.level.progress.LoggerChunkProgressListener/]: Preparing spawn area: 86%
[03Jun2025 00:33:09.804] [Worker-Main-3/INFO] [net.minecraft.server.level.progress.LoggerChunkProgressListener/]: Preparing spawn area: 88%
[03Jun2025 00:33:10.303] [Worker-Main-1/INFO] [net.minecraft.server.level.progress.LoggerChunkProgressListener/]: Preparing spawn area: 89%
[03Jun2025 00:33:10.814] [Worker-Main-2/INFO] [net.minecraft.server.level.progress.LoggerChunkProgressListener/]: Preparing spawn area: 91%
[03Jun2025 00:33:11.309] [Worker-Main-3/INFO] [net.minecraft.server.level.progress.LoggerChunkProgressListener/]: Preparing spawn area: 93%
[03Jun2025 00:33:11.807] [Worker-Main-3/INFO] [net.minecraft.server.level.progress.LoggerChunkProgressListener/]: Preparing spawn area: 94%
[03Jun2025 00:33:12.301] [Worker-Main-1/INFO] [net.minecraft.server.level.progress.LoggerChunkProgressListener/]: Preparing spawn area: 95%
[03Jun2025 00:33:12.878] [Worker-Main-3/INFO] [net.minecraft.server.level.progress.LoggerChunkProgressListener/]: Preparing spawn area: 97%
[03Jun2025 00:33:13.305] [Worker-Main-1/INFO] [net.minecraft.server.level.progress.LoggerChunkProgressListener/]: Preparing spawn area: 98%
[03Jun2025 00:33:13.561] [Server thread/INFO] [net.minecraft.server.level.progress.LoggerChunkProgressListener/]: Time elapsed: 50763 ms
[03Jun2025 00:33:13.562] [Server thread/INFO] [net.minecraft.server.dedicated.DedicatedServer/]: Done (66.425s)! For help, type "help"
[03Jun2025 00:33:13.631] [Server thread/INFO] [net.minecraftforge.server.permission.PermissionAPI/]: Successfully initialized permission handler forge:default_handler
[03Jun2025 00:33:13.632] [Server thread/INFO] [cuffed/]: Running server setup for Cuffed
[03Jun2025 00:33:13.640] [Server thread/INFO] [com.github.alexthe666.iceandfire.IceAndFire/]: {iceandfire:fire_dragon_roost=true, iceandfire:fire_lily=true, iceandfire:spawn_dragon_skeleton_fire=true, iceandfire:lightning_dragon_roost=true, iceandfire:spawn_dragon_skeleton_lightning=true, iceandfire:ice_dragon_roost=true, iceandfire:ice_dragon_cave=true, iceandfire:lightning_dragon_cave=true, iceandfire:cyclops_cave=true, iceandfire:spawn_wandering_cyclops=true, iceandfire:spawn_sea_serpent=true, iceandfire:frost_lily=true, iceandfire:hydra_cave=true, iceandfire:lightning_lily=true, iceandfire:pixie_village=true, iceandfire:myrmex_hive_jungle=true, iceandfire:myrmex_hive_desert=true, iceandfire:silver_ore=true, iceandfire:siren_island=true, iceandfire:spawn_dragon_skeleton_ice=true, iceandfire:spawn_stymphalian_bird=true, iceandfire:fire_dragon_cave=true, iceandfire:sapphire_ore=true, iceandfire:spawn_hippocampus=true, iceandfire:spawn_death_worm=true}
[03Jun2025 00:33:13.640] [Server thread/INFO] [com.github.alexthe666.iceandfire.IceAndFire/]: {TROLL_S=true, HIPPOGRYPH=true, AMPHITHERE=true, COCKATRICE=true, TROLL_M=true, DREAD_LICH=true, TROLL_F=true}
[03Jun2025 00:33:14.757] [Server thread/INFO] [melonslise.locks.Locks/]: Block{minecraft:chest}[facing=east,type=single,waterlogged=false]
[03Jun2025 00:33:14.765] [Server thread/INFO] [melonslise.locks.Locks/]: Block{minecraft:barrel}[facing=up,open=false]
[03Jun2025 00:33:14.767] [Server thread/INFO] [melonslise.locks.Locks/]: Block{minecraft:chest}[facing=east,type=single,waterlogged=false]
[03Jun2025 00:33:14.768] [Server thread/INFO] [melonslise.locks.Locks/]: Block{minecraft:chest}[facing=east,type=single,waterlogged=false]
[03Jun2025 00:33:14.769] [Server thread/INFO] [melonslise.locks.Locks/]: Block{minecraft:barrel}[facing=up,open=false]
[03Jun2025 00:33:14.770] [Server thread/INFO] [melonslise.locks.Locks/]: Block{minecraft:barrel}[facing=up,open=false]
[03Jun2025 00:33:14.771] [Server thread/INFO] [melonslise.locks.Locks/]: Block{minecraft:barrel}[facing=up,open=false]
[03Jun2025 00:33:14.772] [Server thread/INFO] [melonslise.locks.Locks/]: Block{quark:dark_oak_chest}[facing=south,type=single,waterlogged=false]
[03Jun2025 00:33:14.773] [Server thread/INFO] [melonslise.locks.Locks/]: Block{minecraft:barrel}[facing=up,open=false]
[03Jun2025 00:33:14.773] [Server thread/INFO] [melonslise.locks.Locks/]: Block{minecraft:barrel}[facing=west,open=false]
[03Jun2025 00:33:14.774] [Server thread/INFO] [melonslise.locks.Locks/]: Block{minecraft:barrel}[facing=north,open=false]
[03Jun2025 00:33:14.776] [Server thread/INFO] [melonslise.locks.Locks/]: Block{quark:blossom_chest}[facing=east,type=single,waterlogged=false]
[03Jun2025 00:33:14.777] [Server thread/INFO] [melonslise.locks.Locks/]: Block{minecraft:barrel}[facing=up,open=false]
[03Jun2025 00:33:14.777] [Server thread/INFO] [melonslise.locks.Locks/]: Block{minecraft:chest}[facing=north,type=single,waterlogged=false]
[03Jun2025 00:33:14.778] [Server thread/INFO] [melonslise.locks.Locks/]: Block{minecraft:barrel}[facing=up,open=false]
[03Jun2025 00:33:14.779] [Server thread/INFO] [melonslise.locks.Locks/]: Block{minecraft:chest}[facing=east,type=single,waterlogged=false]
[03Jun2025 00:33:14.781] [Server thread/INFO] [melonslise.locks.Locks/]: Block{minecraft:chest}[facing=north,type=single,waterlogged=false]
[03Jun2025 00:33:14.781] [Server thread/INFO] [melonslise.locks.Locks/]: Block{quark:jungle_chest}[facing=west,type=single,waterlogged=false]
[03Jun2025 00:33:14.782] [Server thread/INFO] [melonslise.locks.Locks/]: Block{minecraft:barrel}[facing=up,open=false]
[03Jun2025 00:33:14.784] [Server thread/INFO] [melonslise.locks.Locks/]: Block{minecraft:chest}[facing=east,type=single,waterlogged=false]
[03Jun2025 00:33:14.784] [Server thread/INFO] [melonslise.locks.Locks/]: Block{minecraft:chest}[facing=south,type=single,waterlogged=false]
[03Jun2025 00:33:14.787] [Server thread/INFO] [melonslise.locks.Locks/]: Block{minecraft:barrel}[facing=up,open=false]
[03Jun2025 00:33:14.788] [Server thread/INFO] [melonslise.locks.Locks/]: Block{quark:acacia_chest}[facing=south,type=single,waterlogged=false]
[03Jun2025 00:33:14.788] [Server thread/INFO] [melonslise.locks.Locks/]: Block{minecraft:barrel}[facing=south,open=false]
[03Jun2025 00:33:14.789] [Server thread/INFO] [melonslise.locks.Locks/]: Block{minecraft:barrel}[facing=up,open=false]
[03Jun2025 00:33:14.789] [Server thread/INFO] [melonslise.locks.Locks/]: Block{minecraft:barrel}[facing=west,open=false]
[03Jun2025 00:33:14.790] [Server thread/INFO] [melonslise.locks.Locks/]: Block{quark:oak_chest}[facing=east,type=single,waterlogged=false]
[03Jun2025 00:33:14.790] [Server thread/INFO] [melonslise.locks.Locks/]: Block{minecraft:barrel}[facing=up,open=false]
[03Jun2025 00:33:14.793] [Server thread/INFO] [melonslise.locks.Locks/]: Block{minecraft:barrel}[facing=north,open=false]
[03Jun2025 00:33:14.794] [Server thread/INFO] [melonslise.locks.Locks/]: Block{minecraft:barrel}[facing=east,open=false]
[03Jun2025 00:33:15.907] [pool-9-thread-1/INFO] [Supplementaries/]: Searching for closest structure among [ResourceKey[minecraft:worldgen/structure / minecraft:village_taiga], ResourceKey[minecraft:worldgen/structure / minecraft:village_desert], ResourceKey[minecraft:worldgen/structure / minecraft:village_plains], ResourceKey[minecraft:worldgen/structure / minecraft:village_savanna], ResourceKey[minecraft:worldgen/structure / minecraft:village_snowy]] from pos BlockPos{x=37, y=75, z=11}
[03Jun2025 00:33:15.942] [Server thread/WARN] [net.minecraft.server.MinecraftServer/]: Can't keep up! Is the server overloaded? Running 2073ms or 41 ticks behind
[03Jun2025 00:33:21.607] [Server thread/INFO] [com.github.alexthe666.alexsmobs.AlexsMobs/]: Found Pupfish chunk at -961 ~ -480 after 8 tries
[03Jun2025 00:33:37.373] [Server thread/INFO] [net.minecraft.server.MinecraftServer/]: Stopping server
[03Jun2025 00:33:37.374] [Server thread/INFO] [net.minecraft.server.MinecraftServer/]: Saving players
[03Jun2025 00:33:37.374] [Server thread/INFO] [net.minecraft.server.MinecraftServer/]: Saving worlds
[03Jun2025 00:33:38.182] [Server thread/INFO] [net.minecraft.server.MinecraftServer/]: Saving chunks for level 'ServerLevel[world]'/minecraft:overworld
[03Jun2025 00:33:40.778] [Server thread/INFO] [net.minecraft.server.MinecraftServer/]: Saving chunks for level 'ServerLevel[world]'/deeperdarker:otherside
[03Jun2025 00:33:40.778] [Server thread/INFO] [net.minecraft.server.MinecraftServer/]: Saving chunks for level 'ServerLevel[world]'/minecraft:the_end
[03Jun2025 00:33:40.779] [Server thread/INFO] [net.minecraft.server.MinecraftServer/]: Saving chunks for level 'ServerLevel[world]'/voidscape:void
[03Jun2025 00:33:40.779] [Server thread/INFO] [net.minecraft.server.MinecraftServer/]: Saving chunks for level 'ServerLevel[world]'/createteleporters:pocket_dimension
[03Jun2025 00:33:40.780] [Server thread/INFO] [net.minecraft.server.MinecraftServer/]: Saving chunks for level 'ServerLevel[world]'/minecraft:the_nether
[03Jun2025 00:33:40.893] [Server thread/INFO] [net.minecraft.server.MinecraftServer/]: ThreadedAnvilChunkStorage (world): All chunks are saved
[03Jun2025 00:33:40.893] [Server thread/INFO] [net.minecraft.server.MinecraftServer/]: ThreadedAnvilChunkStorage (otherside): All chunks are saved
[03Jun2025 00:33:40.893] [Server thread/INFO] [net.minecraft.server.MinecraftServer/]: ThreadedAnvilChunkStorage (DIM1): All chunks are saved
[03Jun2025 00:33:40.893] [Server thread/INFO] [net.minecraft.server.MinecraftServer/]: ThreadedAnvilChunkStorage (void): All chunks are saved
[03Jun2025 00:33:40.893] [Server thread/INFO] [net.minecraft.server.MinecraftServer/]: ThreadedAnvilChunkStorage (pocket_dimension): All chunks are saved
[03Jun2025 00:33:40.893] [Server thread/INFO] [net.minecraft.server.MinecraftServer/]: ThreadedAnvilChunkStorage (DIM-1): All chunks are saved
[03Jun2025 00:33:40.893] [Server thread/INFO] [net.minecraft.server.MinecraftServer/]: ThreadedAnvilChunkStorage: All dimensions are saved
[03Jun2025 00:33:40.921] [Server thread/INFO] [Framework/]: Unloading server configs...
[03Jun2025 00:33:40.922] [Server thread/INFO] [Framework/]: Sending config unload event for goblintraders-entities.toml
[03Jun2025 00:33:40.924] [Server thread/INFO] [Framework/]: Finished unloading server configs
